id,text,word_count,language,source,source_type,collection_date,sdg_labels,primary_sdg,sdg_targets,confidence,annotation_notes
331a4bf2,"204 The Impact of Pradhan Mantri Kisan Samman Nidhi Scheme on the Farm Income of Beneficiaries in Uttar Pradesh Study Sponsored by Ministry of Agriculture and Government of India, New Delhi Agro-Economic Research Centre University of Allahabad Pradhan Mantri Kisan Samman Nidhi (PM-KISAN) is a new Central Sector Scheme to provide income support to all landholding farmers' families in the country to supplement their financial needs for procuring various inputs related to agriculture and allied activities as well as domestic needs. Under the PM-KISAN scheme, all landholding farmers' families shall be provided the financial benefit of Rs. 6000 per annum per family payable in three equal instalments of Rs. 2000 each, every four months.",114,en,PM_Kisan_PDF_Final,government_document,2026-05-07,"[2, 8]",2,,high,text discusses crop yield and farm labour costs
55092454,"PM-Kisan Samman Nidhi Yojana was announced on February 1, 2019, during the Interim-Union Budget 2019 and was effective from December 2018. Prime Minister Narendra Modi launched PM-Kisan Samman Nidhi Yojana on February 24, 2019, in Gorakhpur. PM Modi transferred the first instalment to 1 Crore farmers of Rs. 2000 each ahead of the Lok Sabha Elections 2019. The scheme aims to strengthen the financial capability of the farmers in procuring agricultural inputs and encourage adoption of modern techniques in the crops to obtain optimum yield. Apart from this, it also helps in reducing the liquidity constraints and easing the access to credit. The programme is totally funded by the Government of India. At present 2 crores, 56 lakh farmers of Uttar Pradesh are covered under the scheme.",127,en,PM_Kisan_PDF_Final,government_document,2026-05-07,"[2, 8]",2,,high,text discusses crop yield and farm labour costs
a1ad3ed3,"Out of the total 10 crore 46 lakh beneficiaries under this scheme in the country in 2018-19, more than 26.93 per cent belonged to U.P alone. Therefore, it was relevant to know the outcome of this huge investment at the ground level. In order to know the impact of this scheme on the farm income of the beneficiaries, a study has been conducted by the Agro-Economic Research Centre of University of Allahabad, Prayagraj in the third week of May 2022, taking 2020-21 and 2021-22 as the reference year. In this context, 120 beneficiaries and 120 non- beneficiaries were selected from 4 districts of 4 different economic regions of Uttar Pradesh.",110,en,PM_Kisan_PDF_Final,government_document,2026-05-07,"[2, 8]",2,,high,text discusses crop yield and farm labour costs
3f61041f,"A comparative analysis has been done to measure the impact of the scheme on the farm income of the beneficiaries with the non-beneficiaries. The report has been meticulously drafted by Mr. Singh, Ex-Research Officer of the Centre, under my guidance and supervision. Rajesh Kumar, Director of Agriculture, Statistics and Crop Insurance of Uttar Pradesh, provided his full support and cooperation to the research team of the Centre during the collection of the secondary and primary data for the study. I am highly obliged to him. We are also thankful to Shri. B.K Sisodia, Additional Director of Agriculture (PM-Kisan Division) and Deputy Directors of the concerned districts, (Azamgarh, Hardoi, Shahjahanpur and Jhansi) who extended their perennial support to the team. I am thankful to all of them.",126,en,PM_Kisan_PDF_Final,government_document,2026-05-07,"[2, 8]",2,,high,text discusses crop yield and farm labour costs
1fb8e5c1,"I am also highly obliged to the selected sample farmers for sharing with us their valuable information and experiences. Malviya of the Centre had put a lot of effort from the planning to the completion of this study. Their efforts are praiseworthy for which they deserve due credit. Divya Tiwari typed the entire report. Their efforts are also acknowledged. Ramesh Yadav, Assistant Economic Adviser (AER), Ministry of Agriculture and Farmers Welfare, Directorate of Economics & Statistics provided valuable suggestions for the improvement of the study proposal. I am grateful to him for his I strongly believe that the present report would be useful for policy makers and researchers as All the comments and suggestions for the improvement in this report of the study will be acknowledged thankfully.",127,en,PM_Kisan_PDF_Final,government_document,2026-05-07,"[2, 8]",2,,high,text discusses crop yield and farm labour costs
132b9142,Agro-Economic Research Centre Javed Akhtar University of Allahabad Coordinator Javed Akhtar Overall Supervision Mr. R.O) Supervision of the analysis of data and Mr. Hasib Ahmad Planning and conducting of the field survey along with the tabulation and analysis of the Dr. Malviya Field Survey Dr. Tinku Paul Editing of report as per comments & presentation of report Posting of data and Typing of the Report Ms. Divya Tiwari Typing of the Report Mr. Singh Secretarial Services Mr.,77,en,PM_Kisan_PDF_Final,government_document,2026-05-07,"[2, 8]",2,,high,text discusses crop yield and farm labour costs
f99b9127,"Upadhyay & Support Service Chapter–VI Opinion and Views of the Sample Beneficiary Farmers Related to 45-49 the Pros and Cons of the Pradhan Mantri Kisan Samman Nidhi VI.2 Opinion of Beneficiaries Farmers about PM-Kisan Scheme 47-48 VI.3 Suggestions for the Scheme 48-49 Chapter–VII Summary, Conclusion and Policy Implication 50-57 VII.1 Conclusion and Probable Solution 50-52 VII.2 Socio-Economic Status of Sample Beneficiaries and Non- 52 VII.3 Land Utilization and Cropping Pattern on the Sample Farms 52-53 VII.4 Cost of Cultivation of Different Crops on the Sample Farms 53 VII.5 Pattern of Utilisation of Funds of the PM-Kisan Scheme 53-54 VII.6 Production and Income of the Beneficiary Farms Vs.",107,en,PM_Kisan_PDF_Final,government_document,2026-05-07,"[2, 8]",2,,high,text discusses crop yield and farm labour costs
cb0286d3,"Non-beneficiary 54-55 VII.7 Policy Implications 55-57 AERC - Agro-Economic Research Centre ADRTC - Agricultural Development and Rural Transformation PM-Kisan - Pradhan Mantri Krishi Samman Nidhi DPAD - Drought Prone Area Development DADP - District Area Development Programme FDWS - Farm Debt Waiver Scheme FMB - Farm Machinery Bank ISEC - Institute of Social and Economic Change KCC - Kisan Credit Card DBT - Direct Benefit Transfer SHC - Soil Health Card VAA - Value Added Applicability KVK - Krishi Vigyan Kendra MSP - Minimum Support Prices ICAR - Indian Council of Agriculture Research IFPRI - International Food Policy Research Institute KALLIA - Krushak Assistance for Livelihood and Income Augmentation GC - Gross Cropped Area The PM-Kisan Scheme was launched on December 1st, 2018 across the country.",126,en,PM_Kisan_PDF_Final,government_document,2026-05-07,"[2, 8]",2,,high,text discusses crop yield and farm labour costs
bffceff2,"The fore most objective of this scheme is to provide financial support to the farmers to procure agricultural inputs for getting better yield from the crops. The liquidity constraints, lack of information, credit etc. are the major hurdles in the way of better adoption of the modern techniques in the agriculture. The cash transfer under this scheme strengthens the financial capability of the beneficiaries to spend more money on the purchase of the agricultural inputs and useful in adoption of modern techniques in agriculture. It is very helpful in easing the credit and liquidity constraints in purchasing the agricultural inputs. The cash under this scheme is transferred directly through the DBT system in the bank accounts of the beneficiaries.",119,en,PM_Kisan_PDF_Final,government_document,2026-05-07,"[2, 8]",2,,high,text discusses crop yield and farm labour costs
6a64cf55,"More than 10 crore, 46 lakh farmers of the country have been covered under this scheme during 2018-19, of which the share of U.P is highest being 26.93 per cent. Empirical Findings of the Study In order to know the impact of the scheme on farm income of the beneficiaries, the study had been undertaken by the Agro-Economic Research Centre, University of Allahabad, Prayagraj in third week of May 2022 taking 2020-21 and 2022 as the reference year. Socio-Economic status of Sample Beneficiaries and Non-beneficiaries 46.67 per cent of sample beneficiary families belonged to OBC followed by 29.17 per cent and 24.16 per cent of General and SC/ST categories respectively.",110,en,PM_Kisan_PDF_Final,government_document,2026-05-07,"[2, 8]",2,,high,text discusses crop yield and farm labour costs
265f26de,"It was observed that 98.34% of the sample beneficiaries and 99.17% of the non-sample beneficiaries owned up to 2 hectares of land. It shows that the sample farmers were generally small and marginal. Out of total respondents of sample families only 66.67 per cent were educated. Illiteracy still persists among the farmers. Out of total 340 members of 120 samples beneficiary families, 53.24 per cent was engaged in non-farming activities against 46.76 per cent engaged in Land Utilization and Cropping Pattern Land owned was totally irrigated and used for cultivation. The average land holding of the sample beneficiary farmers was 0.71 hectare against 0.60 hectares of the nom-sample beneficiary farmers. Per farm owned land was 0.71 hectare on the sample beneficiary farms against 0.60 hectare on non-sample beneficiary farms.",129,en,PM_Kisan_PDF_Final,government_document,2026-05-07,"[2, 8]",2,,high,text discusses crop yield and farm labour costs
7a1dcdfe,"Both the sample beneficiary and non- beneficiary farmer had not leased-out their land during the reference period. The leasing practice of the land was not prevalent in the study areas. Cropping intensity was 168.20 per cent and 168.01 per cent on beneficiary and non- beneficiary farms respectively. It was observed that the sample beneficiary and non-beneficiary farmers had sown mainly the Kharif and Rabi crops on their farms in the reference year. Of the gross cropped area, cereals were sowed on 77.35%, pulses on 18.70% and oilseeds on 3.95% on the sample beneficiary farms. Paddy and wheat were the two major cereals which together accounted for 77.35 per cent of the gross cropped area on the sample beneficiary farms.",119,en,PM_Kisan_PDF_Final,government_document,2026-05-07,"[2, 8]",2,,high,text discusses crop yield and farm labour costs
3de1f66c,"Among all the crops, share of wheat was 45.07 per cent and the share of paddy was 32.28 per cent on the sample farms. The non-sample, beneficiary farms also depicted the same cropping pattern. Preference of the farmers was for wheat and paddy on both the sample farms. Among the oilseeds, groundnut and mustard were the dominant crops on the sample farms during the same period. The preference of the sample farmers was for paddy and wheat. It appears that these crops have limited risk in comparison to oilseeds and pulses. Due to the assured return from these two crops, farmers spend more capital on paddy and wheat as compared to oilseeds and pulses.",114,en,PM_Kisan_PDF_Final,government_document,2026-05-07,"[2, 8]",2,,high,text discusses crop yield and farm labour costs
e42ad799,"Per Hectare cost of production on different crops on the sample farms The main crops grown were wheat and paddy by both the sample beneficiary as well as non- beneficiary farmers. Per hectare cost of production of wheat and paddy was estimated at Rs. 40,583 on sample beneficiary farms respectively. In case of non-sample beneficiary farms, per hectare cost of production of wheat and paddy was Rs. 37,937 respectively during the reference year. The total input costs of all crops on sample beneficiary farms were Rs. 38.77% of the total cost was incurred on the purchase of material inputs .31.80% was paid as rent on machinery. 14.43% on labour and wages and rest 15% was spent on other related inputs.",120,en,PM_Kisan_PDF_Final,government_document,2026-05-07,"[2, 8]",2,,high,text discusses crop yield and farm labour costs
537e0043,"It shows that the sample beneficiary farmers had given due weightage to the purchase of seeds, fertilizers and pesticides. The analysis also indicates that total per hectare costs of production of all the crops on the sample beneficiary farms in 2020-21 worked out to be Rs. 33003, out of which the share of PM-Kisan Scheme was only 9.65%. This was due to the diversion of the funds to unproductive purposes. Pattern of the utilisation of the funds of the PM-Kisan Scheme All the selected 120 beneficiaries were regularly getting Rs. 6,000 per annum from 2019-20 to 2020-21, under this scheme. The data reveals that out of Rs.7,20,000 of the PM-Kisan Scheme during 2020-21, Rs.4,60,700 (63.99%) was used in agriculture while the rest Rs.2,59,300 (36.01%) was used in non-agriculture purposes.",129,en,PM_Kisan_PDF_Final,government_document,2026-05-07,"[2, 8]",2,,high,text discusses crop yield and farm labour costs
b924e26a,"Of the total amount of Rs.4, 60,700 incurred on agriculture cultivation, the maximum amount of 40.82% was spent on ploughing followed by 22.69% and 21.01% on fertilizers and seeds respectively. While the pesticides, irrigation, machinery, labour and other charges accounted for 15.48% of the total agriculture fund under the PM-Kisan Scheme. 39.30% was spent on health followed by expenditure on social ceremonies, purchase of non- agricultural assets, and construction of house and others respectively. Thus, major expenditure of non-agriculture purpose was on medicines and social ceremonies. They together accounted for 66.32% of the total amount of Rs. 2, 59,300 used for unproductive purposes. The beneficiaries were also interested in purchasing non-agricultural assets.",112,en,PM_Kisan_PDF_Final,government_document,2026-05-07,"[2, 8]",2,,high,text discusses crop yield and farm labour costs
f5787e03,"But the maximum amount of PM-Kisan scheme was spent on agriculture and that to on wheat and The data analysis of the utilisation of funds under the PM-Kisan Scheme reflects that the timing of the instalments and spending pattern are very closely related to each other. The instalments of the PM Kisaan Scheme received by the beneficiaries at the peak of the agricultural season are largely spent on agriculture. The disbursement of the funds in the off season of agriculture, are generally spent on non-agriculture purposes. Undoubtedly, the PM- Kisan Scheme is playing a significant role in enhancing the production and income from crops on the beneficiary farms which is supported by the analysis of the data. Production and income of the beneficiary farms Vs.",125,en,PM_Kisan_PDF_Final,government_document,2026-05-07,"[2, 8]",2,,high,text discusses crop yield and farm labour costs
3d8885fe,"Non-Beneficiary farms Both the sample and the non-sample beneficiary farmers focused only on two crops- paddy and wheat. Per hectare yield of paddy was 54.58 qtls on sample beneficiary farms while it was 52.90 qtls on sample-non beneficiary farms, thereby showing an increase of 3.08% over the non-sample farms. Per hectare yield of wheat was estimated at 43.05 qtls on sample beneficiary farms against 42.22 qtls yield on non-sample farms, showing 1.93% increase over the non-sample beneficiaries. It shows that the per hectare yield of paddy and wheat was higher by 3.08% and 1.93% on sample beneficiary farms respectively than yield of paddy and wheat on non-sample beneficiary farms during the same period.",113,en,PM_Kisan_PDF_Final,government_document,2026-05-07,[2],2,,high,text discusses crop yield and agriculture
335103d8,"The farm income of both the beneficiary and non-beneficiary farms are compared to see the impact of the PM-Kisan Scheme. Per household net income was estimated at Rs. 48,334 of the beneficiary farms in the reference year against Rs. 43,573 per household income on non- beneficiary farms, thereby showing 9.85% increase over non-beneficiary farms. The per capita net farm income was worked out to be Rs. 7,178 on beneficiary farms against Rs.7, 354 of the non-beneficiary farms. Per hectare net farm income worked out to be Rs. 40,098 on beneficiary farms against Rs. 40,082 on non-beneficiary farms in the reference year. It shows that per hectare net farm income was higher only by 0.04% on the beneficiary farms over the non-beneficiary farms.",122,en,PM_Kisan_PDF_Final,government_document,2026-05-07,"[2, 8]",2,,high,text discusses crop yield and farm labour costs
49fd3da5,"This shows that the impact of the PM-Kisan Scheme was positive but not very significant in the reference year. This clearly indicates that a large amount of the PM-Kisan funds is being diverted for non-agricultural purposes. In spite of this, financial support of Rs. 6,000 per annum to the beneficiary farmers under the scheme has been encouraging to farmers to purchase seeds, fertilizers, pesticides etc. for getting optimum production of the crops. It is helpful in increasing the risk-taking capacity of the farmers. Overall, this scheme is a boon for the farmers. Based on the empirical findings, the study elucidates the following policy brief for 1.",106,en,PM_Kisan_PDF_Final,government_document,2026-05-07,"[2, 8]",2,,high,text discusses crop yield and farm labour costs
8307a616,"The scheme specifically focuses on marginal and small farmers but the landless crop sharers and the tenants remain excluded though they shoulder the farming responsibilities, costs and risks as well. To ensure proper targeting of beneficiaries, absentee landlordism should be identified and caution ensured to device innovative procedures to eliminate them as they do not function as primary cultivators or tillers of land. Fund Diversion and its use in unproductive or non-agricultural purposes leads to failure of designated aim of the scheme. Novel ways of transfer of funds in the form of reimbursement of bills incurred on purchase of urea, fertilizers, seeds etc. could in a way curb conspicuous consumption of cash funds. Seeds, fertilizers, pesticides etc.",117,en,PM_Kisan_PDF_Final,government_document,2026-05-07,"[2, 8]",2,,high,text discusses crop yield and farm labour costs
d2fa9a9d,"could also be made available in kind (through vouchers or stamps) under this scheme instead of 4. The cash transfers under this scheme should be made during the peak season of the crops. It will be helpful in checking the diversion of the funds to unproductive activities. Leakages need to be tapped. Selection of bogus and fraud beneficiaries should be sorted out from the list of genuine beneficiaries. It has been found that the wife and husband both have been included in the list of beneficiaries. Apart from this, the employees and pensioners were also taking the benefit under PM-Kisan Scheme. These beneficiaries are now not entitled to get the benefits under this scheme. Simplified Registration Process: The registration procedure should be more simplified in order for universal coverage.",129,en,PM_Kisan_PDF_Final,government_document,2026-05-07,"[2, 8]",2,,high,text discusses crop yield and farm labour costs
a184989c,"Most of sample beneficiaries had faced some difficulties in getting revenue records, opening of bank account etc. during, the registration process under PM-Kisan Scheme. The role of K.V.K needs to be effectively ensured in promoting the farmers for adoption of modern techniques in agriculture. Empirical revelations impinge on the fact that in general practice the scientists of K.V.K. did not approach remote villages of the selected districts during the study period. Land Records need to be Digitalized and Updated: Land records if not updated on a regular basis may result in selection of in false cases. There could be instances where cultivating farmers would have partitioned their holdings from other family members, but the land records if not updated may deem them to be a disclaimer.",126,en,PM_Kisan_PDF_Final,government_document,2026-05-07,"[2, 8]",2,,high,text discusses crop yield and farm labour costs
43bd11b0,"Such genuine cases need to be addressed by revenue authorities so that eligible farmers are not deprived. Parallelly, fraudulent claims should also be avoided. Monitoring and review committee at state, district, block and village levels should be organized on regular basis to solve the grievances and problems of beneficiary and non- beneficiary farmers. The list of registered beneficiaries under this scheme should be published at village level to ensure full transparency. Dissemination of Information on the Scheme and Its Utility: Regular awareness programmes should be organized at village level to propagate the benefit of PM-Kisan Scheme. Compressive efforts should be made to link huge number eligible farmers with this scheme. Village camps may be organized at Kissan Sewa Kendra or Panchayat Bhawan on particular date and time.",127,en,PM_Kisan_PDF_Final,government_document,2026-05-07,"[2, 8]",2,,high,text discusses crop yield and farm labour costs
f7edce96,"This integrated approach will be very helpful for excluded farmers in getting registration under PM-Kisan Scheme. With the ICT usage and direct transfer of money to farmers’ bank accounts, pilferage would also be less. Farmers without bank accounts may be promoted to open ‘no-frills’ accounts under the Jan-Dhan Yojana, linking Aadhaar data base. The Pradhan Mantri Kisan Samman Nidhi (PM-KISAN) is a new Central Sector Scheme to provide income support to all landholding farmers' families in the country to supplement their financial needs for procuring various inputs related to agriculture and allied activities as well as domestic needs. Under the PM-KISAN scheme, all landholding farmers' families shall be provided the financial benefit of Rs. 6000 per annum per family payable in three equal instalments of Rs.",126,en,PM_Kisan_PDF_Final,government_document,2026-05-07,"[2, 8]",2,,high,text discusses crop yield and farm labour costs
c05e8144,"2000 each, every four months. PM-Kisan Samman Nidhi Yojana was announced on February 1, 2019, during the Interim-Union Budget 2019 and was effective from December 2018. Prime Minister Narendra Modi launched PM-Kisan Samman Nidhi Yojana on February 24, 2019, in Gorakhpur. PM Modi transferred the first installment to 1 Crore farmers of Rs. 2000 each ahead of the Lok Sabha Elections 2019. The scheme aims to strengthen the financial capability of the farmers in procuring agricultural inputs and encourage adoption of modern techniques in the crops to obtain optimum yield. Apart from this, it also helps in reducing the liquidity constraints and easing the access to credit. Pradhan Mantri Kisan Samman Nidhi (PM-KISAN): At a Glance 1.",117,en,PM_Kisan_PDF_Final,government_document,2026-05-07,"[2, 8]",2,,high,text discusses crop yield and farm labour costs
30b9c497,"Vulnerable landholding farmer families, having cultivable land up to 2 hectares, will be provided direct income support at the rate of Rs. This income support will be transferred directly into the bank accounts of beneficiary farmers, in three equal instalments of Rs. The complete expenditure of Rs 75000 crore for the scheme will be borne by the Union Government in 2019-20. Under the Pradhan Mantri Kisan Samman Nidhi Yojana, an amount of ₹ 6000 is provided to all the small and marginal farmers of the central government every year, this amount is sent to all the lower middle-class farmers through online medium who all are farmers.",106,en,PM_Kisan_PDF_Final,government_document,2026-05-07,"[2, 8]",2,,high,text discusses crop yield and farm labour costs
9bb1fb89,"The revised Scheme is expected to cover around 2 crore more farmers, increasing the coverage of PM-Kisan to around 14.5 crore beneficiaries, with an estimated expenditure by Central Government of Rs. 87,217.50 crores for year 2019-20. The amount is being released in three 4-monthly installments of Rs.2000/- each over the year, to be credited into the bank accounts of the beneficiaries held in destination banks through Direct Benefit Transfer mode. The scheme was launched in a record time of 3 weeks, on 24th February at a huge programme in Gorakhpur; Uttar Pradesh where the first rounds of installments was paid to several farmers.",103,en,PM_Kisan_PDF_Final,government_document,2026-05-07,"[2, 8]",2,,high,text discusses crop yield and farm labour costs
ed1c853d,"1 Eligibility Criteria: PM-Kisan For getting the registration of Pradhan Mantri Kisan Samman Nidhi Yojana, it is necessary for all the farmers to have the following eligibility criteria given below: -  Under PM-Kisan Yojana, all small and marginal farmers of our country can get  All the farmers who will register for PM-Kisan Yojana, the data of all those farmers or landlords should be with the Government of India.  It will be mandatory for all the farmers to have a record of their land details. The programme, PM-KISAN, is similar to other such schemes like the Rythu Bandhu of Telangana and Kaalia programmes of Odisha. Bhavantar Bhugtan Yojana in Madhya Pradesh sought to provide relief to farmers by providing the differential between MSPs and market prices.",128,en,PM_Kisan_PDF_Final,government_document,2026-05-07,"[2, 8]",2,,high,text discusses crop yield and farm labour costs
bbf6c20b,"The Rythu Bandhu scheme of the Telangana government provides ₹4,000 per acre for every season to all the farmers of the state. Similar initiatives have also framed in Jharkhand and Odisha. In December 2018, Odisha launched the Krushak Assistance for Livelihood and Income augmentation (KALIA). KALIA is more complicated in design and implementation. It commits to give Rs 5,000 per SMF, twice a year that is Rs 10,000 a year. As per the agricultural census 2015–16 data, there are 99,858 marginal landholdings (less than 1 ha) and 25,777 small landholdings (1 ha to 2 ha) in India. Therefore, there are 1, 25,635 landholdings eligible for the benefits under the PM-Kisan programme. 6,000 per landholding, the total annual expenditure works out to approximately `Rs.",123,en,PM_Kisan_PDF_Final,government_document,2026-05-07,"[2, 8]",2,,high,text discusses crop yield and farm labour costs
ee642169,"Subsequently, the criteria of eligibility for the scheme were changed from June 2019 onwards and it was extended to cover all the 140 million farmers of the country. The rationale behind the amount Rs. 6,000 per landholding is not clear from any of the policy documents. However, from the basic theory of production, it can be inferred that a farmer is likely to incur severe loss or may even stop cultivating if the average variable costs fall below the price they receive. Adoption of modern technologies is one of the most promising strategies to increase farm incomes. Among the constraints to technology adoption, the most prominent are lack of information and lack of credit.",114,en,PM_Kisan_PDF_Final,government_document,2026-05-07,"[2, 8]",2,,high,text discusses crop yield and farm labour costs
07b869b0,"In India, more than half of farming households do not have access to formal credit and one fifth farmers purchase inputs on credit. In such a situation, the introduction of a cash transfer scheme (Pradhan Mantri Kisan Samman Nidhi) (PM-Kisan) to ease the liquidity constraints of Indian farmers for procuring inputs is important and relevant. Thus, PM-Kisan needs to cover at least the basic expenditure on cultivation to be effective. Following this line of reasoning, the cost considered here is the A2 cost, which covers only the paid-out costs of the farmer. This weighted A2 cost works out to Rs. 6,000 per ha under PM-Kisan Nidhi Samman is not sufficient to cover even A2 cost. Presently 2 crores, 56 lakh farmers of Uttar Pradesh are covered under the scheme.",129,en,PM_Kisan_PDF_Final,government_document,2026-05-07,"[2, 8]",2,,high,text discusses Zero Hunger and Decent Work & Economy
7bb65145,"Out of the total 10 crore 46 lakh beneficiaries under this scheme in the country in 2018-19, more than 26.93% belonged to U.P alone. Therefore, it was relevant to know the outcome of this huge investment at the ground level. In order to know the impact of this scheme on the farm income of the beneficiaries, a study has been conducted by the Agro-Economic Research Centre of University of Allahabad, Prayagraj in third week of May, 2022, taking 2020-21 and 2022 as the reference year. In this context, 120 beneficiaries and 120 non-beneficiaries were selected from 4 districts of 4 different economic regions of Uttar Pradesh. A comparative analysis has been done to measure the impact of the scheme on the farm income of the beneficiaries with the non-beneficiaries.",129,en,PM_Kisan_PDF_Final,government_document,2026-05-07,"[2, 8]",2,,high,text discusses crop yield and farm labour costs
ece4c97b,"Implementation of the Scheme The scheme was launched by the Govt. of India in December 2018 across the whole country. It aimed at providing Rs. 6,000 per annum as income support to the families of all the farmers who own cultivable land. 6,000 per year is transferred. 2,000 as quarterly instalments is transferred in the bank accounts of the registered beneficiary farmers since the inception of the PM-Kisan Scheme. The first instalment of the scheme was transferred on 24th February, 2019. The prevailing land ownership system was used for the identification of the targeted beneficiaries. Those whose names were found in land records till February 2019 were entitled to get the benefit under this specific scheme. Telangana, was the first state to recognise and initiate the scheme at state level.",130,en,PM_Kisan_PDF_Final,government_document,2026-05-07,"[2, 8]",2,,high,text discusses crop yield and farm labour costs
3504697d,"It implemented the scheme under the name of Ritu Bandhu Scheme. Following this, a certain amount was given directly to the eligible farmers. This scheme was highly appreciated by various entities and got world-wide recognition by organisations like World Bank etc. for its successful implementation at the grass root level. It was observed by many economists that this scheme was a much better alternative than waiving of the loan which amounted up to Rs. For the year 2018-19, Rs. 20,000 crore was allocated under this scheme. For the subsequent year 2019-20, the scheme was revised to benefit nearly 2 crores more farmers extending the coverage of the scheme to 14.50 crore beneficiaries by allocating 87,275 crores by the Central Govt. on 24th February, 2019.",124,en,PM_Kisan_PDF_Final,government_document,2026-05-07,"[2, 8]",2,,high,text discusses crop yield and farm labour costs
f08e0ac4,"In this context, the Hon’ble Prime Minister Shri Narendra Modi had launched the PM-Kisan Scheme at Gorakhpur district of UP, by transferring the first instalment of Rs. 2,000 each to over one crore farmers. The important objective of this scheme is to supplement the financial need of all the farmers in procuring various inputs to ensure proper crop health and appropriate yield, proportionately with the anticipated farm income. All the farmers who own cultivable land are being covered under this scheme. The identification of the targeted beneficiaries is based on the existing land ownership system across the country. Further specification requires clear and updated land records. The Aadhaar, mobile number and Bank accounts are mandatory requirements to get registered under this scheme.",122,en,PM_Kisan_PDF_Final,government_document,2026-05-07,"[2, 8]",2,,high,text discusses crop yield and farm labour costs
e33f45b1,The State/UT Governments expedite the progress of digitalization of land records and linking the same with Aadhaar card as well as the bank details of the beneficiaries. The list of eligible beneficiaries is published at village level to ensure transparency. The farmers who are eligible for the benefit but are not included in the list of beneficiaries have the option to represent their case to get registered under the scheme. The amount due to the beneficiaries is to be paid directly in their accounts under the mechanism of Direct Benefit Transfers (DBT). The scheme is fully funded by the Govt. is assigned with the role of identifying the eligible farmers and uploading the related details on the online portal of the PM-Kisan scheme.,123,en,PM_Kisan_PDF_Final,government_document,2026-05-07,"[2, 8]",2,,high,text discusses crop yield and farm labour costs
e68a1288,"An annual amount of Rs.75, 000 crore is being transferred across the country under this scheme. The cut-off date for the determination of the eligibility of beneficiaries was 01/02/2019. There is no provision to change the cut off dates for the next five years. However, it can be relaxed in some cases which have been given in the operational guidelines of the scheme. The States/ UTs are solely responsible for the preparation of the list of beneficiaries which is valid only for a year. The adoption of modern techniques in the cultivation of crops requires huge investment annually. The prices of essential inputs such as seed, fertilizers, pesticides, etc. are also increasing every year.",114,en,PM_Kisan_PDF_Final,government_document,2026-05-07,"[2, 8]",2,,high,text discusses crop yield and farm labour costs
86081487,"On account of these difficulties, the economically deprived section of the society is not in a position to invest adequately in the required capital and raw material for the crop production. In the wake of the following complications the Govt. of India had launched the Pradhan Mantri Kisan Samman Nidhi Yojana in 2018 to supplement the financial need of the farmers. The annual help of Rs. 6,000 has earned deep gratitude and satisfaction of the farmers from all over the country. This augment in the financial income of the farmers would be a key step in paving the way for the adoption of the modern techniques. Consequently, increased productivity would lead towards self-sufficiency and fulfilling the agenda of ‘doubling farmer’s income’.",121,en,PM_Kisan_PDF_Final,government_document,2026-05-07,"[2, 8]",2,,high,text discusses crop yield and farm labour costs
4ef6bd5c,"The economy of Uttar Pradesh is based primarily on agriculture and around 65% of the total population is dependent on agriculture. Uttar Pradesh is the top producer of food grain accounting for 17.83% share in the country’s total food production. According to the data of 2019-20, about 165.98 lakh hectares (68%) area is cultivated in the state. The average holding size of agriculture in Uttar Pradesh is 0.76 hectare which is less than the national average of 1.5 hectares. The State produces all weather crops i.e., Rabi, Kharif and Zaid. The progress of the scheme within different states from year 2018-19 to 2021-22 has been analysed in the Table-I.1. Table 1.1 reveals that 2.82 crore farmers were benefited during 2018-19 in Uttar Pradesh.",123,en,PM_Kisan_PDF_Final,government_document,2026-05-07,"[2, 8]",2,,high,text discusses crop yield and farm labour costs
fdc2e750,"1, 11, 92,506 crore had been transferred to bank accounts of the beneficiary farmers during the year 2018-19. It can also be noticed from Table-I-1 that the number of benefitted beneficiaries was highest in Uttar Pradesh. Out of the total covered beneficiaries of the country under PM-Kisan Scheme, the share of UP was maximum being 26.93% of the country in 2018-19 followed by 10.96%, 8.62%, 8.011%, 7.54%, 6.20% and 5.57% in Maharashtra, Madhya Pradesh, Bihar, Rajasthan, Gujarat and Andhra Pradesh respectively. Thus, it is relevant to know the impact of PM-Kisan Scheme on the farm income of the beneficiaries in Uttar Pradesh.",102,en,PM_Kisan_PDF_Final,government_document,2026-05-07,"[2, 8]",2,,high,text discusses crop yield and farm labour costs
85bdb8b4,"Need and Scope of the Study The basic objective of the PM-Kisan Samman Nidhi Yojana was to provide financial assistance to the farmers who own land. Under this programme, Rs. 6000 per year is provided to each farming family. This amount is provided in three equal instalments of Rs.2000 each and is deposited directly into the beneficiary’s account. The programme is totally funded by the Government of India. This scheme was initially confined to small and marginal farmers till December 2018 but about 14% of the farmers were still not covered under the scheme in Uttar Pradesh. The reason of this non-coverage could be the unavailability of genuine land records, Aadhar cards, mobile number and bank accounts.",117,en,PM_Kisan_PDF_Final,government_document,2026-05-07,"[2, 8]",2,,high,text discusses crop yield and farm labour costs
a08f6ff3,"These four are the mandatory documents for the registration process of the eligible applicants. Therefore, a thorough verification of these documents and related inquiries are required to get the registration under the PM-Kisan Scheme. Therefore, it requires examining these hurdles in the context of UP, being the most populous state of the country. In view of this, Agro-Economic Research Centre, University of Allahabad has undertaken this study to find out the impact of the PM- Kisan Scheme on the farm income of the beneficiaries in UP. This study is confined to UP, taking 2020-21 and 2022 as the reference year for the study. Since the number of beneficiaries in UP are large, it is difficult to cover all the beneficiaries under the study.",123,en,PM_Kisan_PDF_Final,government_document,2026-05-07,"[2, 8]",2,,high,text discusses crop yield and farm labour costs
f860daad,"In order to know the impact of the PM-Kisan Scheme on the farm income of the beneficiaries in UP, this study would be helpful and significant in the context of Uttar Pradesh. Understanding the grievances and complaints of the eligible farmers is the need of the hour for the proper implementation of the scheme across the State. Considering the huge amount invested in the scheme, it is necessary to know whether the beneficiaries are utilising the amount received for productive purposes or not? What does Research Suggest? A study by IFPRI-ICAR in UP with respect to the success of Pradhan Mantri Kisan Samman Nidhi reveals that the scheme, along with agricultural advisory services, has the potential to pull farmers out of poverty.",122,en,PM_Kisan_PDF_Final,government_document,2026-05-07,"[2, 8]",2,,high,text discusses crop yield and farm labour costs
4705e8a5,"This scheme marks as a tectonic shift of the government towards farmers of India. The scheme is aimed to cater the liquidity constraints of farmers for meeting their expenses for purchase of agricultural inputs and farm machinery. Several studies emphasize the fact that access to formal credit considerably augmented the investment in small businesses. 2017) In India, where the formal credit structure is still absent or has negligibly penetrated, more than half of the farming households do not have access to formal credit. In such a case the apt introduction of a cash transfer scheme (Pradhan Mantri Kisan Samman Nidhi, PM-Kisan) will definitely relieve the liquidity constraints of farmers for acquiring inputs.",112,en,PM_Kisan_PDF_Final,government_document,2026-05-07,"[2, 8]",2,,high,text discusses crop yield and farm labour costs
5ab49955,"There are studies that claim that the scheme is pitched as a general cash transfer for the farmers, but its impact in the adoption of modern technologies still remains a significant question that is addressed in this study. There are several other studies that have focused on general effects of cash transfers on results such as household consumption, educational attainment, and health (Gertler, 2004; Fiszbein & Schady, 2009, Adato & Bassett, 2009). In this context, PM-Kisan shows a natural experiment to assess the impact of cash transfers. For any intervention/catalyst to give long-term impacts there is need for productive investments. In this situation, Gertler et al. (2006) and Handa et al. (2018) demonstrate that a small monthly cash transfers result in increased consumption even after beneficiaries left the program.",129,en,PM_Kisan_PDF_Final,government_document,2026-05-07,"[2, 8]",2,,high,text discusses crop yield and farm labour costs
ee379766,"Such cash transfers to poor households may increase future earnings by encouraging investments in livestock. (2001) show multiplier- effect of cash transfers. Theoretically or say ideally, cash transfer can support farmers to spend the amount in the productive activities. First, it may help in easing incumbent credit and liquidity constraint in purchasing agricultural inputs. It is noteworthy to state here that it is extremely important in India where more than 50 per cent farmers depend on informal credit and one-fifth farmers purchase inputs on credit. Secondly, cash transfer enhances the net income of farmers and consequently may raise farmer’s risks taking capacity but reasonably in productive investments. Thus, the review suggests that a productive investment in the short-run lead to sustained long-term impacts.",123,en,PM_Kisan_PDF_Final,government_document,2026-05-07,"[2, 8]",2,,high,text discusses crop yield and farm labour costs
4d33223b,"Now, the question is how does PM- Kisan cash transfer perform in this context? Let us explore in the present study and its I.4. Research Design Adopted A scientific approach has been adopted in the selection of the districts, blocks, villages, and sample farmers, to obtain the desired result. The present study was proposed to be conducted for the state of Uttar Pradesh. For the selection of the districts, blocks and villages and finally the households, the following methodology was adopted. Selection of Districts: It is worth mention here that the selection of the districts was done on the basis of highest representation of PM- Kisan beneficiaries in the four regions of Uttar Pradesh.",114,en,PM_Kisan_PDF_Final,government_document,2026-05-07,"[2, 8]",2,,high,text discusses crop yield and farm labour costs
3aa1d664,"Consequently, Hardoi District from Central, Shahjanpur from Western, Azamgarh from Eastern region and Jhansi from Bundelkhand region were selected. It is worth mention here that a district-wise list of beneficiaries for the concerned year (2020-21) was collected. On the basis of this information districts were selected. Selection of Blocks: For selection of blocks the same criteria i.e., highest representation of PM-Kisan beneficiaries from the block concerned was adopted. Therefore, the block Sursa was selected from Hardoi district, Jahanganj from Azamgarh District, Bhawalkhera from Shahjanpur district and Mauranipur of Jhansi District were selected. Selection of Villages: The selection of villages was done randomly. One village each from the representative block was selected for the study.",114,en,PM_Kisan_PDF_Final,government_document,2026-05-07,"[2, 8]",2,,high,text discusses crop yield and farm labour costs
7d0c1319,"Selection of Household (Beneficiary/ Non-Beneficiary): For the selection of beneficiary and Non-Beneficiary households, we collected a detailed list of village-wise beneficiaries. Therefore, 30 beneficiary households were selected randomly from the list in each sample village. Further, 30 non-beneficiary households were also selected from village households who had not availed the benefits of PM –Kisan scheme or for some reason could not be enlisted in the beneficiary list. It is important to mention here that the beneficiaries and non- beneficiaries were selected in each village. (Table I.2) Details of selected units i.e. blocks, villages and sample farmers from selected districts of different regions of Uttar Pradesh Region No. of Selected Selected Selected No.",112,en,PM_Kisan_PDF_Final,government_document,2026-05-07,"[2, 8]",2,,high,text discusses crop yield and farm labour costs
81b735c4,"of districts District Block Village selected selected village beneficiaries Eastern 28 Azamgarh Jahanganj Khanpur 30 30 Central 10 Hardoi Sursa Kasrawa 30 30 Western 30 Shahjahanpur Bhawalkhera Udaipur 30 30 Bundelkhand 07 Jhansi Mauranipur Rupadhamana 30 30 This study is confined to Uttar Pradesh only which is one of the largest states of the country. It is broadly divided into four economic regions i.e., East, West, Center and Bundelkhand. These regions are different from each other location wise but there are some similarities on the basis of topography, soil texture, cropping patterns, sources of irrigation, etc. 30 beneficiaries and 30 non-beneficiaries were randomly selected from each village. This was done for the comparative analysis of the farm income of the samples.",121,en,PM_Kisan_PDF_Final,government_document,2026-05-07,"[2, 8]",2,,high,text discusses crop yield and farm labour costs
d62984cc,In total 120 beneficiaries and 120 non-beneficiaries were selected from the four villages of the four chosen districts from the four regions of U.P. to study the impact of PM-Kisan Scheme. This is illustrated in Table-I-3. Region-wise name of selected districts from Uttar Pradesh Name of the Number of Name of the Number of beneficiaries Regions districts in the selected district in the selected districts Eastern 28 Azamgarh 462996 Central 10 Hardoi 542602 Western 30 Shahjahanpur 343224 Bundelkhand 07 Jhansi 176010 Uttar Pradesh 75 16776558 Note: Figures in brackets are percentage to region I.5. Objectives of the Study Following objectives have been framed for the study- i. To examine the differences in the economic level of the beneficiaries and non- beneficiaries in U.P under the PM-Kisan Samman Nidhi Scheme.,129,en,PM_Kisan_PDF_Final,government_document,2026-05-07,"[2, 8]",2,,high,text discusses crop yield and farm labour costs
c86bf33e,"To analyse and compare the inputs, outputs and resources on the farms of the beneficiaries with the non-beneficiaries. To evaluate the impact of scheme on farm incomes iv. To examine the utilisation of the funds of the scheme by the beneficiary. To examine the inconvenience faced by the farmers and implementing agency in receiving and disbursing the funds. To study the role of Kisan Vigyan Kendra (KVK) in facilitating Kisan Samman Nidhi Socio- Economic Profile of Sample Beneficiary and Non-Beneficiary Farmers This Chapter attempts to understand the profile of sample beneficiaries and non-beneficiaries in the sample region.",97,en,PM_Kisan_PDF_Final,government_document,2026-05-07,"[2, 8]",2,,high,text discusses crop yield and farm labour costs
d8be0dc6,"As mentioned in the Chapter I of the report, 120 beneficiaries were covered under the PM-Kisan Samman Nidhi Scheme and equal number of non-beneficiaries was also selected for this study for the reference period of 2020-21 and 2021-22. The socio- economic profile of the sample farmers has been described as under. Number of family members in the sample households The Table II-1 (A) shows the distribution of sample farmers by their size of land holding. Of the total number of beneficiary households 81.67 per cent owned less than 1.00 hectare land. There were no farmers in the land size category of 4.00 to more than 4.00 hectares. In case of the non-beneficiary farmers, 89.17 per cent households owned less than 1.00 hectare land.",123,en,PM_Kisan_PDF_Final,government_document,2026-05-07,"[2, 8]",2,,high,text discusses crop yield and farm labour costs
c487706b,"There were no households with land size 4.00 to more than 4.00 hectares. The number of family members in the sample households is shown in Table-II-1 (B). The table reveals that per household member was 6.73, and 5.93 in the non-sample households. In the total population of the sample beneficiary, children consisted for 37.25%, male 32.67% and female 30.08%. Compared to this in case of the non-sample beneficiary households, the total population were 711 of which children comprised 40.79%, male 30.10% and female 29.11%. From the Table-II-1 (B), it is clear that the male population was higher than the female population in both the sample households. The female population was 920 per 1000 male in the sample beneficiary of the farmers and it was 967 in non-sample beneficiaries.",128,en,PM_Kisan_PDF_Final,government_document,2026-05-07,"[2, 8]",2,,high,text discusses crop yield and farm labour costs
4cd8b244,"It is observed that the larger the farm size, lesser the members within the family. Among the beneficiary households, 79.83 % were marginal farmers and 20.17% were small farmers. Similar was the trend in the case of non-beneficiary households. It may be concluded that in both the sample households the average size of the family of small farmers were lower than the marginal farmers.",64,en,PM_Kisan_PDF_Final,government_document,2026-05-07,"[2, 8]",2,,high,text discusses crop yield and farm labour costs
eca0e165,Distribution of Sample Farmers by Size of Farm Holding Size of farms (Hect.) Number of Beneficiaries Number of Non- Note: Figures in brackets are the percentage to all Number of family members in the sample households according to size of farms Size of farms Number of Family Members (Hect.) Beneficiary Farms Non-Beneficiary Farms Male Female Child Total Male Female Child Total 0.00 – 1.00 205 197 243 645 190 184 251 625 (77.65) (81.07) (80.73) (79.83) (88.79) (88.89) (86.55) (87.90) 1.01 – 2.00 58 45 55 158 22 22 36 80 (24.97) (18.52) (18.27) (19.55) (10.28) (10.63) (12.42) (11.25) 2.01 – 4.00 01 01 03 05 02 01 03 06 (0.38) (0.41) (1.00) (0.62) (0.93) (0.48) (1.03) (0.84) 4.01 & Above 0 0 0 0 0 0 0 0 (0.00) (0.00) (0.00) (0.00) (0.00) (0.00) (0.00) (0.00) All 264 243 301 808 214 207 290 711 (100.00) (100.00) (100.00) (100.00) (100.00) (100.00) (100.00) (100.00) Note: Figures in brackets are percentages to all II.2.,163,en,PM_Kisan_PDF_Final,government_document,2026-05-07,"[2, 8]",2,,high,text discusses crop yield and farm labour costs
9e5447e8,"Caste wise distribution of the respondents It has been a priority of the Government of India to spend in schemes exhaustively, helpful in eliminating the socio-economic backwardness of the downtrodden. The caste plays a significant role in getting the financial aids from various benefit schemes of the Central and the State governments. However, in the case of PM-Kisan Scheme, it gives an equal opportunity to all the farmers registered under it. According to this scheme, irrespective of their caste, all the farmers who own some cultivable lands are eligible. The distribution of the respondents of sample families, according to their castes, can be observed from table-II-2.",106,en,PM_Kisan_PDF_Final,government_document,2026-05-07,"[2, 8]",2,,high,text discusses crop yield and farm labour costs
08500b07,"This table shows that out of 120, sample beneficiary families, 46.67% belonged to OBC, followed by 29.17% and 24.16% of General and SC/ST castes respectively. As far as non- sample families are concerned, Table-II-2 shows that 52.50% respondents were OBC, while 25.00% respondents belonged to SC/ST followed by 22.50% of General Caste. It shows that most of the respondents of both sample families were OBCs. Since the OBC families are maximum in number in UP, therefore; the OBCs had been covered in maximum number under the PM-Kisan Scheme. This is also confirmed by this study that the caste is not a criterion in the selection of the beneficiaries under this scheme. All these farmers get equal opportunities to enrol under this scheme.",122,en,PM_Kisan_PDF_Final,government_document,2026-05-07,"[2, 8]",2,,high,text discusses crop yield and farm labour costs
309c7903,"Caste-wise distribution of Respondents Castes Beneficiary respondents Non-Beneficiary respondents Note: Figures in brackets are the percentage to all II.3. Educational status of respondents The illiteracy is a major constraint in getting the essential documents for the registration process under the PM-Kisan Scheme. The literate people do not find much difficulty in the registration process of the ongoing scheme in comparison to the illiterate people. A large number of farmers in UP are still not covered under the PM-Kisan Scheme due to illiteracy and unawareness about the scheme. The educational status of the respondents of both the sample families is shown in Table-II-3. It is evident from Table-II-3 that out of total 120 samples beneficiary households, 23.33% were illiterate while it was 33.33% in case of non- sample households.",128,en,PM_Kisan_PDF_Final,government_document,2026-05-07,"[2, 8]",2,,high,text discusses Zero Hunger and Decent Work & Economy
bc4d5d15,"Most of the respondents of the sample beneficiary households had obtained secondary level education. It can also be observed from Table-II-3 that 11.67% of the total respondents of the sample beneficiaries were graduates. Table-II-3 also reveals that out of 120 non samples beneficiaries, 42.50% had obtained secondary level education. It reflects from the above analysis that most of the respondents of both the sample households had obtained secondary level education. It can also be observed that illiteracy is more persistent among the small and marginal sample farmers. Maximum number of illiterate respondents was found in small and marginal sample farms. Education Status of Respondents Education Status Beneficiary respondents Non-Beneficiary respondents Secondary level 66 51 Note: Figures in brackets are percentage to all II.4.",123,en,PM_Kisan_PDF_Final,government_document,2026-05-07,"[2, 8]",2,,high,text discusses Zero Hunger and Decent Work & Economy
8c8b9969,"Occupation of Respondents The occupation of respondents of sample beneficiary and non-beneficiary farmers is worked out in table-II-4. Table-II-4 shows that agriculture was the main occupation of respondents of both the sample farms. Table-II-4 shows that 96.67% of respondents of sample beneficiary farms were engaged in agriculture and rest 3.33% were involved in subsidiary occupation. In case of non-sample beneficiary farms, Table-II-4 shows that out of 120 respondents, 87.50% were engaged in agriculture followed by 12.50% in subsidiary occupations. It shows that the agriculture was the main occupation of respondents of both the sample families. However, the subsidiary occupations were marginally higher of non-sample beneficiaries than that of the beneficiaries. This shows that agriculture is still a dominant occupation of majority of the farmers of Uttar Pradesh.",127,en,PM_Kisan_PDF_Final,government_document,2026-05-07,"[2, 8]",2,,high,text discusses crop yield and farm labour costs
fc426bf3,"Overall, three fourth of sample beneficiaries as well as non-sample beneficiary farmers were dependent on agriculture. They were mostly small and marginal landholders who had limited access to formal credit. Occupation of Respondents Occupations Beneficiary respondents Non-Beneficiary respondents Note: Figures in brackets are percentage to all II.5. Members of sample households engaged in agricultural and non-agricultural Farm as well as the non-farm activities; augment the income of the farmers. Table-II-5 reveals that out of total members of 808 on the sample beneficiary farms 42.08% were engaged in different agricultural and non-agricultural activities. In case of the non-sample beneficiaries, 45.25% were engaged in various agricultural and non-agricultural activities on non-sample beneficiary farms.",111,en,PM_Kisan_PDF_Final,government_document,2026-05-07,"[2, 8]",2,,high,text discusses crop yield and farm labour costs
f3de7d01,"From the above it becomes clear that during the reference year non-sample beneficiaries were more employed than the sample beneficiary families From the Table-II-5 we can observe that out of 340 members of sample beneficiary families, 46.77% were engaged in agriculture and 53.23% in non-agriculture activities. This clearly reflects that the family members were under-employed in agriculture. Similar is the situation in the case of non-sample beneficiary families. From the above analysis it is obvious that the marginal and small farmers because of inadequate land holdings are forced to work in the non-farm activities for their livelihood. This is supported by the study.",103,en,PM_Kisan_PDF_Final,government_document,2026-05-07,"[2, 8]",2,,high,text discusses crop yield and farm labour costs
018c0ac7,"Members of Sample Households Engaged in Farming and Non-Farming Activities Particular Beneficiary Households Non-Beneficiary Households Total members Engaged Total members Engaged (male & female) members (male & female) Members Farming activities 264 159 214 141 Non-Farming activities 243 181 207 181 Note: Figures in brackets are percentage to total engaged members of household II.6. Income of Beneficiary and Non-Beneficiary Farmers in the Reference Year 2020-21 The income of sample beneficiary and non-sample beneficiary is depicted in Table-II-6. The table shows that per household income of beneficiary is estimated at Rs. 1, 47,196 of which 32.83% was contributed by the agriculture sector, while the contribution of non-agriculture sector was 67.17% during the same period. The per capita income of the beneficiary was Rs. 21,861 per annum in the reference year.",129,en,PM_Kisan_PDF_Final,government_document,2026-05-07,"[2, 8]",2,,high,text discusses crop yield and farm labour costs
b8b891d8,"In case of non-sample beneficiaries, Table-II-6 shows that per household income was Rs. 1, 30,477 of which the share of non-agriculture sector was 66.54% followed by 33.46% of agriculture sector. The per capita income of non- sample beneficiaries is worked out to be Rs, 22,021 in the reference year 2020-21. Per household income of beneficiary farmers was higher by 11.36% over per household income of Rs. 1, 30,477 of non-beneficiary farmers. This shows that the sample beneficiary farmers are better off than the non-sample beneficiary farmers. It is also clear that non-agricultural activities were the main source of income for both the sample farmers. Table-II-6 also reveals that per hectare net income from agriculture was Rs. 40,159 on the sample beneficiary farms while it was Rs.",126,en,PM_Kisan_PDF_Final,government_document,2026-05-07,"[2, 8]",2,,high,text discusses crop yield and farm labour costs
d6b6b785,"40,098 on non-sample beneficiary farms during the reference year. It shows per hectare net income from agriculture was more or less same on both the sample farms during the study period. The comparative picture of change in income shows a decline though in marginal terms. This could be associated with the impact Covid 19 which took the entire world under its grip. But the proportional distributions and deviations in income with respect to source (agriculture and non-agriculture) remains the same.",80,en,PM_Kisan_PDF_Final,government_document,2026-05-07,"[2, 8]",2,,high,text discusses crop yield and farm labour costs
0b27caec,"Even the income status of the beneficiary families was found better compared to the non-beneficiary Income from different sources on the sample farms (Rs.) Sources of income 2020-21 2021-22 (Agriculture/ non- Beneficiary Non- Beneficiary Beneficiary Non- Beneficiary agriculture) farms farms farms farms Crops 5800125 5238815 5765214 5127724 (48334) (43657) (48043) (42731) Non-Agricultural 11863364 10418460 11782253 10307350 sector (98861) (86820) (98185) (85894) All 17663489 15657275 17542378 15548685 (147196) (130477) (146187) (129572) Note: Figures in brackets show income per household. Land Utilization and Cropping Pattern on the This chapter deals with the various activities of land utilization including irrigation, cropping pattern, production and productivity of crops etc. The activities were covered for both on the sample beneficiary and non-beneficiary farms during the reference year 2020-21 and 2021- 22.",126,en,PM_Kisan_PDF_Final,government_document,2026-05-07,"[2, 8]",2,,high,text discusses crop yield and farm labour costs
04336727,"These issues have been described in details in the following sequences to make a comparative analysis of the use of the land for different purposes between sample and non- sample beneficiary farms. This would help us to understand the impact of PM-Kisan Scheme in the present scenario. Utilization of Land on the sample farms Land area per household is very limited in the state of Uttar Pradesh. The average land holding stands merely at 0.75 hectare. Hence, it requires very intensive use of land for different seasonal crops like Kharif, Rabi and Zaid. The use of land pattern on the sample farms is worked out in Table-III-1.",107,en,PM_Kisan_PDF_Final,government_document,2026-05-07,"[2, 8]",2,,high,text discusses crop yield and farm labour costs
8e19175f,It is evident from Table-III-1 that per household land was 0.71 hectare for the sample beneficiary farms while it was as low as 0.60 hectare for non- sample beneficiary farms during the year 2020-21 as well as 2021-22. It can also be observed from Table-III-1 that all the area of the owned land was under cultivation on the sample beneficiary and non-beneficiary farms. Two crops were grown in a year by the sample farmers. The cropping intensity was worked to be 168.20% on the sample beneficiary farms against 179.01% on non-beneficiary farms. It shows that non-sample beneficiary farms were producing more crops on their cultivable land compared to the sample beneficiary farmers.,112,en,PM_Kisan_PDF_Final,government_document,2026-05-07,"[2, 8]",2,,high,text discusses crop yield and farm labour costs
de9d605e,Utilization of land on the Sample Farms Details of Land Beneficiary Farms Non-Beneficiary Farms (Hect.) Irrigated Un- Total Land Irrigated Un- Total Land land irrigated land irrigated Owned Land 85.00 0.00 85.00 72.48 0.00 72.48 (0.71) (0.00) (0.71) (0.60) (0.00) (0.60) Leased-in Land 1.00 0.00 1.00 0.38 0.00 0.38 (0.01) (0.00) (0.01) (0.01) (0.00) (0.01) Leased-out Land 0.00 0.00 0.00 0.00 0.00 0.00 (0.00) (0.00) (0.00) (0.00) (0.00) (0.00) Un-cultivated 0.00 0.00 0.00 0.00 0.00 0.00 Land (0.00) (0.00) (0.00) (0.00) (0.00) (0.00) Cultivated Land 86.00 0.00 86.00 72.85 0.00 72.85 (0.72) (0.00) (0.72) (0.61) (0.00) (0.61) Gross Cropped 144.65 0.00 144.65 130.45 0.00 130.45 Cropping - - 168.20 - - 179.01 Note: Figures in brackets show land owned per Household III.2.,122,en,PM_Kisan_PDF_Final,government_document,2026-05-07,"[2, 8]",2,,high,text discusses crop yield and farm labour costs
3c3034ba,"Sample Households Adopting Various Irrigation Sources Assured irrigation plays an important role in increasing the yield of any area. The network of irrigation sources is extensively expanded across the state of UP. Almost all the cultivable land of UP is generally covered under different sources of irrigation. The pump-sets, canals and owned tube wells are the main sources of irrigation. Table-III-2 shows that out of total irrigated area of beneficiary farms, pump-sets accounted for 51.67% followed by 28.33% and 20.00% owned tube-wells and canals respectively. The similar trends can also be seen on non-beneficiary farms. Sample Households Adopting various Sources of Irrigation Sources of Irrigations Beneficiary farms Non- Beneficiary farms Owned Tube-wells 34 41 Gross irrigated area 120 120 III.3.",120,en,PM_Kisan_PDF_Final,government_document,2026-05-07,"[2, 8]",2,,high,text discusses crop yield and farm labour costs
463df180,"Cropping Pattern on the sample farms The detail of different crops of both the sample farms is given Table III-3. From Table-III-3 one can find that wheat and paddy were major crops on both the sample farms in the reference year. Out of Gross Cropped area of 144.65 hectares of beneficiary farmers, wheat accounted for maximum share being 45.07% followed by 32.28% of paddy. Thus, both crops jointly accounted for 77.35% of gross cropped area. The pulses and oilseed accounted for 18.70% and 3.95% of the gross cropped area respectively during the same period. In the case of non-sample beneficiary farms, Table-III-3 shows that wheat and paddy are the main crops.",111,en,PM_Kisan_PDF_Final,government_document,2026-05-07,"[2, 8]",2,,high,text discusses crop yield and farm labour costs
ea9d9f3f,"Out of the gross cropped area of 130.45 hectares, the share of wheat and paddy was 42.20% and 30.89% respectively. These two crops jointly occupied 73.09% of G.C. The share of pulses and oil seeds of G.C was 20.97% and 5.94% respectively during the same year. It shows that the cropping pattern on both sample farms was heavily tilted in favour of wheat and paddy. However, the non-sample beneficiary farmers gave more weightage to pulses and oilseeds in the cropping pattern. This indicates that the non-sample beneficiary farmers were getting more benefit from pulses and oilseeds, resulting in more income than wheat and paddy. Hence, there was more diversification in the cropping patterns on non- sample beneficiary farms compared to the sample beneficiary farms.",124,en,PM_Kisan_PDF_Final,government_document,2026-05-07,"[2, 8]",2,,high,text discusses crop yield and farm labour costs
15da1a9a,"In spite of the observed cropping pattern, the farmers should also be advised to grow more natural crops on their farms to maintain soil health and prevent soil erosion. Cropping Pattern on the sample farms (in Hectares) Name of Crops Area of Beneficiary farms Area of Non- Beneficiary farms Note: Figures in brackets are percentage to G.C. Impact of the Pradhan Mantri Kisan Samman Nidhi Scheme on the Farm Income of Sample Beneficiary An effort has been made in this chapter to assess the impact of PM-Kisan Scheme on production and productivity of different crops on the sample beneficiary farms. Apart from this, use of inputs, gross and net income has also been estimated in this chapter.",117,en,PM_Kisan_PDF_Final,government_document,2026-05-07,"[2, 8]",2,,high,text discusses crop yield and farm labour costs
f3e2f1e2,"A comparative analysis has also been done to understand the impact of the PM-Kisan Scheme on the sample beneficiary farmers vs. Non sample beneficiary farmers. These aspects have been thoroughly examined in this study. Production of different crops on the sample farms It has already been mentioned in the previous chapter i.e., Chapter-III that the paddy, urd, groundnut, moong, wheat, pea, gram and mustard were sown by the sample beneficiary farmers during the reference year. These crops have been taken into consideration to know the per hectare yield on the sample beneficiary and non-beneficiary farms in the reference year. The production and per hectare yield of different crops on both the sample farms are shown in Table-IV-1.",117,en,PM_Kisan_PDF_Final,government_document,2026-05-07,"[2, 8]",2,,high,text discusses crop yield and farm labour costs
1bb6f252,"It is evident from Table-IV-1 that per hectare yield of paddy and wheat was 54.589 quintals and 43.05 quintals respectively on the sample beneficiary farms while the per hectare yield of paddy and wheat was 52.90 quintals and 42.22 quintals on the non- sample beneficiary farms respectively during the same period. It shows that per hectare yield of paddy and wheat was higher by 3.08% and 1.93% respectively on sample beneficiary farms over the per hectare yield on non-sample beneficiary farms. The per hectare yield of urd, moong, pea and gram were higher on the beneficiary farms. Table-IV-1 also reveals that he per hectare yield of almost all the crops was a bit higher on the sample beneficiary farms than the non-sample beneficiary farms.",124,en,PM_Kisan_PDF_Final,government_document,2026-05-07,"[2, 8]",2,,high,text discusses crop yield and farm labour costs
6d74c80d,"Table-IV-2 shows that per hectare cost of production of all the crops on the beneficiary farm was Rs.33, 003 against Rs.32, 346 on the non-sample beneficiary farms during the same period. It reflects that the cost of production per hectare of different crops on beneficiary farms was higher by 1.99% over the per hectare cost of production of crops on non-sample beneficiary farms. This was due to the higher expenditure on the material costs (seed, fertilizer, pesticides etc.) on the beneficiary farms than the non-beneficiary farms. The sample beneficiary farmers had spent Rs.",93,en,PM_Kisan_PDF_Final,government_document,2026-05-07,"[2, 8]",2,,high,text discusses crop yield and farm labour costs
a349054f,"12,795 per hectare to procure seed, fertilizers and pesticides while the expenditure incurred by the non-beneficiary farmers to the tune for It can also be noticed from the Table-IV-2 that out of the total input cost being Rs. 47, 73, 875 on the sample beneficiary farms, the share of material cost accounted for 38.77% followed by 31.80% and 14.49% was for machinery and labour respectively. As far as non- sample beneficiary farms are concerned, the material cost accounted for 37.97% followed by 30.47% and 14.43% for machinery and labour charges respectively. This proves that the material and machinery charges were the major components of the total input costs on both the sample farms.",113,en,PM_Kisan_PDF_Final,government_document,2026-05-07,"[2, 8]",2,,high,text discusses crop yield and farm labour costs
35f03fce,"The variable cost was merely higher on the beneficiary farms than the non- beneficiary farms in the reference year. The above analysis reflects that the sample beneficiary farmers had spent more money to procure inputs than the non-sample beneficiary farmers. This was due to the financial support of Rs. 6,000 per annum to the beneficiary farmers. The impact of the PM-Kisan Samman Nidhi Scheme was positive for the beneficiary farmers. The variable cost is generally met out by the financial aid provided to the farmers under the following scheme. The sample beneficiary as well as the non-sample beneficiary farmers was still reluctant to produce oilseeds and pulses. Higher preference was given to wheat and paddy, since they are both assured crops.",121,en,PM_Kisan_PDF_Final,government_document,2026-05-07,"[2, 8]",2,,high,text discusses crop yield and farm labour costs
36bb5625,"Impact of Pradhan Mantri Kisan Samman Nidhi Scheme on the Farm Income of the Sample Beneficiaries The main objective of the PM-Kisan Samman Nidhi Scheme is to provide financial support to the farmers to procure the inputs for increasing the production of crops which were not generally procured by economically weaker farmers due to the dearth of money in sowing time of the crops. The financially deprived farmers used to borrow the money from the banks and money lenders at high interest rates to purchase seeds, fertilizers, pesticides etc. It has also been observed that the poor and resource less farmers were not in a position to use the quality agricultural inputs in their crops due to financial hardships particularly in the sowing seasons of the crops.",127,en,PM_Kisan_PDF_Final,government_document,2026-05-07,"[2, 8]",2,,high,text discusses crop yield and farm labour costs
faf3b960,"AYUSHMAN BHARAT: Comprehensive Primary Health Care through Health and Wellness Centers Comprehensive Primary Health Care through Health and Wellness Centers Operational Guidelines The launch of these Operational Guidelines for Comprehensive Primary Health Care through Health and Wellness Centres marks a major milestone in the history of public health in India. They are based on the premise of an effective health systems, acknowledging the changing disease burden and it also includes interventions that account for high proportions of morbidity and mortality leveraging a slew of programmes launched in the past few years to reduce out of pocket expenditures. The operational guidelines are comprehensive and draw on the lessons of the National Health Mission in various contexts.",115,en,ayushman_bharat_health,government_document,2026-05-07,"[3, 8]",3,,high,text discusses health and wellness centers and employment in healthcare sector
fe68a76c,"They are ambitious in their scope and scale and include guidance on physical and financial requirements, service packages, IT requirements, monitorable targets and also suggest reforms in payment packages including team-based incentives. The delivery of Comprehensive Primary Health Care is not without challenges, since it involves a paradigm shift at all levels of the health system. The NHM has paved the way for effective implementation of HWC, and states must leverage this learning for effective implementation of HWC. The guidelines, albeit very comprehensive, are a road-map, and states will need to adapt these to their contexts.",96,en,ayushman_bharat_health,government_document,2026-05-07,"[3, 8]",3,,high,text discusses health system and employment
4e85d361,"However, I do hope that states will use the guidelines to develop a state specific road map, and build shared accountability at district and sub district level, so that there is a clear goal and focus to help us reach the target of operationalizing 1.5 lakh Health and Wellness Centres. The Operational Guidelines are based on inputs from states which have been valuable in strengthening these guidelines. I would also like to thank the team at the National Health Systems Resource Centre, experts and state government officials whose relentless efforts have made the launch of these guidelines Manoj jhalani Manohar agnani rajani r.",103,en,ayushman_bharat_health,government_document,2026-05-07,"[3, 8]",3,,high,"text discusses health and wellness centres, employment in healthcare sector"
cb19452f,"Ved Additional Secretary & Mission Director Joint Secretary (Policy) Executive Director, NHSRC LiST Of ABBReviATiONS ANM Auxiliary Nurse Midwife AWCs Anganwadi Centres AYUSH Ayurveda, Yoga and Naturopathy, Unani, Siddha And Homeopathy BCC Behaviour Change Communication BCM Block Community Manager BMO Block Medical Officer BPM Block Programme Manager CHC Community Health Centre CHO Community Health Officer COPD Chronic Obstructive Pulmonary Disease COTPA Cigarettes and Other Tobacco Products Act CPHC Comprehensive Primary Health Care CSR Corporate Social Responsibility DCM District Community Manager DPM District Programme Manager EML Essential Medicines List FRU First Referral Unit GNM General Nursing And Midwifery HRH Human Resource for Health SHC Sub Health Centres ICDS Integrated Child Development Services ICPS Integrated Child Protection Scheme IEC Information Education Communication IGNOU Indira Gandhi National Open University MAS Mahila Arogya Samiti MLA Member of Legislative Assembly AYUSHMAN BHARAT: Comprehensive Primary Health Care through Health and Wellness Centers MLHP Mid Level Health Provider MMUs Mobile Medical Units MNREGA Mahatma Gandhi National Rural Employment Guarantee Act MOIC Medical Officer In charge MP Member of Parliament MPW Multi Purpose Worker NACO National Aids Control Organisation NGO Non-Governmental Organisation NPCDCS National Programme For Prevention And Control Of Cancer, Diabetes, Cardiovascular OOPE Out of Pocket Expenditure OPD Out Patient Department PHC Primary Health Centre RCH Reproductive and Child Health SBA Skilled Birth Attendant SHGs Self Help Groups SHSRC State Health Systems Resource Centre STGs Standard Treatment Guidelines UHC Universal Health Coverage UHND Urban Health and Nutrition Day UPHC Urban Primary Health Centre VHSNC Village Health Sanitation And Nutrition Committee WCD Women and Child Development AYUSHMAN BHARAT: Comprehensive Primary Health Care through Health and Wellness Centers The National Health Mission (NHM), the country’s flagship health systems strengthening programme, particularly for primary and secondary health care envisages “attainment of universal access to equitable, affordable and quality health care which is accountable and responsive to the needs of people”.",310,en,ayushman_bharat_health,government_document,2026-05-07,"[3, 8]",3,,high,text discusses health and wellness centers
1788744d,"Investments during the life of the NHM in its earlier phases were targeted to strengthen Reproductive and Child Health (RCH) services and contain the increasing burden of communicable diseases such as Tuberculosis, HIV/ AIDS and vector borne diseases. While such a focus on selective primary health care interventions, enabled improvements in key indicators related to RCH and select communicable diseases, the range of services delivered at the primary care level did not consider increasing disease burden and rising costs of care on account of chronic diseases.",86,en,ayushman_bharat_health,government_document,2026-05-07,"[3, 8]",3,,high,text discusses health and employment
8cbb105b,"Studies show that 11.5% households in rural areas and about only 4% in urban areas, reported seeking any form of OPD care - at or below the CHC level (except for childbirth) primary care facilities, indicating low utilization of the public health systems for other common ailments1. National Sample Survey estimates for the period-2004 to 2014 show a 10% increase in households facing catastrophic healthcare expenditures. This could be attributed to the fact that private sector remains the major provider of health services in the country and caters to over 75% and 62% of outpatient and in-patient care respectively.",99,en,ayushman_bharat_health,government_document,2026-05-07,"[3, 8]",3,,high,text discusses health and employment
2b663fb0,"India is also witnessing an epidemiological and demographic transition, where non-communicable diseases such as cardiovascular diseases, diabetes, cancer, respiratory, and other chronic diseases, account for over 60% of There is global evidence that Primary Health Care is critical to improving health outcomes. It has an important role in the primary and secondary prevention of several disease conditions, including non-communicable diseases. The provision of Comprehensive Primary Health Care reduces morbidity and mortality at much lower costs and significantly reduces the need for secondary and tertiary care. For primary health care to be comprehensive, it needs to span preventive, promotive, curative, rehabilitative and palliative aspects of care.",105,en,ayushman_bharat_health,government_document,2026-05-07,"[3, 8]",3,,high,text discusses health outcomes and employment in healthcare
f1677604,"Primary Health Care goes beyond first contact care, and is expected to mediate a two-way referral support to higher-level facilities (from first level care provider through specialist care and back) and ensure follow up support for individual and population health interventions. In India, the need for and emphasis on strengthening Primary Health Care was firstly articulated in the Bhore Committee Report 1946 and subsequently in the First and Second National Health Policy statements (1983 1 Key Indicators of Social Consumption in India on Health, National Sample Survey 71st Round, 2014, Ministry of Statistics and Programme Implementation, Government of India 2 WHO. Non Communicable Diseases; Country Profile for India; 2014 AYUSHMAN BHARAT: Comprehensive Primary Health Care through Health and Wellness Centers and 2002).",122,en,ayushman_bharat_health,government_document,2026-05-07,"[3, 8]",3,,high,"text discusses health and wellness centers, and employment in healthcare sector"
dd2d785c,"India is also a signatory to the Alma Ata declaration for Health for All in 1978. The Twelfth Five Year Plan Identified Universal Health Coverage as a key goal and based on the recommendations of the High- Level Expert Group Report on UHC had called for 70% budgetary allocation to Primary Health Care in pursuit of UHC for India. The National Health Policy, 2017 recommended strengthening the delivery of Primary Health Care, through establishment of “Health and Wellness Centres” as the platform to deliver Comprehensive Primary Health Care and called for a commitment of two thirds of the health budget to primary health care.",104,en,ayushman_bharat_health,government_document,2026-05-07,"[3, 8]",3,,high,text discusses health and wellness centres and universal health coverage
a263bbd4,"In February 2018, the Government of India announced that 1,50,000 Health & Wellness Centres (HWCs) would be created by transforming existing Sub Health Centres and Primary Health Centres to deliver Comprehensive Primary Health Care and declared this as one of the two components of Ayushman Bharat. This was the first step in the conversion of policy articulations to a budgetary commitment. The Report of the Primary Health Care Task Force, Ministry of Health and Family Welfare, Government of India while reiterating that primary health care is the only affordable and effective path for India to Universal Health Coverage, also provided valuable insights into structure and processes that are required in health systems to enable Comprehensive Primary Health Care (CPHC).",119,en,ayushman_bharat_health,government_document,2026-05-07,"[3, 8]",3,,high,text discusses health and wellness centres and primary health care
c318dac3,"The delivery of CPHC through HWCs rests substantially on the institutional mechanisms, governance structures, and systems created under the National Health Mission (NHM). NHM, as part of health system reform in the country, in its nearly 12 years of implementation, has supported states to create several platforms for delivery of community-based health systems, expanding Human Resources for Health and infrastructure towards strengthening primary and secondary care. Though largely limited to a few conditions, NHM created mechanisms for expanded coverage and reach, and developed systems for improved delivery of medicines, diagnostics and improved reporting. About five years ago, these components were also introduced in urban areas.",105,en,ayushman_bharat_health,government_document,2026-05-07,"[3, 8]",3,,high,text discusses health system reform and infrastructure
1e071ef8,"Thus, although the delivery of universal Comprehensive Primary Health Care, through HWCs builds on existing systems, it will need change management and systems design at various levels, to realise its full potential. The other component of Ayushman Bharat, namely the Pradhan Mantri Jan Arogya Yojana (PMJAY) aims to provide financial protection for secondary and tertiary care to about 40% of India’s households. Its success and affordability rests substantially on the effectiveness of provision of Comprehensive Primary Health Care through HWCs. Together, the two components of Ayushman Bharat will enable the realization of the aspiration for Universal Health Coverage. About the Guidelines These guidelines were developed after consultation with policy makers and practitioners at national and state level and with technical experts.",121,en,ayushman_bharat_health,government_document,2026-05-07,"[3, 8]",3,,high,text discusses health care and employment
b5cd775e,"It also draws on implementation experiences of government, NGO and private sector in the delivery of Primary Health Care. These guidelines are intended to serve as a framework for operationalizing the multiple components required for the delivery of Comprehensive Primary Health Care services through the Health & Wellness Centres. These guidelines are expected to support programme managers at state and district levels in rolling out Comprehensive Primary Health Care. They provide an overview of the systems requirements and strategies for change management to deliver CPHC. The use of these guidelines would enable the states to put in place the necessary design elements and sub- systems required for Health and Wellness Centres to be created and deliver the health services expected of them.",122,en,ayushman_bharat_health,government_document,2026-05-07,"[3, 8]",3,,high,text discusses health services and employment in health sector
2226aa54,"However, states have the flexibility to make necessary modifications based on their specific needs and capacities. The implementation of Comprehensive Primary Health Care would require substantial change management in processes for planning, service delivery, monitoring and financing and will require the active participation of several stakeholders including civil society, NGOs, academic and research agencies, AYUSHMAN BHARAT: Comprehensive Primary Health Care through Health and Wellness Centers development partners, the private sector and, most importantly, the community. Operationalizing HWCs will be incremental in nature with contextual variations in models and processes evolving in different states.",93,en,ayushman_bharat_health,government_document,2026-05-07,"[3, 8]",3,,high,text discusses health care and community participation
1a6f8f71,"These guidelines do not cover grounds included in several other guidelines already issued but highlight areas in which transformation and change management is needed, besides clarifying key concepts related to Comprehensive Primary Health Care and Health and Wellness Centres. These guidelines are envisaged to be reviewed periodically and revised based on implementation lessons from the field so that they continue to provide meaningful and updated guidance to programme implementers and inform policy adaptation and modification. AYUSHMAN BHARAT: Comprehensive Primary Health Care through Health and Wellness Centers In order to ensure delivery of Comprehensive Primary Health Care (CPHC) services, existing Sub Health Centres covering a population of 3000-5000 would be converted to Health and Wellness Centres (HWC), with the principle being “time to care” to be no more than 30 minutes.",130,en,ayushman_bharat_health,government_document,2026-05-07,"[3, 8]",3,,high,text discusses health and wellness centers and employment in healthcare sector
2790f0f4,"Primary Health Centres in rural and urban areas would also be converted to HWCs. Such care could also be provided/ complemented through Box 2.1. Transform existing Sub Health Centres and Primary Health Centres to Health and Wellness Centers to ensure universal access to an expanded range of Comprehensive Primary Health Care services. Ensure a people centered, holistic, equity sensitive response to people’s health needs through a process of population empanelment, regular home and community interactions and people’s participation. Enable delivery of high quality care that spans health risks and disease conditions through a commensurate expansion in availability of medicines & diagnostics, use of standard treatment and referral protocols and advanced technologies including IT systems.",114,en,ayushman_bharat_health,government_document,2026-05-07,"[3, 8]",3,,high,text discusses health services and employment
529a079e,"Instil the culture of a team-based approach to delivery of quality health care encompassing: preventive, promotive, curative, rehabilitative and palliative care. Ensure continuity of care with a two way referral system and follow up support. Emphasize health promotion (including through school education and individual centric awareness) and promote public health action through active engagement and capacity building of community platforms and individual volunteers. Implement appropriate mechanisms for flexible financing, including performance-based incentives and responsive resource allocations. Enable the integration of Yoga and AYUSH as appropriate to people’s needs. Facilitate the use of appropriate technology for improving access to health care advice and treatment initiation, enable reporting and recording, eventually progressing to electronic records for individuals and families. Institutionalize participation of civil society for social accountability.",125,en,ayushman_bharat_health,government_document,2026-05-07,"[3, 8]",3,,high,text discusses health care and employment
0daa7e7f,"Partner with not for profit agencies and private sector for gap filling in a range of primary health care functions. Facilitate systematic learning and sharing to enable feedback, and improvements and identify innovations for 13. Develop strong measurement systems to build accountability for improved performance on measures that AYUSHMAN BHARAT: Comprehensive Primary Health Care through Health and Wellness Centers outreach services, Mobile Medical Units, health camps, home visits and community-based interaction, but the principle should be a seamless continuum of care that ensures the principles of equity, quality, universality and no financial hardship.",93,en,ayushman_bharat_health,government_document,2026-05-07,"[3, 8]",3,,high,text discusses health care and employment
b13f35ab,"The HWC at the sub health centre level would be equipped and staffed by an appropriately trained Primary Health Care team, comprising of Multi-Purpose Workers (male and female) & ASHAs and led by a Mid-Level Health Provider (MLHP). Together they will deliver an expanded range of services. In some states, sub health centres have earlier been upgraded to Additional PHCs. Such Additional PHCs will also be transformed to HWCs. A Primary Health Centre (PHC) that is linked to a cluster of HWCs would serve as the first point of referral for many disease conditions for the HWCs in its jurisdiction. In addition, it would also be strengthened as a HWC to deliver the expanded range of primary care services.",119,en,ayushman_bharat_health,government_document,2026-05-07,"[3, 8]",3,,high,text discusses health services and employment in healthcare sector
828ce4c0,"The Medical Officer at the PHC would be responsible for ensuring that CPHC services are delivered through all HWCs in her/his area and through the PHC itself. The number and qualifications of staff at the PHC would continue as defined in the Indian Public Health Standards (IPHS). For PHCs to be strengthened to HWCs, support for training of PHC staff (Medical Officers, Staff Nurses, Pharmacist, and Lab Technicians), and provision of equipment for “Wellness Room”, the necessary IT infrastructure and the resources required for upgrading laboratory and diagnostic support to complement the expanded ranges of services would be provided. States could choose to modify staffing at HWC and PHC, based on local needs. The HWC would deliver an expanded range of services (Box 2.2).",124,en,ayushman_bharat_health,government_document,2026-05-07,"[3, 8]",3,,high,text discusses health services and employment
d8530292,"These services would be delivered at both SHCs and in the PHCs, which are transformed as HWCs. The level of complexity of care of services delivered at the PHC would be higher than at the sub health centre level and this would be indicated in the care pathways and standard treatment guidelines that will be issued periodically. Box 2.2: Expanded Range of Services 1. Care in pregnancy and child-birth. Neonatal and infant health care services. Childhood and adolescent health care services. Family planning, Contraceptive services and other Reproductive Health Care services. Management of Communicable diseases including National Health Programmes. Management of Common Communicable Diseases and Outpatient care for acute simple illnesses and minor 7. Screening, Prevention, Control and Management of Non-Communicable diseases. Care for Common Ophthalmic and ENT problems.",129,en,ayushman_bharat_health,government_document,2026-05-07,"[3, 8]",3,,high,text discusses health services and employment
bf157268,"Basic Oral health care. Elderly and Palliative health care services. Emergency Medical Services. Screening and Basic management of Mental health ailments. In many states, the Primary Health Centre would serve as the first point of referral and administrative hub for sub health centres. However, in certain states, the sub health centre is linked directly to the Community Health Centre (CHC) at the block level (which in some blocks is a role performed by the Block PHC). Across all contexts however, it must be ensured that administrative, technical/mentoring and referral support be provided by a MBBS Medical Officer in a facility that is in geographic proximity to the cluster of HWCs and is equipped to manage referral support for HWC. This could therefore be either a PHC or a CHC.",129,en,ayushman_bharat_health,government_document,2026-05-07,"[3, 8]",3,,high,text discusses health services and employment
c2206ce9,"AYUSHMAN BHARAT: Comprehensive Primary Health Care through Health and Wellness Centers Similarly, in the urban context, the Urban Primary Health Centres or Urban Health Posts, where they exist, would be strengthened as HWCs to deliver Comprehensive Primary Health Care. The norm of One MPW- (F) per 10,000 population supported by four to five ASHAs, will enable outreach services, preventive and promotive care and home and community-based services. Therefore, in the urban context, the team of MPWs (F) and ASHAs would be considered equivalent to a front-line provider team with the first point of referral being the UPHC catering to about at 50,000 population. All the key principles of HWCs indicated above will be applicable to PHCs in urban areas.",119,en,ayushman_bharat_health,government_document,2026-05-07,"[3, 8]",3,,high,text discusses health and wellness centers and employment of front-line providers
3e95310b,"Initial action for upgrading UPHCs to HWCs would require capacity building of staff and field functionaries in the expanded range of services. Population enumeration, empanelment, disease screening would also be required. In many cities, where specialists’ consultation is currently being made available through evening OPDs on pre-fixed days, these could be leveraged as a strategy for ensuring continuity of care. However, states are free to undertake modifications that best fit their contexts.",72,en,ayushman_bharat_health,government_document,2026-05-07,"[3, 8]",3,,high,text discusses health services and employment
8b975e3e,"In planning for HWCs, states need to pay close attention to improving geographic accessibility, ensure the full complement of staff at each level, enable regular capacity building and supportive supervision, ensure uninterrupted supply of medicines and diagnostics, and maintain a continuum of care seamlessly linking people to various levels of care so that the services offered at the primary health care level fully meet the promise of expanded range and commensurate outcomes.",72,en,ayushman_bharat_health,government_document,2026-05-07,"[3, 8]",3,,high,text discusses health services and employment
b90fc725,"As the principle of HWC is that they provide a continuum of care for all illnesses in the community, strategic modifications of components of health systems at secondary and tertiary levels and re-organization of workflow processes would be needed in parallel to effectively implement Comprehensive Primary Health Clear demarcation of services that are provided in the Community, HWC and PHC/CHC levels is difficult. Services provided at the primary health care level, are in fact, a shifting goal post, affected by a range of factors. However, this initiative under Ayushman Bharat, proposes to use diagnostic and technological innovation to bring services as close to people and communities as possible.",108,en,ayushman_bharat_health,government_document,2026-05-07,"[3, 8]",3,,high,text discusses health and employment
5bf8b89b,"We need to recognize that poor service delivery at HWC will, adversely impact the gate-keeping role and push patients unnecessarily into costlier secondary and tertiary care facilities. It could also result in pushing patients to the private sector with adverse implications for out of pocket expenditure and impoverishment. Figure 2.1 illustrates the key elements of HWC. AYUSHMAN BHARAT: Comprehensive Primary Health Care through Health and Wellness Centers 2.2. Inputs for Health Wellness Centres The key inputs to be provided at a HWC are listed below: 2.2.1 Primary health care team to deliver the expanded range of services.",97,en,ayushman_bharat_health,government_document,2026-05-07,"[3, 8]",3,,high,text discusses health and wellness centers and employment
275a5df7,"at the upgraded ShC – A team of at least three service providers (one Mid-level provider, at least two (preferably three) Multi-Purpose Workers – two female and one male, and team of ASHAs at the norm of one per 1000. at the strengthened PhC – PHC team as per IPHS standards. Although all the PHCs have been expected to provide 24*7 nursing care, this has not been possible in several states for variety of reasons. In 24*7 PHCs having inpatient care, an additional nurse should be posted where cervical cancer screening is being undertaken/ planned. In PHCs that are not envisaged to provide inpatient care, the existing nurses should receive modular training in certificate course for primary care.",118,en,ayushman_bharat_health,government_document,2026-05-07,"[3, 8]",3,,high,text discusses health and hospital services
3b3acfd1,"2.2.3 infrastructure – Sufficient space for outpatient care, for dispensing medicines, diagnostic services, adequate spaces for display of communication material of health messages, including audio visual aids and appropriate community spaces for wellness activities, including the practice of Yoga and 2.2.4 digitization – HWC team to be equipped with tablets/smart Phones to serve a range of functions such as: population enumeration and empanelment, record delivery of services, enable quality follow up, facilitate referral/continuity of care and create an updated individual, family and population health profile, and generate reports required for monitoring at higher levels.",94,en,ayushman_bharat_health,government_document,2026-05-07,"[3, 8]",3,,high,text discusses health infrastructure and services
295a9d34,"2.2.5 Use of Telemedicine/iT Platforms – At all levels, teleconsultation would be used to improve referral advice, seek clarifications, and undertake virtual training including case management support by 2.2.6 Capacity Building – Mid Level Health Providers will be trained in a set of primary healthcare and public health competencies through an accredited training programme that combines theory and practicum with on the job training. Other service providers at HWC will also be trained appropriately to deliver the expanded range of services. 2.2.7 health Promotion – Development of health promotion material and facilitation of health promotive behaviours through engagement of community level collectives such as – Village Health Sanitation and Nutrition Committee (VHSNCs), Mahila Arogya Samiti (MAS) and Self-Help Groups (SHGs), and creating health ambassadors in schools.",126,en,ayushman_bharat_health,government_document,2026-05-07,"[3, 8]",3,,high,text discusses health and employment
7a9a360f,"Enabling behaviour change communication to address life style related risk factors and undertaking collective action for reducing risk exposure, improved care seeking and effective utilization of primary health care services. 2.2.8 Community Mobilization – for action on social and environmental determinants, would require intersectoral convergence and build on the accountability initiatives under NHM so that there is no denial of health care and universality and equity are respected. 2.2.9 linkages with Mobile Medical Units – Linkages with Mobile Medical Units (MMU) could serve to improve access and coverage in remote and underserved areas where there is difficulty in establishing HWCs. In such cases, medicines and other support could be provided to frontline workers, with AYUSHMAN BHARAT: Comprehensive Primary Health Care through Health and Wellness Centers periodic MMU visits.",128,en,ayushman_bharat_health,government_document,2026-05-07,"[3, 8]",3,,high,text discusses health care services and employment
37d51c21,"MMUs could also be linked to nearby HWCs, where medical consultation could be arranged on scheduled days, for those unable to travel to referral sites. MMUs could be used in conjunction with specific service delivery platforms, which otherwise are difficult to operationalize in that locality. MMUs can be designed to meet the specific needs in that locality, as a supplement to the HWC network. The visit calendar of the MMUs would need to be planned and displayed at HWC. Suitable payment mechanism for primary health care will need to be explored. Once the systems for population empanelment and record of services are streamlined, the possibility of financing on a per capita basis can be explored. In addition, team based incentives would be initiated.",123,en,ayushman_bharat_health,government_document,2026-05-07,"[3, 8]",3,,high,text discusses health and primary care services
9aa23f47,This will be done to facilitate accountability to outputs/outcomes and provide individual centred care. Essential Outputs of HWC 2.4.1 The hWC data Base: Population enumeration and empanelment implies the creation and maintenance of database of all families and individuals in an area served by a HWC. This is planned such that every individual is empanelled to a HWC. This also involves active communication to make residents aware of this facility. 2.4.2 health Cards and Family health Folders: These are made for all service users to ensure access to all health care entitlements and enable continuum of care. The health cards are given to the families and individuals. The family health folders are kept at the HWC or nearby PHC in paper and/or digital format.,124,en,ayushman_bharat_health,government_document,2026-05-07,"[3, 8]",3,,high,text discusses health care entitlements and employment
751aec6e,"This ensures that every family knows their entitlement to healthcare through both HWC and the Pradhan Mantri Jan Arogya Yojana or equivalent health schemes of state and central government. 2.4.3 increased access to Services: HWCs would provide access to an expanded range of services indicated in Box 2.2. The availability of services would evolve in different states gradually, depending on three factors- the availability of suitably skilled human resources at the HWC, the capacity at district/sub-district level to support the HWC in the delivery of that service, and the ability of the state to ensure uninterrupted supply of medicines and diagnostics at the level of HWC. States will also have the flexibility to expand the range of service to address local health problems as defined by disease prevalence.",128,en,ayushman_bharat_health,government_document,2026-05-07,"[3, 8]",3,,high,text discusses health and employment
66ebdd21,"2.5.1 improved population coverage: Active empanelment and HWC database will improve the population coverage. The HWC database would enable HWC staff to monitor and identify the left out population and improve coverage of national health programmes. 2.5.2 reduced out of pocket expenditure and catastrophic health expenditure: Improved access to expanded services closer to the community, assured availability of medicines and diagnostic services and linkages for care coordination with Medical Officers/specialists across levels of care will reduce financial hardships faced by community. 2.5.3 risk factor mitigation: Health promotion efforts by primary health care team would support in addressing the risk factors for diseases.",102,en,ayushman_bharat_health,government_document,2026-05-07,"[3, 8]",3,,high,text discusses health and employment
2d36ea44,"2.5.4 decongestion of secondary and tertiary health facilities: A strong network of HWCs at the sub district level would facilitate resolving more cases at primary level and reduce overcrowding at secondary and tertiary facilities for follow up cases as well as serve a gate keeping function to higher- AYUSHMAN BHARAT: Comprehensive Primary Health Care through Health and Wellness Centers 2.6.1 improved population health outcomes: Improved availability, access and utilization will in turn contribute to equitable health outcomes measured through periodic population based surveys for key indicators listed in Section 10.1- Monitoring.",91,en,ayushman_bharat_health,government_document,2026-05-07,"[3, 8]",3,,high,text discusses health facilities and employment
1f964a55,"2.6.2 increased responsiveness: Provision of care by primary care team will be based on principles of family led care including dignity and respect for individuals and communities with particular focus on marginalized, information sharing, encouraging participation, including intersectoral collaboration that will lead to increased trust building, comfort in access to care and enable addressing social and environmental determinants. While not all inputs can be provided immediately, the state needs to have a road map for HWC strengthening, in which some inputs can be added in an incremental manner. However, addition of the services for chronic conditions with requisite HR who is trained, and with the medicines and diagnostics would be a critical first step.",114,en,ayushman_bharat_health,government_document,2026-05-07,"[3, 8]",3,,high,text discusses health and employment
da1005cd,"The centres which do not fulfil all criteria but have only initiated expanded service delivery, would be referred to as “HWCs – progressive,” and have a clear time line to become “fully functional HWC”- i.e., with the entire complement of the primary health care team, and delivery of the expanded range of services, identified for Comprehensive Primary Health Care. AYUSHMAN BHARAT: Comprehensive Primary Health Care through Health and Wellness Centers 3.1. Expanded Service Delivery 3.1.1 Population Enumeration and Empanelment of Families at HWC The Primary Health Care team at the HWC would serve as the fulcrum of Comprehensive Primary Health Care and support system, for planning, delivery and monitoring services for the defined catchment population.",115,en,ayushman_bharat_health,government_document,2026-05-07,"[3, 8]",3,,high,text discusses health and wellness centers and employment in primary health care
5769438d,"Once the HWCs have been decided, population enumeration to facilitate empanelment is a In order to ensure equitable population coverage and to address issues of marginalization, the frontline workers would create population-based household lists and undertake registration of all individuals and families residing within the catchment area of a Health and Wellness Centre. It is this registration that is referred to as empanelment. It is a right of anyone, resident in that area to be enrolled. Care should not be denied to those who are not enrolled but seek care at the HWC. An active process of enrolment is encouraged to ensure that there is an active contact between the HWC team and the entitled population. Empanelment of all individuals to a particular HWC serves several roles.",127,en,ayushman_bharat_health,government_document,2026-05-07,"[3, 8]",3,,high,text discusses health and wellness centre and employment
3733c719,"It lays the foundation for trust between the community and the primary health care team. It declares the HWC as the first port of call for health for the community that the government is providing. It makes the HWC responsible for the health of population, and it enables a facilitatory role for access to secondary and tertiary care through its referral mechanisms and linkages. Finally it also provides follow up support as per the treatment plan provided by the higher facility. Empanelment of individuals and families would also facilitate monitoring universal coverage for all programmes viz. Maternal and Child Health, Family Planning, Immunization and chronic disease screening, long term communicable diseases.",111,en,ayushman_bharat_health,government_document,2026-05-07,"[3, 8]",3,,high,text discusses health and healthcare access
45c7cafe,"It also enables a basis for payment by capitation at a later stage, which would be most useful for HWCs catering to larger than expected populations. This is however likely to be a challenge in urban and other areas where population density is high. Population empanelment, updated at shorter periodic intervals would clarify the geographic and population coverage. The HWC is responsible for undertaking this, so as to make explicit the population under its care. This makes it possible for the team to understand the specific needs of population sub-groups, local specific needs, and enable monitoring and evaluation of the performance of the team including assessment of quality of care and coverage. Families can choose to be empanelled with one of the many HWCs in urban areas.",127,en,ayushman_bharat_health,government_document,2026-05-07,"[3, 8]",3,,high,text discusses health and employment
f14b07ff,"Family Health Folders and an individual health records will be created through the ASHAs and the MPWs and stored in the HWC. A digital format of the family health records will be implemented in a phased manner depending on the state of readiness for connectivity and resource availability. Population Based Records/ AYUSHMAN BHARAT: Comprehensive Primary Health Care through Health and Wellness Centers Data Base already available should be leveraged to initiate HWC based digital records of demographic information of individuals. Organization of Services Delivery of an expanded range of services, closer to the community at HWCs would require re-organization of the existing workflow processes. The delivery of services would be at three levels i.e., i) Family/Household and community levels, ii) Health and Wellness Centres and iii) and Referral Facilities/Sites.",129,en,ayushman_bharat_health,government_document,2026-05-07,"[3, 8]",3,,high,text discusses health and wellness centers and service delivery
573ca94f,"Delivery of services closer to the community and close monitoring would enable increased coverage and help in addressing issues of marginalization and exclusion of specific population groups. Family/HouseHold and HealtH and Wellness Community level Centres Family/household and Community level health and Wellness Centres First referral level – Referral – The ASHA and MPW will undertake house – The HWC must be kept open care and sites will vary with visits supported and supplemented by with services available for each illness, its care pathways the MPWs for community mobilization for at least six hours in the day. and availability of specialists.",100,en,ayushman_bharat_health,government_document,2026-05-07,"[3, 8]",3,,high,text discusses health and wellness services
7ac07805,"improved care seeking, risk assessments, Outreach services and home For consultations on acute screening, follow up for primary and visits of the team members illness, it is the MO in the PHC secondary prevention, counselling and should be so scheduled that or the specialist in CHC/DH, increasing supportive environment in someone is available at the either physically or through families and community. ASHAs can also HWC for the general OPD and teleconsultation as appropriate. support in follow up for compliance to follow up for those with chronic Over time, states will progress treatment and instructions from clinicians, illness.",98,en,ayushman_bharat_health,government_document,2026-05-07,"[3, 8]",3,,high,text discusses health services and employment
240224d6,"Follow up of chronic to establishing an FRU at through regular home visits, and assist in illness could also be organized the CHC level, and every DH conducing meetings of patient support in the form of patient group having the full complement groups. Community platforms such as meetings on fixed days at the of specialist access required to Village Health and Nutrition Days (VHNDs), HWC, for example a meeting for provide referral support to the Village Health, Sanitation, Nutrition Hypertension/Diabetes patients expanded range of services. Committees (VHSNCs), Mahila Arogya on Wednesday afternoons and Samities (MAS), would be leveraged. elderly care on Thursdays etc.",103,en,ayushman_bharat_health,government_document,2026-05-07,"[3, 8]",3,,high,text discusses health services and patient support
de21611e,"Service Delivery Framework The services envisaged at the HWC level will include early identification, basic management, counselling, ensuring treatment adherence, follow up care, ensuing continuity of care by appropriate referrals, optimal home and community follow up, and health promotion and prevention for the expanded range of services. The primary health care team led by the Mid-level health provider would be trained to provide first level of management and triage i.e. refer the patient to the appropriate health facility for treatment and follow up. Care provision at every level would be provided as per clinical pathways and standard treatment guidelines.",99,en,ayushman_bharat_health,government_document,2026-05-07,"[3, 8]",3,,high,text discusses health care and employment
2729506b,"This would facilitate the decongestion of the secondary and tertiary care facilities as the primary care services would be made available at the HWC level closer to the community with adequate referral linkages and early identification and management will prevent disease progression that would require secondary/ tertiary care interventions. Thus, the HWC team would play the critical role of coordination by assisting people in navigation of the health system and mobilizing the support for timely access to specialist services The HWC would also play an important role in undertaking public health functions in the community leveraging the frontline workers and community platforms.",102,en,ayushman_bharat_health,government_document,2026-05-07,"[3, 8]",3,,high,text discusses health and employment
6dd8f862,"AYUSHMAN BHARAT: Comprehensive Primary Health Care through Health and Wellness Centers The chapter on service delivery outlines the range of services that would be made available at the community level, at the HWC and at the referral sites to ensure effective delivery of primary care services. Task Forces are concurrently working on finalizing detailed care pathways for some of the services. These will be circulated to states as and when they are finalized. For services related to RCH, Communicable Diseases and five common Non-Communicable Diseases such care, pathways and Standard Treatment Guidelines are already available. However, these may require to be updated from time to time. Continuity of Care and Patient Centric Care Continuity of care is one of the key tenets of Primary Health Care.",126,en,ayushman_bharat_health,government_document,2026-05-07,"[3, 8]",3,,high,text discusses health and wellness centers and patient centric care
2b1dfa8f,"Continuum of care spans for the individuals from the same facility to her/his home and community, and across levels of care- primary, secondary and tertiary. Care must be ensured from the level of the family through the facility level. zz Community/household: The ASHA would undertake home visits to ensure that the patient is taking actions for risk factor modification, provides counselling and support, including reminders for follow up appointments at HWC and collection of medicines. zz hWC: Dispensation of medicines, repeat diagnostics as required, identification of complications and facilitating referrals at a higher-level facility/teleconsultation with a specialist as required are undertaken at the HWC, including maintenance of records.",108,en,ayushman_bharat_health,government_document,2026-05-07,"[3, 8]",3,,high,text discusses health and hospital services
80de1259,"The last activity would enable HWC team to identify stable patients, and to organize community level supportive activities to improve adherence to care protocols and reduction of exposure to risk factors. z The referring HWC uses a clear referral format to provide information on reason for referral and care already being provided and other details as necessary (especially on insurance coverage). The referring HWC also ensures that the appropriate specialists are available in that facility and to the extent possible, facilitate the referral appointment. zz higher-level Facility: The referred medical officer or specialists would examine the patient and develop/modify the treatment plan, including instructions for the patient as well as a note to the HWC provider, indicating the need for change.",121,en,ayushman_bharat_health,government_document,2026-05-07,"[3, 8]",3,,high,text discusses health and employment
1fdec710,"Systems need to be in place so that a medicine prescribed by a specialist is made available to the patient at the HWC where she/he is empanelled. Periodic meetings (whether in person or through virtual platforms) between HWC team and the specialists/ medical officers referred to, are also essential to ensure that they all function as one team and ensure care continuum.",62,en,ayushman_bharat_health,government_document,2026-05-07,"[3, 8]",3,,high,text discusses health and employment
53867f41,"developing referral linkages: In effect, every existing HWC providing the expanded range of services, would manage the largest proportion of disease conditions and organize referral for consultation and follow up with an MBBS doctor at the linked Primary Health Centre- HWC, (one per 30,000 population/20000 in hilly areas) that would also provide a similar set of services as the sub centre HWC, but of a higher order of complexity. The Block PHCs and CHCs would now need to provide referral services beyond emergency obstetric care, to include general medical and specialist consultation. Strengthening of health facilities as FRUs and first level of hospitalization would need to be done in a phased manner based on the availability of infrastructure, equip- ment and Human Resources for Health at the identified health facilities.",130,en,ayushman_bharat_health,government_document,2026-05-07,"[3, 8]",3,,high,text discusses health facilities and employment in healthcare
acd10d37,"For example, cases of acute simple ill- ness need not be referred to DH/FRU but can be handled at PHC itself. On the other hand, high-risk pregnancy, sick new born, care for serious mental health ailments may be referred directly to a District Hospital. Empanelment of population in HWC will facilitate gate keeping, as it will help families in identifying their closest health facility. Patient centric care, trust building by primary care team, adopting standard treatment protocols, and assured supply of medicines would facilitate in resolving more cases at the HWC level and reduce direct seeking of care at secondary level facilities. ensuring two-way referrals between various facility levels: The delivery of Comprehensive Primary Health Care particularly for chronic conditions requires periodic specialist referral.",124,en,ayushman_bharat_health,government_document,2026-05-07,"[3, 8]",3,,high,text discusses health and hospital services
912a91ef,"Treatment for chronic AYUSHMAN BHARAT: Comprehensive Primary Health Care through Health and Wellness Centers conditions can be preferably initiated by MO at PHC, in consultation with concerned specialist at secondary/ tertiary care facilities. An IT system/teleconsultation can considerably facilitate this process. The loop between the primary care medical provider and the specialist must be closed. This can be achieved when the specialists at district facility or higher are able to communicate to the medical officer of the adequacy of treatment, any change in treatment plans, and further referral action.",89,en,ayushman_bharat_health,government_document,2026-05-07,"[3, 8]",3,,high,text discusses health and wellness centers and employment in healthcare
c6684689,"Health Care Care at Community Level Care at the Health and Wellness Care at the Referral Site** Services Centre- Sub Health Centers Care in zzEarly diagnosis of pregnancy zzEarly registration of pregnancy zzAntenatal and postnatal care pregnancy and and issuing of ID number and of high-risk cases zzEnsuring four antenatal care child birth Mother and Child protection checks zzBlood grouping and Rh typing and blood cross matching zzCounselling regarding care zzAntenatal check-up including during pregnancy including zzLinkage with nearest ICTC/ screening of Hypertension, information about nutritional PPTCT centre for voluntary requirements testing for HIV and PPTCT Immunization for pregnant zzIdentifying high risk woman-TT, IFA and Calcium pregnancies and follow up supplementation zzNormal vaginal delivery and Assisted vaginal delivery zzEnabling access to Take home zzScreening, referral and follow ration from Anganwadi centre.",131,en,ayushman_bharat_health,government_document,2026-05-07,"[3, 8]",3,,high,text discusses health care services and employment of healthcare workers
56f76ddd,"up care in cases of Gestational zzSurgical interventions like zzFollow up to ensure Diabetes, and Syphilis during Caesarean section compliance with IFA in normal pregnancy zzManagement of all and anaemic cases zzNormal vaginal delivery in complications including zzFacilitating institutional specified delivery sites as per ante-partum and post-partum delivery and supporting birth state context - where Mid-level haemorrhage, eclampsia, planning provider or MPW (F) is trained puerperal sepsis, obstructed as Skill Birth Attendant (Type labour, retained placenta, zzPost- partum care visits B SHC) shock, severe anaemia, breast zzIdentifying complications abscess. zzProvide first aid treatment related to child birth, post- and referral for obstetric zzBlood transfusion facilities partum complications and emergencies, e.g.",110,en,ayushman_bharat_health,government_document,2026-05-07,"[3, 8]",3,,high,text discusses health and hospital services
c6e3a595,"eclampsia, facilitating timely referrals PPH, Sepsis, and prompt referral (Type B SHC) neonatal and zzHome based new-born care zzIdentification and zzCare for low birth weight infant health through 7 visits in case of management of high risk newborns (<1800gms) home delivery and 6 visits in newborn - low birth weight/ zzTreatment of asphyxia and case of institutional delivery preterm/ sick newborn and sepsis (with referral as zzIdentification and care of required) zzTreatment of severe ARI and high risk newborn - low birth Diarrhoea / dehydration cases weight/preterm newborn and zzManagement of birth asphyxia sick newborn (with referral as (Type B SHC) zzVitamin K for premature babies required) zzIdentification, appropriate zzChildhood and Adolescent zzCounselling and support referral and follow up of health care services including for early breast feeding, congenital anomalies immunization Management complimentary feeding of all emergency and zzManagement of ARI/Diarrhoea practices complication cases and other common illness and zzIron Supplementation referral of severe cases zzAdoption of Safe and hygiene zzScreening, referral and WASH practices follow up for disabilities and AYUSHMAN BHARAT: Comprehensive Primary Health Care through Health and Wellness Centers Health Care Care at Community Level Care at the Health and Wellness Care at the Referral Site** Services Centre- Sub Health Centers zzGrowth monitoring zzComplete immunization zzCounselling for Early zzVitamin A supplementation zzIdentification and follow up, zzIdentification of birth asphyxia, zzReporting of Adverse Events sepsis and referral after initial Following Immunization (AEFI) zzIdentification of congenital anomalies and appropriate zzFamily /community education for prevention of infections and keeping the baby warm zzIdentification of ARI/Diarrhoea- identification, initiation of treatment-ORS and timely zzMobilization and follow up for immunization services Childhood and zzGrowth Monitoring, IYCF zzComplete immunization zzNRC Services adolescent continued and enable access zzDetection and treatment zzManagement of SAM children, health care to food supplementation- all of Anaemia and other severe anaemia or persistent services including linked to ICDS deficiencies in children and malnutrition zzDetection of SAM, referral and adolescents zzSevere Diarrhoea and ARI follow up care for SAM zzIdentification and management zzPrevention of Anaemia, management of vaccine zzManagement of all ear, eye iron supplementation and preventable diseases in and throat problems, skin deworming children such as Diphtheria, infections, worm infestations, Pertussis and Measles zzPrevention of diarrhoea/ febrile seizure, poisoning, ARI, prompt and appropriate zzEarly detection of growth injuries/accidents, insect and treatment of diarrhoea/ ARI abnormalities, delays in animal bites with referral where needed development and disability zzDiagnosis and treatment for zzPre-school and School Child disability, deficiencies and Health: Biannual Screening, zzPrompt Management of ARI, development delays School Health Records, Eye acute diarrhoea and fever with zzSurgeries for any congenital care, De-worming referral as needed anomalies like cleft lips and zzScreening of children under zzManagement (with timely cleft palates, club foot etc.",450,en,ayushman_bharat_health,government_document,2026-05-07,"[3, 8]",3,,high,text discusses health and healthcare services
d2c34981,"imbalances and treatment with  Sexual and reproductive zzAdolescent health- counselling referral if required health zzDetection for cases of zzManagement of growth  Enhancing mental health substance abuse, referral and abnormality and disabilities, /Promoting favourable follow up with referral as required attitudes for preventing zzDetection and Treatment zzManagement including injuries and violence of Anaemia and other rehabilitation and counselling  Prevent substance misuse deficiencies in adolescents services in cases of substance  Promote healthy lifestyle zzDetection and referral for growth abnormality and zzCounselling at Adolescent  Personal hygiene- Oral disabilities, with referral as Friendly Health Clinics (AFHC) Hygiene and Menstrual AYUSHMAN BHARAT: Comprehensive Primary Health Care through Health and Wellness Centers Health Care Care at Community Level Care at the Health and Wellness Care at the Referral Site** Services Centre- Sub Health Centers zzPeer counselling and Life skills zzPrevention of Anaemia, management, with referral if zzProvision of IFA under National Program for Iron Family planning, zzCounselling for creating zzInsertion of IUCD zzInsertion of IUCD and Post- contraceptive awareness against early Partum IUCD services marriage and delaying early and other pregnancy zzProvision of condoms, oral reproductive care contraceptive pills and zzMale sterilization including zzIdentification and registration services emergency contraceptive pills Non-scalpel Vasectomy zzProvision of Injectable zzFemale sterilization (Mini- Lap zzMotivating for family planning Contraceptives in MPV districts and Laparoscopic (Delaying first child and spacing between 2 children) zzCounselling and facilitation for safe abortion services zzManagement of all zzProvision of condom, oral contraceptive pills and zzMedical methods of abortion emergency contraceptive pills (up to 7 weeks of pregnancy) zzProvision of Injectable on fix days at the HWC by PHC Contraceptives zzFollow up with contraceptive users zzMedical methods of abortion zzPost abortion contraceptive (up to 7 weeks of pregnancy) zzOther reproductive care counselling with referral linkages MVA up zzFollow up for any complication zzCounselling and facilitation of after abortion and appropriate zzReferral linkages with higher safe abortion services referral if needed centre for cases beyond 8 zzPost abortion contraceptive weeks of pregnancy up to 20 zzFirst aid for GBV related injuries - link to referral centre and zzFollow up for any complication legal support centre zzTreatment of incomplete/ after abortion and appropriate Inevitable/ Spontaneous referral if needed Abortions management of RTIs/STIs zzEducation and mobilizing zzSecond trimester MTP as per zzIdentification, management of community for action on MTP Act and Guidelines (with referral as needed) in violence against women cases of dysmenorrhoea, zzManagement of all post zzCounselling on prevention of vaginal discharge, mastitis, abortion complications RTI/ STI breast lump, pelvic pain, pelvic zzManagement of survivors of zzIdentification and referral of sexual violence as per medico RTI/STI cases legal protocols.",435,en,ayushman_bharat_health,government_document,2026-05-07,"[3, 8]",3,,high,"text discusses health, hospital, and disease management"
def79d15,"zzFollow up and support PLHA zzManagement of GBV related (People Living with HIV/AIDS) injuries and facilitating linkage groups to legal support centre zzEnsure regular treatment and zzManagement of hormonal and follow of diagnosed cases menstrual disorders and cases of dysmenorrhoea, vaginal discharge, mastitis, breast lump, pelvic pain, pelvic organ zzProvision of diagnostic tests services such as (VDRL, zzManagement of RTIs/STIs zzPPTCT at district level AYUSHMAN BHARAT: Comprehensive Primary Health Care through Health and Wellness Centers Health Care Care at Community Level Care at the Health and Wellness Care at the Referral Site** Services Centre- Sub Health Centers Management of zzSymptomatic care for fevers, zzIdentification and zzDiagnosis and management Communicable URIs, LRIs, body aches and management of common of all complicated cases diseases headaches, with referral as fevers, ARIs, diarrhoea, and (requiring admission) of fevers, and general needed skin infections.",139,en,ayushman_bharat_health,government_document,2026-05-07,"[3, 8]",3,,high,text discusses health and wellness services
01931c38,"(scabies and gastroenteritis, skin infections, outpatient care abscess) typhoid, rabies, helminthiasis, zzIdentify and refer in case of for acute simple patitis acute skin infections and abscesses zzIdentification and management (with referral as zzSpecialist consultation for ailments zzPreventive action and primary needed) in cases of cholera, diagnostics and management care for waterborne disease, dysentery, typhoid, hepatitis of musculo-skeletal disorders, like diarrhoea, (cholera, other and helminthiasis e.g.- arthritis enteritis) and dysentery, typhoid, hepatitis (A and E) zzManagement of common aches, joint pains, and zzCreating awareness about common skin conditions, prevention, early identification and referral in cases of helminthiasis and rabies zzPreventive and promotive measures to address musculo- skeletal disorders- mainly osteoporosis, arthritis and referral or follow up as zzProviding symptomatic care for aches and pains – joint Management of zzCommunity awareness for zzDiagnosis, (or sample zzConfirmatory diagnosis and Communicable prevention and control collection) treatment (as initiation of treatment diseases: measures appropriate for that level national health of care) and follow up care zzScreening, Identification, Complications, Programmes for vector borne diseases – Malaria, Dengue, Chikungunya, zzRehabilitative surgery in case (Tuberculosis, treatment initiation and Filaria, Kalazar, Japanese of leprosy leprosy, referral as appropriate and Encephalitis, TB and Leprosy.",194,en,ayushman_bharat_health,government_document,2026-05-07,"[3, 8]",3,,high,text discusses health and disease management
ee83192c,"immunization for Japanese encephalitis zzReferral of complicated cases zzCollection of blood slides in case of fever outbreak in zzProvision of DOTS/ensuring treatment adherence as per protocols in cases of TB Prevention, zzPopulation empanelment, zzScreening and treatment zzDiagnosis, treatment and Screening and support screening for universal compliance for Hypertension management of complications Management screening for population – and Diabetes, with referral if of Hypertension and Diabetes of non- age 30 years and above for needed zzDiagnosis, treatment and Communicable Hypertension, Diabetes, and zzScreening and follow up care follow up of cancers (esp.",91,en,ayushman_bharat_health,government_document,2026-05-07,"[3, 8]",3,,high,text discusses health and disease prevention
2cd4f60a,"diseases three common cancers – Oral, for occupational diseases Cervical, Breast, Oral) Breast and Cervical Cancer (Pneumoconiosis, dermatitis, zzDiagnosis and management zzHealth promotion activities – lead poisoning); fluorosis; of occupational diseases such to promote healthy lifestyle respiratory disorders (COPD as Silicosis, Fluorosis and and address risk factors and asthma) and epilepsy respiratory disorders (COPD and asthma) and epilepsy AYUSHMAN BHARAT: Comprehensive Primary Health Care through Health and Wellness Centers Health Care Care at Community Level Care at the Health and Wellness Care at the Referral Site** Services Centre- Sub Health Centers zzEarly detection and referral zzCancer – screening for oral, for - Respiratory disorders breast and cervical cancer and – COPD, Epilepsy, Cancer, referral for suspected cases of Diabetes, Hypertension other cancers and occupational diseases zzConfirmation and referral (Pneumoconiosis, dermatitis, for deaddiction – tobacco/ lead poisoning) and Fluorosis alcohol/ substance abuse zzMobilization activities at zzTreatment compliance and village level and schools follow up for all diagnosed for primary and secondary zzLinking with specialists and zzTreatment compliance and undertaking two-way referral follow up for positive cases Screening zzScreening for mental zzDetection and referral of zzDiagnosis and Treatment of and Basic illness- using screening patients with severe mental mental illness management of questionnaires/tools disorders zzProvision of out -patient and zzCommunity awareness zzConfirmation and referral to in-patient services about mental disorders deaddiction centres zzCounselling services to (Psychosis, Depression, zzDispense follow up medication patients (and family if Neurosis, Dementia, Mental as prescribed by the Medical available) Retardation, Autism, Epilepsy officer at PHC/ CHC or by the and Substance Abuse related zzCounselling and follow up of zzIdentification and referral to patients with Severe Mental the HWC/ PHC for diagnosis zzEnsure treatment compliance zzManagement of Violence and follow up of patients with Severe Mental Disorders zzSupport home based care by regular home visits to patients of Severe Mental Disorders zzFacilitate access to support groups, day care centres and higher education/ vocational Care for Common zzScreening for blindness and zzDiagnosis of Screening for zzManagement of all Acute and ophthalmic and refractive errors blindness and refractive errors chronic eyes, ear, nose and enT problems throat problems zzRecognizing and treating acute zzIdentification and treatment suppurative otitis media and of common eye problems zzSurgical care for ear, nose, other common ENT problems –conjunctivitis, acute red eye, throat and eye trachoma; spring catarrh, zzCounselling and support for zzManagement of Cataract, xeropthalmia as per the STG care seeking for blindness, Glaucoma, Diabetic other eye disorders zzScreening for visual acuity, retinopathy and Corneal ulcers cataract and for refractive errors zzCommunity screening for zzDiagnosis and management of congenital disorders and zzManagement of common colds, blindness, hearing and speech referral Acute Suppurative Otitis Media, impairment injuries, pharyngitis, laryngitis, zzFirst aid for nosebleeds zzManagement including nasal rhinitis, URI, sinusitis, epistaxis packing, tracheostomy, foreign zzScreening by the Mobile zzEarly detection of hearing body removal etc.",468,en,ayushman_bharat_health,government_document,2026-05-07,"[3, 8]",3,,high,text discusses health and wellness centers and disease management
15609fe0,"impairment and deafness with congenital deafness and other birth defects related to eye and ENT problems zzDiagnosis and treatment services for common diseases like otomycosis, otitis externa, AYUSHMAN BHARAT: Comprehensive Primary Health Care through Health and Wellness Centers Health Care Care at Community Level Care at the Health and Wellness Care at the Referral Site** Services Centre- Sub Health Centers zzManage common throat complaints (tonsillitis, pharyngitis, laryngitis, zzFirst aid for injuries/ stabilization and then referral. zzRemoval of Foreign Body.",79,en,ayushman_bharat_health,government_document,2026-05-07,"[3, 8]",3,,high,text discusses health and wellness services
8a3212e0,"(Eye, Ear, Nose and throat) zzIdentification and referral of thyroid swelling, discharging ear, blocked nose, hoarseness Basic oral health zzEducation about Oral Hygiene zzScreening for gingivitis, zzDiagnosis and management of care periodontitis, malocclusion, oral cancer zzCreate awareness about dental caries, dental fluorosis fluorosis, early detection and zzManagement of malocclusion, and oral cancers, with referral trauma cases, Tooth abscess, zzRecognition and referral for zzOral health education about other common oral problems zzSurgical and prosthetic care dental caries, periodontal like caries, gingivitis and tooth diseases, malocclusion and zzSymptomatic care for tooth zzManagement of conditions ache and first aid for tooth like apthous ulcers, candidiasis trauma, with referrals and glossitis, with referral for zzMobilization for screening of underlying disease oral cancer on screening day zzSymptomatic care for tooth zzCreating awareness about ill ache and first aid for tooth effects of Substance Abuse like trauma, with referral tobacco, beetle and areca nut, zzCounselling for tobacco smoking, reverse smoking and cessation and referral to elderly and zzIdentification of high risk zzArrange for suitable supportive zzDiagnosis, treatment and palliative health groups devices from higher centres to referral for complications care services the elderly /disabled persons zzSupport to family in palliative zzSurgical care to make them ambulatory zzRehabilitation through zzReferral for diseases needing zzHome visits for care to home physiotherapy and counselling further investigation and bound/ bedridden elderly, treatment, to PHC/CHC/DH disabled elderly persons zzManagement of common zzSupport family in identifying geriatric ailments; counselling, behavioural changes in elderly zzPain Management and zzLinkage with other support provision of palliative care with groups and day care centres etc.",259,en,ayushman_bharat_health,government_document,2026-05-07,"[3, 8]",3,,high,text discusses health and employment
19f65d78,"zzCommunity mobilization on promotional, preventive and rehabilitative aspects of zzCommunity awareness on various social security schemes zzIdentify and report elderly abuse cases, and provide AYUSHMAN BHARAT: Comprehensive Primary Health Care through Health and Wellness Centers Health Care Care at Community Level Care at the Health and Wellness Care at the Referral Site** Services Centre- Sub Health Centers emergency zzFirst aid for trauma including zzStabilization care and first zzTriage and management of Medical Services, management of minor injuries, aid before referral in cases trauma cases including for fractures, animal bites and of - poisoning, trauma, minor zzManagement of poisoning, Trauma and poisoning injury, burns, respiratory arrest Burns and cardiac arrest, fractures, zzManagement of simple zzEmergency care in case of shock, chocking, fits, drowning, fractures and poly trauma animal bites and haemorrhage, zzBasic surgery and surgical infections (abscess and emergencies cellulitis), acute gastro (Hernia, Hydrocele, Appendicitis, intestinal conditions and acute Haemorrhoids, Fistula, and genito urinary condition stitching of injuries) etc.",158,en,ayushman_bharat_health,government_document,2026-05-07,"[3, 8]",3,,high,text discusses health care services and employment
114469b4,"zzIdentify and refer cases for zz Handling of all emergencies surgical correction - lumps like animal bite, Congestive and bumps (cysts/ lipoma/ Heart Failure, Left Ventricular haemangioma/ganglion); Failure, acute respiratory conditions, burns, shock, acute prolapse, hernia, hydrocele, varicoele, epidymo-orchitis, lymphedema, varicose veins, genital ulcers, bed ulcers, lower urinary tract symptoms (Phimosis, paraphimosis), and * Service Delivery Framework will be updated as per recommendations of the Task Forces. ** Referral sites also include PHCs which would be strengthened as HWCs. AYUSHMAN BHARAT: Comprehensive Primary Health Care through Health and Wellness Centers 4.1. Mid Level Health Provider A key addition to the primary health team at the SHC-HWC, would be the Mid-level Health Provider (MLHP) who would be a Community Health Officer (CHO) - a BSc.",124,en,ayushman_bharat_health,government_document,2026-05-07,"[3, 8]",3,,high,text discusses health and wellness centers and employment of mid-level health providers
b1a47942,"in Community Health or a Nurse (GNM or B.SC) or an Ayurveda practitioner, trained and certified through IGNOU/other State Public Health/Medical Universities for a set of competencies in delivering public health and primary health The rationale for introducing this new cadre of health provider is to: zz Augment the capacity of the Health and Wellness Centre to offer expanded range of services closer to community, thus improving access and coverage with a commensurate reduction in OOPE. zz Improve clinical management, care coordination and ensure continuity of care through regular follow up, dispensing of medicines, early identification of complications, and undertaking basic zz Improve public health activities related to preventive and promotive health and the measurement of health outcomes for the population served by the HWC.",125,en,ayushman_bharat_health,government_document,2026-05-07,"[3, 8]",3,,high,text discusses health and wellness centre and public health services
e3e84475,"This will improve utilization of health services at primary care level, reduce fragmentation of care, and work load at secondary and tertiary care facilities. Districts will be encouraged to find MLHPs from within their district. However, since not all districts may have adequate availability of eligible candidates, it may be appropriate to plan MLHPs as a State cadre that will adhere to state specific cadre management rules. The state should make cadre rules and communicate to districts. States could also explore the possibility of creating a district cadre.",88,en,ayushman_bharat_health,government_document,2026-05-07,"[3, 8]",3,,high,text discusses health services and employment
b6e2a9da,"4.1.1 Selection of Mid Level Health Providers for the Health and Wellness Centres It is important to ensure the following processes for selection of the MLHPs are followed so that candidates with the right attitude, competencies and motivation to work in rural and remote settings are recruited. States should especially undertake local selection to maximize retention. zz Widely published notification that are clear on eligibility norms, job deliverables, selection criteria, remuneration pattern, date of written test and interview. AYUSHMAN BHARAT: Comprehensive Primary Health Care through Health and Wellness Centers zz Transparent short listing of applications. zz Conduct of written assessment and interviews of the shortlisted candidates to assess competency of the candidates and willingness to serve in rural remote areas respectively.",121,en,ayushman_bharat_health,government_document,2026-05-07,"[3, 8]",3,,high,text discusses health and wellness centers and employment of health workers
d00410a6,"zz Finalization of the score sheet and submission of the list of selected candidates to State Health Mission for ratification. zz Appointment to posts based on a system of “counselling” where those higher on the final merit list get to choose first from the posts that are vacant. The district will however retain the right to transfer them, usually within the district or state, if a need to do so arises. Recruitment of Mid- Level Health Providers can be undertaken through a state level advertisement that clearly indicates district wise positions and preference for selection of local candidates. States are free to select in-service candidates or candidates from the open market. If desirable, states can reserve a proportion of seats for women candidates.",123,en,ayushman_bharat_health,government_document,2026-05-07,"[3, 8]",3,,high,text discusses health and employment
de6e37e7,"The recruitment process of Mid-Level Health Providers will be state specific but for ensuring transparency and quality in selection, each state will need to supervise and assist every district for initial screening of applicants based on the qualifications, followed by a written examination that the state conducts; with support from any suitable government organization/institutions/public/health university with expertise in conducting such exams for large scale quality selection of candidates. This should be followed by interviews to select the most competent candidates. The Mid- Level Health Provider would broadly be expected to carry out public health functions, ambulatory care, management and provide leadership at the HWCs. They would be responsible for the 1.",111,en,ayushman_bharat_health,government_document,2026-05-07,"[3, 8]",3,,high,text discusses health and employment
0a46844d,"Ensure that all households in the service areas are listed, empanelled and a database is maintained- in digital format/ paper format as required by the state. Provide clinical care as specified in the care pathways and standard treatment guidelines for the range of services expected of the HWC. Clinical care provision would include coordinating for care/ case management for chronic illnesses based on the diagnosis and treatment plan made by the Medical Officer/specialists who will initiate treatment for chronic diseases, dispense drugs as per standing orders by the 4. Such coordination could be facilitated through processes such as telehealth. However, MLHPs can also provide medicines as per the provisions of Schedule K, Item 23.",114,en,ayushman_bharat_health,government_document,2026-05-07,"[3, 8]",3,,high,text discusses health and employment
e5823e14,"Focus attention in screening for chronic conditions on screening, enabling suspected cases confirmed and initiating treatment based on appropriate STGs or on basis of plans made by medical officer/specialists. As a team, ensure adherence, along with counselling and support as needed for primary and secondary prevention efforts. Such chronic conditions would include both non-communicable diseases and the chronic communicable diseases of tuberculosis, 6. Coordinate and lead local response to diseases outbreaks, emergencies and disaster situations and support the medical team or joint investigation teams for disease outbreaks.",87,en,ayushman_bharat_health,government_document,2026-05-07,"[3, 8]",3,,high,text discusses health and medical treatment
0fd9d957,"Support the team of MPWs and ASHAs on their tasks, including on the job mentoring, support and supervision and undertaking the monitoring, management, reporting and administrative functions of the HWC such as inventory management, upkeep and maintenance, and management of untied AYUSHMAN BHARAT: Comprehensive Primary Health Care through Health and Wellness Centers 8. Support and supervise the collection of population based data by frontline workers, collate and analyse data for planning and report the data to the next level in an accurate and timely fashion. Use HWC and population data to understand key causes of mortality, morbidity in the community and work with the team to develop a local action plan with measurable targets, including a particular focus on vulnerable communities.",121,en,ayushman_bharat_health,government_document,2026-05-07,"[3, 8]",3,,high,text discusses health and wellness centers and employment of frontline workers
1ccd35e6,"Coordinate with community platforms such as the VHSNC/MAS/SHGs and work closely with PRI/ ULB, to address social determinants of health and promote behaviour change for improved health 10. Address issues of social and environmental determinants of health with extension workers of other departments related to gender based violence, education, safe potable water, sanitation, safe collection of refuse, proper disposal of waste water, indoor air pollution, and on specific environmental hazards such as fluorosis, silicosis, arsenic contamination, etc. Guide and be actively engaged in community health promotion including behaviour change 4.1.3 Training and Mentorship The Mid Level Health providers would be trained in either Certificate Programme in Community Health, managed and certified by IGNOU/ state universities or have a B.Sc. degree in Community Health.",123,en,ayushman_bharat_health,government_document,2026-05-07,"[3, 8]",3,,high,text discusses health and social determinants of health
daa82285,"The curriculum will enable the MLHP to attain a set of competencies related to public health and primary health care. In order to accommodate the needs of rapid scale up, states would be encouraged to partner with public /medical universities to also deliver the Certificate Programme. In addition, a modular course, while retaining the core competences would also be explored, combining theoretical and experiential components, and to enable the candidates to use a learning by doing approach. To improve training quality states shall also institutionalize District Level Committee of Observers to monitor the ongoing trainings.",95,en,ayushman_bharat_health,government_document,2026-05-07,"[3, 8]",3,,high,text discusses health and employment
adb36a49,"These committees can have representation from-Service providers of NGO run hospitals/Nurse Training Colleges/Faculty of MPW Training Centres/Medical Colleges and Counsellors from programme study centres and may submit feedback to State NHM/District Health Officers/CMHOs on improvement areas if any. In addition, states will need to create a strong mentorship programme including through programmes like ECHO (Extension for Community Health Care Outcomes) for supporting the MLHPs through handholding, trouble shooting, problem solving, to enable building of technical competencies and sustaining motivation. The mentors could be drawn from schools of public health/medical colleges/district health teams/Technical support agencies and development partners.",97,en,ayushman_bharat_health,government_document,2026-05-07,"[3, 8]",3,,high,text discusses health and healthcare infrastructure
3b32c072,"4.1.4 Career Progression As the programme matures, and for MLHP to see an aspirational future trajectory, avenues for career progression of Mid-Level Health Provider would be explored in public health functions up to block, and district level, in synergy with the public health cadre. The figure below shows a proposed career progression plan for the mid-level health providers. While planning the career progression at block and district level, states have the flexibility to engage MLHPs in different areas as appropriate. Further, as means to ensure retention, preference or reservation of seats for MLHPs may be planned in other job opportunities at state/district level and in continuing Medical Education- MSc, PG-DPHM courses etc.",112,en,ayushman_bharat_health,government_document,2026-05-07,"[3, 8]",3,,high,text discusses health and employment
174627c0,"AYUSHMAN BHARAT: Comprehensive Primary Health Care through Health and Wellness Centers District CHO as Assistant to support Tutors/Lecturers at CHO at DH to assist District Sur- District Programme officers for National DTC/ANMTC/RHFWTC geon in Hospital Management Health Programmes District Level Qualifying Exam and Programme Specific Trainings (5-6 years) CHO at facility to support Administrative Block Level CHO to support Medical Officer in in Hospital Management Block Level One- year Training in Public Health Management/Hospital administration=5-6 years Community Health Officers at Primary Health Centre to support PHC MO in clinical func- tions and monitoring public health functions of SHC-HWC Qualifying Examination after 6 years of service at HWC Absorption as regular MLHP for contractual em- Option to Continue with Clinical ployees after six years of service delivery at HWC Nursing/Ayurveda Practitioner Trajectory with appropriate seniority (the option for continu- ing in a clinical role would only be available to those that are in Mid-Level Health Provider at (Community Health service candidates) Officer) Health and Wellness Centres 4.2 Multi-Skilling of other Frontline Health Workers Frontline workers, and Service Providers posted at all levels would also be multi-skilled to address the mismatch in the services to be provided and present levels of training of primary care team members.",205,en,ayushman_bharat_health,government_document,2026-05-07,"[3, 8]",3,,high,text discusses health and wellness centers and hospital management
e1d60367,"The key principle is that as many skills as possible and appropriate at that level should be available within the team at the HWC, so that the services are assured to the population and the team is able to resolve more at their level including through telehealth with fewer referrals. MPW (M & F) would need skills to function as paramedics for undertaking laboratory, pharmacy and counselling functions. Similarly, at the HWC-PHC level, staff would be appropriately skilled to function as ophthalmic technicians, dental hygienists, physiotherapists, etc. Staff that opt to provide such services would be trained and equipped with specific skills, and be provided with additional compensation. The use of technology would be harnessed to undertake the training/multi-skilling given the sheer magnitude of the task.",126,en,ayushman_bharat_health,government_document,2026-05-07,"[3, 8]",3,,high,text discusses health services and employment
a76663a1,"Platforms such as ECHO, Massive Open Online Courses, SatCom, etc. States will need to enter into partnerships with a range of academic and training organizations to help deliver such multi-skilling on an ongoing basis. See Table 4.1 on Human Resource Requirements, Skill Requirements and Training for AYUSHMAN BHARAT: Comprehensive Primary Health Care through Health and Wellness Centers Facility Human Skill Requirements Training Resource Requirements Community ASHA/1000 Core skills: zzEight Days of level population Induction Training zzCommunity Mobilization, Communication, Negotiation, Leadership zz20 Days of Skill zzSkills for community level management of Reproductive, Maternal, New Born and Adolescent Health care ASHA for 2500 zzSkills for identification, referral follow up care and population in ensuring treatment compliance related to communicable urban areas diseases-TB, Leprosy, Vector Borne Diseases etc.",125,en,ayushman_bharat_health,government_document,2026-05-07,"[3, 8]",3,,high,text discusses health and wellness centers and community health workers
259f782b,"BETI BACHAO BETI PADHAO SCHEME IMPLEMENTATION GUIDELINES FOR STATE GOVERNMENTS / UT ADMINISTRATIONS Ministry of Women and Child Development Ministry of Women and Child Development (MWCD) has the copy right of BBBP logo. Any organization, NGOs, Community Based Organization (CBOs), Corporates and International agencies shall never use BBBP logo without prior written permission of MWCD. Occurrence of action come to notice of this Ministry then a legal action may be initiated. All rights related to uses of Tag line of BBBP “Beti Bachao Beti Padhao” is reserved by Ministry. BBBP Tag line may be used only for public interest.",99,en,beti_bachao_beti_padhao,government_document,2026-05-07,"[5, 8]",5,,high,text discusses women empowerment and employment
719b52c0,AWW Aanganwadi worker ASHA Accredited Social Health Activist ANM Auxiliary Nurse & Midwife BBBP Beti Bachao Beti Padhao CSO Civil Society Organization DAP District Action Plan DLSA District Legal Services Authority DTF District Task Force IEC Information Education Communication ICDS Integrated Child Development Service ICPS Integrated Child Protection Scheme KGBV Kasturba Gandhi Balika Vidyalaya MCPC Mother and Child Protection Card MSK Mahila Shakti Kendra MHFW Ministry of Health and Family Welfare MHRD Ministry of Human Resource Development MWCD Ministry of Women and Child Development NGO Non Government Organisation NHM National Health Mission NRLM National Rural Livelihood Mission NTF National Task Force PC & PNDT Pre-Conception & Pre-Natal Diagnostic Techniques PHC Primary Health Centre PMU Programme Management Unit POCSO Protection of Children from Sexual Offences PRI Panchayati Raj Institution RTE Right To Education SAA State Appropriate Authority SMC School Management Committee SSE Sex Selective Elimination SRCW State Resource Centre for Women SRB Sex Ratio at Birth TSC Total Sanitation Campaign UEE Universal Elementary Education VHND Village Health & Nutrition Day VHSNC Village Health Sanitation and Nutrition Committee BETI BACHAO BETI PADHAO SCHEME 1.1 The Census (2011) data showed a significant declining trend in the Child Sex Ratio1 (CSR) between 0-6 years with an all time low of 918.,207,en,beti_bachao_beti_padhao,government_document,2026-05-07,"[5, 8]",5,,high,text discusses women empowerment and child protection
e0dea27c,"The issue of decline in the CSR is a major indicator of women disempowerment as it reflects both, pre-birth discrimination manifested through gender biased sex selection, and post birth discrimination against girls (in form of their health, nutrition, educational needs). The principal factor behind the Child Sex Ratio being so adverse is the low Sex Ratio at Birth (SRB)2. Social construct discriminating girls on the one hand, easy availability, affordability and subsequent misuse of diagnostic tools on the other hand, have been critical in declining CSR. The strong socio-cultural and religious biases, preference for sons and discrimination towards daughters has accentuated the problem.",103,en,beti_bachao_beti_padhao,government_document,2026-05-07,"[5, 4]",5,,high,text discusses gender equality and education
77022443,"1.2 The sharp decline as pointed by Census 2011 data is a call for urgent action, as it highlights that the girl child is increasingly being excluded from life itself. Coordinated and convergent efforts are needed to ensure survival, protection and education of the girl child. In this background, Beti Bachao Beti Padhao (BBBP) Scheme was launched by the Hon’ble Prime Minister on 22nd January, 2015 in Panipat, Haryana to address the issue of decline in CSR and related issues of empowerment of girls and women over a life cycle continnum. The scheme was initially launched in 100 districts in 2014-15, and was expanded to 61 additional districts in 2015-16.",110,en,beti_bachao_beti_padhao,government_document,2026-05-07,"[5, 8]",5,,high,text discusses gender equality and empowerment of girls and women
6fe5c062,"Following initial success of the scheme, the initiative has been expanded to all 640 districts of the Country (as per Census 2011) through a nation-wide mass media campaign, and focussed intervention and multi-sectoral action in select districts. PURPOSE OF IMPLEMENTATION GUIDELINES 2.1 The purpose of these guidelines is to serve as a reference material with all necessary practical information on the components of BBBP and how to implement, monitor and report it at various levels. These are also intended to serve as an effective reference manual for officials at the National and State / Union Territory (UT) levels for policy guidance and monitoring. The Guidelines cover key components of the Scheme as well as modalities of implementation.",117,en,beti_bachao_beti_padhao,government_document,2026-05-07,"[5, 8]",5,,high,text discusses girl child empowerment and employment
b6ff7819,It also lays down monitoring and reporting formats to be used at different levels. It is expected that these guidelines will be used by the target audience as a reference material for understanding scheme strategy and its processes. It will also help them to ensure effective implementation of the Scheme at all levels. The guidelines are not exhaustive and the feedback received from States/UTs from time to time will be incorporated as per requirements. 3.1 The Overall Goal of the Beti Bachao Beti Padhao (BBBP) Scheme is to celebrate the girl child and enable her education. The objectives of the Scheme are as under: 1Child Sex Ratio is defined as number of girls per 1000 of boys between 0-6 years of age.,122,en,beti_bachao_beti_padhao,government_document,2026-05-07,"[5, 4]",5,,high,text discusses girl child education and empowerment
cecb79d0,"2Sex Ratio at Birth is defined as number of girls born per 1000 boys born i. To prevent gender biased sex selective elimination ii. To ensure survival and protection of the girl child iii. To ensure education and participation of the girl child Primary Young and newly married couples; Pregnant and Lactating mothers; parents Secondary Youth, adolescents (girls and boys), in-laws, medical doctors/ practitioners, private hospitals, nursing homes and diagnostic centres Tertiary Officials, PRIs; frontline workers, women SHGs/Collectives, religious leaders, voluntary organizations, media, medical associations, industry associations, general public as a whole 5. SELECTION OF DISTRICTS i) In Phase-I (Year 2014-15), the Scheme was started in 100 districts for focussed intervention and multi-sectoral action.",114,en,beti_bachao_beti_padhao,government_document,2026-05-07,"[5, 8]",5,,high,text discusses gender equality and empowerment of women
9522f12d,These districts were identified on the basis of low Child Sex Ratio as per Census 2011 covering all States/UTs as a pilot with at least one district in each State. The criteria/norms for selection/identification of first 100 districts in Phase-I are as under :-  87 Districts have been selected from 23 States/UTs having Child Sex Ratio below the National average of 918.  8 Districts have been selected from 8 States/UTs having Child Sex Ratio above National average of 918 but showing declining trend.  5 Districts have been selected from 5 States/UTs having Child Sex Ratio above National average of 918 and showing improving trend so that other parts of country can learn from them.,117,en,beti_bachao_beti_padhao,government_document,2026-05-07,"[5, 8]",5,,high,text discusses gender equality and employment
2f9dd4a2,"ii) In Phase-II (Year 2015-16), the Scheme was expanded in additional 61 districts covering 11 States for creating awareness and advocacy about the issue taking into account the criticality of the issue and performance of the scheme on ground. iii) In this short duration, BBBP has been well-received and favourable trends are visible in many of the districts. The scheme has been successful in establishing the improvement in Child Sex Ratio as a National Agenda.",75,en,beti_bachao_beti_padhao,government_document,2026-05-07,"[5, 8]",5,,high,text discusses gender equality and employment
c462a233,"Based on the successful implementation in 161 districts, the Cabinet has approved the expansion of BBBP which would include Multi-sectoral intervention in 244 districts (in addition to existing 161 districts) and Alert District Media, Advocacy and Outreach in 235 districts, thus covering all the 640 districts (as per census 2011) of the Country to have a deeper positive impact on Child Sex Ratio. The list of 161 districts - selected under BBBP in Phase-I and Phase-II is placed at Annexure-I. List of Districts selected under Pan India expansion for Multi-sectoral Action (244 districts) and Alert Media Advocacy and Outreach (235 districts) is placed at Annexure-II and Annexure-III.",107,en,beti_bachao_beti_padhao,government_document,2026-05-07,"[5, 8]",5,,high,text discusses girl child empowerment and employment
4b28f5a3,"6.1 Advocacy and Media Campaign on Beti Bachao-Beti Padhao: Under the Scheme, a Nation-wide campaign was launched for celebrating Girl Child and enabling her education. The campaign aims at ensuring that girls are born, nurtured and educated without discrimination to become empowered citizens of this country with equal rights. A 360° media approach is being adopted to create awareness and disseminating information about the issue across the nation. This includes radio spots/ jingles in Hindi and regional languages, television publicity, outdoor and print media, community engagement through mobile exhibition vans, social media and field publicity. Awareness generation through SMS campaigns, Mailers, Hand-outs, Brochures and other IEC material in English, Hindi and regional languages is to be adopted.",117,en,beti_bachao_beti_padhao,government_document,2026-05-07,"[5, 4]",5,,high,text discusses girl child empowerment and education
d3bf382d,"Social Media Platforms are being used such as MyGov, Vikaspedia, Website of Ministry of Women and Child Development, Facebook, 6.2 Multi-Sectoral intervention in selected Gender Critical Districts worse on CSR: Under the Scheme, the multi-sectoral action in selected 405 districts (including existing 161 districts) covering all States/UTs will focus on schematic intervention and sectoral actions in consultation with M/o H&FW & M/o HRD. Measurable outcomes and indicators will bring together concerned sectors, States and districts for urgent concerted multi-sectoral action to improve the CSR. A flexible framework for multi-sectoral action will be adapted and contextualized by State Task Forces for developing, implementing and monitoring State/ District Plans of Action to achieve the State Specific Monitorable Targets. State/ Districts will similarly develop their plans responsive to different State/District contexts.",128,en,beti_bachao_beti_padhao,government_document,2026-05-07,"[5, 8]",5,,high,text discusses gender equality and empowerment
64d7fd4e,"MONITORABLE TARGETS i) Improve the Sex Ratio at Birth (SRB) in selected gender critical districts by 2 points ii) Reduce Gender differentials in Under Five Child Mortality Rate from 7 points in 2014(latest available SRS report) to 1.5 points per year iii) At least 1.5 % increase per year of Institutional Deliveries. iv) At least 1% increase per year of 1st Trimester ANC Registration. v) Increase enrolment of girls in secondary education to 82% by 2018-19. vi) Provide functional toilet for girls in every school in selected districts. vii) Improve the Nutrition status of girls - by reducing number of underweight and anemic girls under 5 years of age. viii) Ensure universalization of ICDS, girls’ attendance and equal care monitored, using joint ICDS NHM Mother Child Protection Cards.",128,en,beti_bachao_beti_padhao,government_document,2026-05-07,"[5, 4]",5,,high,text focuses on gender equality and education
b1439edf,"ix) Promote a protective environment for Girl Children through implementation of Protection of Children from Sexual Offences (POCSO) Act 2012. x) Train Elected Representatives/ Grassroot functionaries as Community Champions to mobilize communities to improve CSR and promote Girl’s education. As the issue of decline in Child Sex Ratio is complex and multi-dimensional, a multi- sectoral strategy which is governed by the core principles of respecting, protecting and fulfilling the rights of girls and women, including the ending of gender discrimination and violence will be adopted. The core strategies will be as follows: i) Implementing a sustained Mass Media Advocacy Outreach Campaign with a 360° media approach to create equal value for the girl child and promote her education.",118,en,beti_bachao_beti_padhao,government_document,2026-05-07,"[5, 4]",5,,high,text discusses gender equality and girl child education
4f784c5c,"ii) Placing the issue of decline in CSR/SRB in public discourse, improvement of which would be an indicator of gender balance. iii) Focusing on Districts and Cities low on CSR for intensive and integrated action. iv) Adopting Innovative Interventions/Actions by the districts as per their local needs, context and sensibilities. v) Strengthening capacities of Panchayati Raj Institutions/Urban Local Bodies/ Elected Representatives/Grassroot workers as catalysts for social change, in partnership with local community/women’s/youth groups. vi) Engaging with Communities to challenge gender stereotypes and social norms. vii) Facilitating service delivery structures/schemes and programmes are sufficiently responsive to issues of gender and children’s rights. viii) Enabling Inter-sectoral and inter-institutional convergence at District/Block/ 9.",110,en,beti_bachao_beti_padhao,government_document,2026-05-07,"[5, 8]",5,,high,text discusses gender equality and women empowerment
1fe3f70e,"MODALITIES OF SCHEME 9.1 Convergence with Line Ministries/Departments Implementation of BBBP requires linkages for convergent action with concerned Ministries/Departments for policy and programmatic interventions, training and capacity building and communication. Further linkages will also be established with States and district administration for implementation. Ministry/ Role and Responsibilties and Child i. Provide overall guidance and support to States/UTs/Districts and Development other stakeholders in implementation of BBBP. Provide overall administration of the scheme. Collate best practises/ initiatives on creating value of girl child. Undertake Training/Sensitization & Orientation of officials, functionaries and stakeholders. Undertake National advocacy and media outreach campaign vi. Development of Online Management Information System (MIS) for reporting and monitoring. Protection of Children from Sexual Offences (POCSO) Act 2012 notified: National and State Specific Guidelines issued.",125,en,beti_bachao_beti_padhao,government_document,2026-05-07,"[5, 8]",5,,high,text discusses girl child empowerment and education
f4f495f9,"Facilitate and provide guidance to the districts for Women and Child implementation of BBBP. Development/Social ii. Convene State Task Force Meetings on a regular basis, ensure Welfare progress on intermediary targets. Establish convergence on BBBP with other partner departments such as Health, Education, PRI/ULBs, Rural Development, and Registrar General of India (RGI) etc. Strengthen linkages with other women oriented schemes and v. Facilitate Training of Master Trainers and ensure training is imparted by the districts to the existing network of AWWs/ ASHAs and other functionaries. Identify local champions at all levels for creating awareness about the issue concerning women and girl child. Reward & Recognize good performing districts, block, panchayats, grassroot workers and local champions. Undertake innovative initiatives at State level to draw attention to equal value of girl child.",130,en,beti_bachao_beti_padhao,government_document,2026-05-07,"[5, 8]",5,,high,text discusses women and girl child empowerment
f6513a66,Ensure State specific/local thematic issues are addressed Note: State Resource Centre for Women (SRCW) under Mahila Shakti Kendra scheme to function as Programme Management Unit (PMU) to provide technical and coordination support for BBBP. The detailed guidelines for scheme implementation may be seen at at Annexure-IX: Guidelines for District Collectors/ Deputy Commissioners (Page 45-96) Ministry of Health Effective Implementation of Pre-Conception & Pre-Natal & Family Welfare Diagnostic Techniques (PC&PNDT) Act (MoHF&W) National level i. Central Supervisory Board (CSB) to Ensure regular meetings of Central Supervisory Board (CSB) ii. Two National levl meeting per year to review the implementation of PC& PNDT Act iii. Five regional review meetings iv. National Inspection and Monitoring Committee Visits (24 visits v. National Capacity Building workshop of State Appropriate Authorities and State Nodal Officers vi.,130,en,beti_bachao_beti_padhao,government_document,2026-05-07,"[5, 8]",5,,high,text discusses gender equality and women empowerment
e6dacd18,"National Capacity Building workshop for NIMC members vii. Orientation program for the State Appropriate Authorities and State Nodal Officers on new amendments to the PC&PNDT Department of State level Health and Family i. Constitution/ reconstitution of State Supervisory Board, Welfare, State Multimember State appropriate Authority and State Advisory Government Committee and ensure regular meetings. Strengthening of the State PC&PNDT cell (through the funds of iii. Review meetings and field inspections and monitoring in every three months of the selected districts. Setting up of Inspection targets for the State inspection v. Orientation and sensitisation of the judiciary at State and district level through State Judicial Academies to ensure speedy decisions on the pending PNDT cases.",114,en,beti_bachao_beti_padhao,government_document,2026-05-07,"[5, 8]",5,,high,text discusses women empowerment and employment
75f79a12,"Setting up of a dedicated legal cell at the State level to ensure adequate and prompt defending of all the ongoing PNDT court cases and timely filing of appeals. The State coordinator of the legal cell may be a retired magistrate or the district judge with at least four lawyers with adequate office support. Analysis, monitoring of all the on-going PNDT court cases pending in the district courts and updating of information (including the most crucial interventions required in each case) at the district level by State legal consultant viii. Follow-up with Registrars of Supreme Court/ High Court for disposal of PNDT cases with review by PMO ix.",108,en,beti_bachao_beti_padhao,government_document,2026-05-07,"[5, 8]",5,,high,text discusses girl child empowerment and employment
229b7910,"Timely communication to the State Medial Council in case of conviction or charge sheet is secured against any medical doctor to ensure suspension/ cancellation of medical license. Department of The collectors /DMs may ensure the following through the Health Health, District Department: level i. 100% registration of births in the district especially through Civil Registration System (CRS). Monitoring the Sex Ratio at Birth, block /GP/ Municipality wise through birth registration data to identify and develop focused action plan for more affected areas of the district. All pregnancies are registered and complete ANC and post Natal services are provided to all women. All statutory bodies as District Advisory Committees under the PC&PNDT Act are constituted/ reconstituted and meetings are conducted at intervals mandated by the Act.",125,en,beti_bachao_beti_padhao,government_document,2026-05-07,"[3, 8]",3,,high,text discusses health services and employment
8bdda6b5,"The formulation of District Inspection and Monitoring Committees for conducting regular inspections and monitoring of the registered bodies under the Act. Registration of all Genetic Laboratories, Genetic Counseling Centre and Genetic Clinics including IVF centres conducting pre-conception and pre-natal diagnostic counseling, test, procedure having potential for sex selection before/ after vii. Maintenance of a comprehensive and detailed data base of the complaints / registrations/ renewals/ court cases/ convictions/ suspensions/ cancellations/ make and model of diagnostic equipment used in the diagnostic clinics, name and qualification of doctors conducting the diagnostic procedures/ test in the district for better monitoring and regulation. Regular surveys of diagnostic centres (Genetic laboratories, Genetic Counseling Centres, Genetic Clinics/ Imaging Centres/ Ultrasound Clinics) capable of detecting/determine the sex of the foetus to identify unregistered facilities.",127,en,beti_bachao_beti_padhao,government_document,2026-05-07,"[5, 8]",5,,high,text discusses girl child empowerment and employment
b4fc5e7c,Maintenance and timely submission of the records by the registered facilities as prescribed under the PC&PNDT Act on 5th of the following month and analyze/ audit the record for effective monitoring and regulation. Conduct decoys to unearth the illegal practice of sex selection in the District and coordinate with the neighboring District Appropriate Authorities to track inter district networks involved in illegal practice of sex selection. Develop intelligence by instituting rewards for the informers. Follow up of court cases pending under the PC&PNDT Act and ensure the attendance of District Appropriate Authority or person authorities on his/ her behalf in every hearing of the xiii.,105,en,beti_bachao_beti_padhao,government_document,2026-05-07,"[5, 8]",5,,high,text discusses girl child empowerment and employment
c80375d1,Communication of the names of all the convicted doctors in the district to the Medical Council for necessary action under Section 23 (2) of the PC&PNDT Act. Training of medical officers for conducting diagnostic procedures in Government facilities to ensure effective complete compliance of PNDT Act. Sensitization of all frontline workers (Health &WCD) towards girl child to ensure all Health and nutritional needs of Girl Child and to promote the special benefits provided to girl child through various programmes and schemes. Set up a functional anonymous complaint portal or platform. Utilization of the registration fee collected under the PC&PNDT Act for the effective implementation and monitoring of the Act.,109,en,beti_bachao_beti_padhao,government_document,2026-05-07,"[5, 8]",5,,high,text discusses girl child empowerment and education
8e241094,"Submission of regular monthly report on the status of implementation of PC&PNDT Act to the State Appopriate Authorities to help timely compilation of Quarterly Progress Reports for the State/ UT. Bimonthly review meetings under the chairmanship of Districts Collector/ Magistrate. Ministry of Human i. Activate School Management Committees (SMCs) to ensure Resource universal enrolment, retention and completion of secondary Development education of girls. Create Forums to encourage participation of girls through Department of Balika Manch. School Education iii. Construction and ensuring of functional toilet for girls . Completion of Kasturba Gandhi Bal Vidyalayas. Campaign to re-enroll drop-out girls in secondary schools. Construction of girls hostels for secondary and senior secondary vii. Sensitization of teachers on Child Sex Ratio through Samagra viii.",121,en,beti_bachao_beti_padhao,government_document,2026-05-07,"[5, 4]",5,,high,text discusses girl child education and empowerment
2e9bb6f2,"Institutionalize standard guidelines/ protocols for Girl Child Friendly Schools including residential schools and ensure its effective implementation. Institute district level awards for feliciating girl-achievers, and special award for meritorious girls. 9.2 Convergence with other Line Ministries/Departments: Linkages with partner Ministries and line Departments such as Panchayati Raj, Urban Local Bodies, Youth Affairs and Sports, Skill Development Mission, Registrar General of India (RGI) to be 9.3 Engagement with other stakeholders: Engagement with local NGOs, CBOs, Civil Society Groups, Women’s Organizations working on the issue of Gender, Child Sex Ratio, and Education will be established. Linkages will be strengthened with the schools, colleges, professional colleges and universities to run sensitization campaigns on value of girl child and enable her education.",118,en,beti_bachao_beti_padhao,government_document,2026-05-07,"[5, 4]",5,,high,text discusses gender equality and education
466b757f,"The scope and role of local CSOs may be worked out mutually through consultations with District Administration. 9.4 Linkages will be explored with corporates to leverage and mobilize resources under Corporate Social Responsibility (CSR) in addressing issue on case to case basis. STEPS TO BE TAKEN BY STATE GOVERNMENTS / UT 10.1 States will form a State Task Force (STF) headed by the Chief Secretary to coordinate the Multi-Sectoral implementation of the Scheme. In UTs, the Task Force would be headed by Administrator, UT Administration. 10.2 Ensure meetings of STF at least twice in a year. 10.3 State will ensure formation of District Task Force (DTF) headed by Collector/Deputy Commissioner.",110,en,beti_bachao_beti_padhao,government_document,2026-05-07,"[5, 8]",5,,high,text discusses girl child empowerment and employment
011b5db0,"10.4 State Government/UT Administration will review the expenditure and performance of the Districts on key monitorable targets on a regular basis. 10.5 The State/UTs Government will facilitate trainings, initiate awareness generation activities and advocacy for changing the mind set of people. The Information Education and Communication materials will be used for wider dissemination and visibility of the 10.6 State Task Force shall also plan to ensure effective implementation of Civil Registration System (CRS) and organized campaign on half yearly basis. The State may ensure participation of member of RGI in State Task Force (STF) as a member.",97,en,beti_bachao_beti_padhao,government_document,2026-05-07,"[5, 8]",5,,high,text discusses girl child empowerment and employment
250e6c09,"MONITORING AND SUPERVISION Monitoring of the BBBP Scheme would be at following levels: 11.1 At National level, a National Task Force (NTF) for Beti Bachao Beti Padhao headed by Secretary, WCD with representation from concerned ministries namely Ministry of Health & Family Welfare, Ministry of Human Resource Development, National Legal Services Authority, Department of Disability Affairs and Ministry of Information and Broadcasting, Gender Experts and Civil Society representatives. The Task Force will provide national level guidance and support; finalize training content; review State plans and monitor effective implementation. The NTF will meet on a bi-annual basis to review the implementation of the Scheme. 11.2 Ministry of Women and Child Development is the nodal Ministry for the implementation and monitoring of the scheme.",122,en,beti_bachao_beti_padhao,government_document,2026-05-07,"[5, 8]",5,,high,text discusses gender equality and women empowerment
5ff2aa4a,"Concerned ministries would be responsible for ensuring relevant sectoral inputs for the effective implementation. MWCD will have the responsibility of coordinating the implementation of the scheme through the BBBP Division. A Programme Management Unit (PMU) will be created under BBBP to provide technical inputs and support to BBBP Division for the implementation, coordination and monitoring of the Scheme. Secretary, WCD may cause minor changes in BBBP guidelines for operational exigencies in needed cases without affecting basic aim, objective and substance of BBBP and without additional financial implication. 11.3 At the State level, the States shall form a State Task Force (STF) with representation of concerned Departments including State Level Services Authority and Department of Disability Affairs for Beti Bachao, Beti Padhao to coordinate the Multi- Sectoral implementation of the Scheme.",130,en,beti_bachao_beti_padhao,government_document,2026-05-07,"[5, 8]",5,,high,text discusses girl child empowerment and education
45985525,"As the issue requires convergence and coordination between Departments, the Task Force would be headed by the Chief Secretary. In UTs the Task Force would be headed by Administrator, UT Administration. Some States/UTs have their own mechanism at the State/UT level for Women’s Empowerment, Gender and Child related issues which may be considered and/or strengthened as State/UT Task Force. Principal Secretary, WCD/Social Welfare will be the convenor of this body. Department of Women and Child Development will have the responsibility of coordinating all the activities related to implementation of the Scheme in the State/UTs through the Directorate of ICDS/ MSK (Mahila Shakti Kendra).",103,en,beti_bachao_beti_padhao,government_document,2026-05-07,"[5, 8]",5,,high,text discusses women empowerment and gender equality
9e3b3c59,"State Resource Centre for Women (SRCWs), institutions under the MSK Scheme wherever functional, will function as PMU to provide technical and coordination support for implementation and monitoring of the State action plan. The STF will meet at least twice in a year to review and assess the progress on intermediary targets achieved by the districts. 11.4 At the District level, a District Task Force (DTF) led by the District Collector/Deputy Commissioner with representation of Departments like Health, Education, and other concerned departments such as District Legal Services Authority and Police. The DTF will be responsible for effective implementation, monitoring and supervision of the District Action Plan (DAP).",107,en,beti_bachao_beti_padhao,government_document,2026-05-07,"[5, 8]",5,,high,text discusses girl child empowerment and employment
9cb27097,"Technical support and guidance for the formulation and implementation of Action Plan in the district would be provided by District Programme Officer (DPO) in the District ICDS Office using the Block level Action Plans. They shall also undertake monthly review of the progress on the activities listed in the Department Plans of action at the district level. MSK/District Level Centres for Women (DLCW), wherever functional, will act as PMU to provide technical and coordination support to DC/DM on implementation of BBBP. 11.5 At the Block level, a Block level Committee would be set up under the chairpersonship of the Sub Divisional Magistrate/Sub Divisional Officer/Block Development Officer (as may be decided by the concerned District Administration) to provide support in effective implementation, monitoring and supervision of the Block Action Plan.",129,en,beti_bachao_beti_padhao,government_document,2026-05-07,"[5, 8]",5,,high,text discusses women empowerment and employment
6da11df0,"The College Student Volunteers under MSK (in 115 selected backward districts) will sensitize and create awareness in the community on BBBP. 11.6 At the Gram Panchayat/Ward level, the respective Panchayat Samiti/Ward Samiti (as may be decided by concerned State Governments) having jurisdiction over the concerned Gram Panchayat/Ward would be responsible for the overall coordination and supervision for effectively carrying out activities under the Plan with technical support of DLCW-Coordinator. At Village level, Village Health Sanitation and Nutrition Committees, (recognized as sub committees of panchayats) will guide and support village level implementation and monitoring of the plan. ADMINISTRATION OF SCHEME 12.1 Beti Bachao Beti Padao Scheme is a Central Sector Schemes (CSS), implemented through State Governments/UTs through District Collectors/District Magistrates.",119,en,beti_bachao_beti_padhao,government_document,2026-05-07,"[5, 8]",5,,high,text discusses girl child empowerment and employment
ca5c3951,"GoI will provide 100 percent assistance for the implementation of the BBBP Scheme to the District Collectors. The Ministry of Women and Child Development (WCD) will be responsible for budgetary control and administration of the Scheme from the Centre. At the State/UT level, the Secretary of the Department of WCD will be responsible for the overall implementation of the Scheme along with the Director and other officers. 12.2 DPO at district level will be nodal officer for the implementation of the Scheme. 12.3 The scheme will be implemented through ICDS platform/MSK/DLCW at district, block and village level in convergence with Health, Education and Panchayati Raj 12.4 The State component will be administered and supported under MSK scheme.",117,en,beti_bachao_beti_padhao,government_document,2026-05-07,"[5, 8]",5,,high,text discusses women empowerment and employment
4a78288e,"The flow chart of the administrative set for implementation of the Scheme at various levels Headed by Joint Secretary/Bureau Beti Bachao Beti Padhao Division of MWCD Head, MWCD with technical support of District Task Force with officials from line Headed by District Collector/District department including CSO &Domain Magistrate with technical support of experts District Level Centre for Women/DPO/MSK/District Empowerment Directorate of ICDS/DLCW Headed by Sub Divisional Magistrate/ Sub Block Level Committee for block action Divisional Officer/ Block Development Officer with technical support of DPO/CDPO Gram Panchayat / Ward Level: Panchayat Samiti/Ward Samiti with 13. FINANCIAL MANAGEMENT: In terms of the Integrated Finance Division, MWCD’s OM dated 8th July 2016 communicating restructuring of the plan schemes as per Ministry of Finance D.O. II/2015 dated 18.4.2016.",124,en,beti_bachao_beti_padhao,government_document,2026-05-07,"[5, 8]",5,,high,text discusses girl child empowerment and employment
44967c5c,"13.1 Beti Bachao Beti Padhao(BBBP) scheme shall be operated/implemented under the Centrally Sponsored Umbrella Scheme namely, Mission for Protection and Empowerment for Women with 100% financial assistance for District Level component of the scheme. The Grant in Aid(GIA) shall be released by the Ministry of Women and Child Development, Government of India (GoI) directly to the District Collector/District Magistrate of the selected district. There is no provision for Direct Benefit Transfer (DBT) under the BBBP Scheme 13.2 The component –wise requirement of funds for the year 2017-18, 2018-19 & 2019-20 is at Annexure- IV which reflects a total requirement of Rs. The component wise budget allocation for Central level is at Anenxure-V; District level component at Annexure- VI alongwith the district level norms at Annexure-VII.",125,en,beti_bachao_beti_padhao,government_document,2026-05-07,"[5, 8]",5,,high,text discusses women empowerment and employment
94acef7e,"13.3 The District Authorities shall have a separate designated BBBP Account operated by District Collector/ District Magistrate for implementing the scheme at the grassroots level. The details of the bank account open (name of the bank, branch, account number, address) along with IFSC Code, Mobile Number, may be intimated to this Ministry for transfer of funds through Public Financial Management System (PFMS). The details related to PFMS registeration, performa and mandate form is placed at Annexure VIII. 13.4 The funds to the District Collector/ District Magistrate shall be released in two installments as per the proposals received from the respective Districts for District level activities as per the BBBP scheme guidelines.",111,en,beti_bachao_beti_padhao,government_document,2026-05-07,"[5, 8]",5,,high,"text mentions Beti Bachao, a program for women empowerment"
bb9091f9,"13.5 District Action Plans (DAP) shall be prepared by DC/DM of the concerned District and shall be shared with Department of WCD/Social Welfare and Ministry of WCD, Government of India. The approval of DAP will be conveyed by the WCD Ministry. 13.6 Monitoring/review to be done by State WCD department/ Social Welfare department through State Resource Center for Women (SRCW) wherever it exists. 13.7 The District Collector/District Magistrate shall furnish the UC, SoE & District Action Plan with signature, seal and submit directly to MWCD (with a copy marked to Pl. Secy of WCD/ Social Welfare of the respective State Govt./UT Admin.) in respect of the expenditure incurred on implementation of the Scheme in the District.",116,en,beti_bachao_beti_padhao,government_document,2026-05-07,"[5, 8]",5,,high,text discusses girl child empowerment and employment
e9203079,"13.8 Review of expenditure and performance to be done half yearly by State Task Force. 13.9 The districts have to submit the financial progress of expenditure and Physical report before the release of second installment of the financial year. Timelines for submission of reports: i) Half yearly Progress of Expenditure along with Physical and financial reporting in prescribed formats will be sent to GoI, by the following dates :  First half year ending 30th September : by15th October  Second half year ending 31st March : by 15th April BBBP Scheme requires extensive review and regular monitoring mechanism. Therefore, this Ministry has developed online Management Information System (MIS) for monitoring & evaluation.",113,en,beti_bachao_beti_padhao,government_document,2026-05-07,"[5, 8]",5,,high,"text mentions Beti Bachao, a program for women empowerment"
093ba346,"The online MIS is live on and all the Scheme implementing districts shall be access to this site with district specific user name and To ensure accountability and for service improvement, it is important to document all activities conducted at the District, Block and Gram Panchayat Level, related to the i) DPO may be designated as the Coordinating Officer by the DTF who will be responsible for coordinating with the Nodal Officers from Health and Education departments. The Coordinating Officer will collate and compile the monthly reports for submission to the MWCD with copy toState Governments.",96,en,beti_bachao_beti_padhao,government_document,2026-05-07,"[5, 4]",5,,high,text discusses girl child empowerment and education
bc7400de,"ii) A Nodal Officer from each Department for formulation would be nominated for implementation and monitoring of District Action Plans under overall supervision of iii) Regular process of documentation of all activities conducted at the District, Block and Gram Panchayat Level, related to the Scheme and Campaign will be undertaken through regular reports, MIS and photographic documentation at the district level. iv) The qualitative progress should be well documented through case studies, good practices, innovations and be supplemented through photographs. v) At the District level, progress report shall be furnished by nodal officer (DPO, ICDS) in coordination with nodal officer of Department of Health and Education on quarterly basis on BBBP MIS portal.",113,en,beti_bachao_beti_padhao,government_document,2026-05-07,"[5, 8]",5,,high,text discusses girl child empowerment and education
20c501eb,"The Format for U.C, S.O.E, and Physical Progress Report is at Annexure-X (Part A, Part B, DIAGRAMATIC REPRESENTATION OF FUND FLOW A.) DISTRICT COMPONENT-BBBP MINISTRY OF WOMEN AND CHILD DEVELOPMENT District Magistrate/District Collectors (SEPARATE ACCOUNT of BBBP) B.) STATE COMPONENT-BBBP (Under MSK Scheme) State level Component of BBBP is with MSK Scheme and will be implemented with a cost sharing pattern  Between Central Government and the States as  In respect of North Eastern and Special Category States, the cost sharing ratio shall be 90:10  In UTs, scheme will be implemented with 100% i) Evaluation of the scheme by independent agency will be conducted in consultation ii) The formats and methodology for the surveys/concurrent evaluation mechanism would be devised by the GOI to maintain uniformity.",127,en,beti_bachao_beti_padhao,government_document,2026-05-07,"[5, 8]",5,,high,"text mentions Beti Bachao, a scheme for women and child development"
1540a3a2,AUDIT AND SOCIAL AUDIT i) Audit shall be done as per Comptroller and Auditor General of India norms and that channel will be followed at the Central and State Government levels. ii) Social Audit will also be undertaken which will be conducted by Civil Society Groups to obtain direct feedback from public and institutions involved in implementation of the Component and year wise expenditure S.,65,en,beti_bachao_beti_padhao,government_document,2026-05-07,"[5, 8]",5,,high,"text mentions Beti Bachao, which is a gender equality initiative"
c2e0aed2,"District Level Norms In lakhs No Item units Cost per unit Budgetary Ceiling Consultation, Meetings of (ii) Training & Capacity building/sensitization 2 (i) Innovation and Outreach (ii) IEC material/awareness 25 kit to Anganwadi Centers 3 Monitoring, Evaluation and 4 Sectoral activities of M/O HRD 5 5 Sectoral activities of M/O Note: Creating any assets, hiring of staffs is not permissible under BBBP Scheme. Activities as in s.n 1 (ii) above may include (District Officers/Religious leaders/PRI/Judiciary, frontline workers/VHSNC members/Youth groups, SHGs, 2. The activities at S.No.",85,en,beti_bachao_beti_padhao,government_document,2026-05-07,"[2, 8]",2,,high,text discusses crop yield and farm labour costs
9d8cf995,"2 above may include: (i)Adoption of Innovative practices: such as celebration of Girl Child Day (Fix day in a month), /Beti Janmotsava/ Incentivising panchayat/ Urban ward/ frontline worker for adopting best practice/felicitating Girls child & her family in hospitals with birth certificate & sweets (ii) Outreach activities: such as Nukkad Natak/rally/baby show, regular meetings of Village Health Sanitation and Nutrition Committee (VHSNC), organise special Gram Sabha on CSR on quarterly basis and similar other activities identified by DTF/BTF. (iii) BBBP IEC material/awareness kit to Anganwadi Centers. 3, Documentation, Monitoring & Evaluation – In addition to other activities as mentioned in the guideline, expenditure related to visit for monitoring of programme, case studies, best practices, impact assessment under taken by district administration may be included in item no.3.",127,en,beti_bachao_beti_padhao,government_document,2026-05-07,"[5, 8]",5,,high,text discusses girl child empowerment and education
99735469,"This expenditure shall limit to 40% of total allocation under item no. 3 (Documentation, Monitoring & Evaluation). However, expenditure related to TA/DA will not be met from this 4. Details related to Sectoral activities of M/O HRD as mentioned at S.No.4 may include activities which promotes girl education apart from the activities listed i. Sanction of additional school grant amounting to Rs. 10,000/- to each primary school achieving the target of 100% transition of girl students from class V to ii. Sanction of additional school grant amounting to Rs. 15,000/- to each upper primary school achieving the target of 100% transition of girl students from iii. Sanction of additional school grant amounting to Rs. 20,000/- to each secondary school achieving the target of 100% transition of girl students from iv.",130,en,beti_bachao_beti_padhao,government_document,2026-05-07,"[5, 4]",5,,high,text discusses girl education and empowerment
d417ad79,"Felicitation at district level function with certificate and cash prize of Rs. 5,000/- to each of the top ten girl students in the district passing the class Xth v. Felicitation at district level function with certificate and cash prize of Rs. 5,000/- to each of the top ten girl students in the district passing the class XIIth State board exam. Felicitation at district level with a prize of Rs. 20,000/- to the girl topper of class XII State board exam in the district who enrols for higher education vii. The selection of the schools/students will be done on the basis of UDISE data 5. Details related to Sectoral activities of M/O HFW as mentioned at S.No.4 are: i. Conduct awareness campaigns and sensitization of all the stakeholders ii.",128,en,beti_bachao_beti_padhao,government_document,2026-05-07,"[5, 8]",5,,high,text discusses girl child empowerment and education
ad589d4b,"Training of the medical officers conducting diagnostic procedures in the government facilities on the provisions of PC&PNDT Act iii. Conduct decoy cooperation and provide rewards to informers iv. Any other activity to strengthen implementation of PC&PNDT act 6. Flexi fund, Item (6)- The fund under this tem may also be utilized after approval of District Task Force (DTF). However, this fund should not be used for construction/repair of offices/ general publicity, purchase of vehicle/furniture for offices, Procedure to be followed by District Magistrate/ District Collectors/Implementing Agency to register under PFMS for transfer of GIA for BBBP Scheme 1. Step-I:- Opening of Bank Accounts:- The District Magistrate/District Collectors Or the Nodal Agency for this purpose will be designated as the implementing agency at District level.",124,en,beti_bachao_beti_padhao,government_document,2026-05-07,"[5, 8]",5,,high,text discusses girl child empowerment and employment
f4f53698,"The District Magistrate/District Collectors will be required to open separate Bank Accounts in the name of BBBP Scheme at the District HQ for transfer of funds directly by the PAO. The Bank Account will be opened in the name of the Scheme e.g ‘District Magistrate/District Collector, BBBP, name of district’. Details of the Bank Account, one cancelled cheque and front page of passbook containing bank details shall be sent to the concerned program division (BBBP) of the 2. Step-II:- Agency Registration on PFMS: Once the Step-I is completed, the District Magistrate/District Collector are required to register themselves on PFMS portal as implementing agency.",103,en,beti_bachao_beti_padhao,government_document,2026-05-07,"[5, 8]",5,,high,"text mentions Beti Bachao, a program for women empowerment"
d0bdbb0b,"For this purpose the following steps are required to be followed:- (a) Access the website pfms.nic.in and follow the steps for implementing agency, as available on website In this way Unique ID, Login and password will be created. (b) Login ID and password will also be automatically sent to the email filled in the registration form. The User ID and Password may not be disclosed for security purposes. (c) For further login District Magistrate/District Collector may use the same Login ID and Password but it is better to change the password after 1st login and thereafter periodically.",97,en,beti_bachao_beti_padhao,government_document,2026-05-07,"[2, 8]",2,,high,text discusses education and employment
8037a53b,"(d) The District Magistrate/District Collector are also required to send their unique code along with Bank Mandate form, cancelled cheque and front page of passbook containing bank details to the respective Programme Division, BBBP, MWCD for agency mapping in PFMS. Step-III- Agency and Scheme mapping by Programme Division: The Program Division of the Ministry will map Agency with the respective schemes and get them approved from Pr. Accounts Officer by submitting the 4. The fund is released by the PAO directly in the separate Bank Account of the District Magistrate/District Collector opened specially for BBBP Scheme. The District Magistrate/District Collector are required to use the PFMS portal for further disbursement of these funds.",113,en,beti_bachao_beti_padhao,government_document,2026-05-07,"[5, 8]",5,,high,text discusses girl child empowerment and employment
78c583ed,A quarterly bank Statement shall be furnished by the District Magistrate/District Collector to the Program Division for monitoring of unspent balances. All the Rules/Orders as applicable from time to time are available on PFMS portal and their compliance may be ensured by the Implementing agencies. Annexure VIII (Contd.) Proforma to be filled up and returned by email for release of funds under Beti Bachao Beti Padhao(BBBP) 1. Name of the District 2. Updated contact details and email address of the nodal 3. Details of Bank Account opened in the name of the (i) Name of Account Holder (ii) Name of Account as in Passbook 4 A copy of one cancelled cheque 5. A copy of front page of passbook containing bank 6.,122,en,beti_bachao_beti_padhao,government_document,2026-05-07,"[5, 8]",5,,high,"text mentions Beti Bachao Beti Padhao, a program for women empowerment"
cd314968,"Status of Registration of District Magistrate/District Collectors/Agency on PFMS portal 7. Name of Agency as created in PFMS 8. Unique code obtained after registration on PFMS with Annexure VIII (Contd.) ELECTRONIC CLEARANCE SERVICE (CREDIT CLEARING)/REAL TIME GROSS SETTLEMENT (RTGS) FACILITY FOR RECEIVING PAYMENTS A. DETAIL OF ACCOUNT: NAME OF ACCOUNT (As mentioned in Bank Passbook) AGENCY NAME (As mentioned in PFMS) NAME OF ACCOUNT HOLDER COMPLETE CONTACT ADDRESS TELEPHONE NUMBER/FAX/EMAIL B. BANK ACCOUNT DETAILS: BRANCH NAME WITH COMPLETE ADDRESS, TELEPHONE NUMBER AND EMAIL WHETHER THE BRANCH IS COMPUTERIZED? WHTHER THE BRANCH IS RTGS ENABLED?",94,en,beti_bachao_beti_padhao,government_document,2026-05-07,"[2, 8]",2,,high,text discusses crop yield and farm labour costs
04b588cd,"IF YES, THEN WHAT IS THE BRANCH’S IFSC CODE IS THE BRANCH ALSO NEFT ENABLED TYPE OF BANK ACCOUNT (SB/CURRENT/CASH COMPLETE BANK ACCOUNT NUMBER (LATEST) I hereby declare that the particulars given above are correct and complete. If the transaction is delayed or not effected at all for reasons of incomplete or incorrect information, I would not hold the user Institution responsible. I have read the option invitation letter and agree to discharge responsibility expected of me as a participant under the scheme. Signature of Account Holder with stamp Certified that the particulars furnished above are correct as per our records. Signature of Account Holder with stamp (Bank authority signature with stamp) 1. Please attach a photocopy of cancelled cheque along with the verification obtained 2.",126,en,beti_bachao_beti_padhao,government_document,2026-05-07,"[2, 8]",2,,high,text discusses crop yield and farm labour costs
d2fa183e,"In case your Bank Branch is presently not “RTGS enabled”, then upon its upgradation to “RTGS Enabled” branch , please submit the information again in the above proforma to the Department at the earliest. BETI BACHAO BETI PADHAO Guidelines for District Collectors/ Ministry of Women & Child Development i. In Phase-I (Year 2014-15), the Scheme was started in 100 districts for focussed intervention and multi-sectoral action. These districts were identified on the basis of low Child Sex Ratio as per Census 2011 covering all States/UTs as a pilot with at least one district in each State.",96,en,beti_bachao_beti_padhao,government_document,2026-05-07,"[2, 8]",2,,high,text discusses Zero Hunger and Decent Work & Economy
251a4cbc,"In Phase-II (Year 2015-16), the Scheme was expanded in additional 61 districts covering 11 States for creating awareness and advocacy about the issue taking into account the criticality of the issue and performance of the scheme on iii. In this short duration, BBBP has been well-received and favourable trends are visible in many of the districts. The scheme has been successful in establishing the improvement in Child Sex Ratio as a National Agenda.",73,en,beti_bachao_beti_padhao,government_document,2026-05-07,"[5, 8]",5,,high,text discusses girl child empowerment and employment
324378f1,"Based on the successful implementation in 161 districts, the Cabinet has approved the expansion of BBBP which would include Multi-sectoral intervention in 244 districts (in addition to existing 161 districts) and Alert District Media, Advocacy and Outreach in 235 districts, thus covering all the 640 districts (as per census 2011) of the Country to have a deeper positive impact on Child Sex The district-wise baseline data for Sex Ratio at Birth (SRB) in selected districts is placed at Appendix-1 at (i) for 100 districts; (ii) for 61 districts; (iii) for 244 districts and (iv) for 235 districts. Guidelines for strategic actions to be undertaken at district, block and village 2.1.",110,en,beti_bachao_beti_padhao,government_document,2026-05-07,"[5, 8]",5,,high,text discusses girl child empowerment and employment
04785cb3,"Mechanisms for planning, implementation and monitoring at District/Block and Gram Panchayat levels: 2.1.1 District (Action- DC) Constitute District Task Force (DTF) headed by DC with representatives of line Departments (Health & Family Welfare; Education; Panchayati Raj/ Rural Development, domain experts with knowledge on gender, legal, community mobilization, district registrar and Police) to: i. Develop District Action Plans through a consultative process involving Departments of Women and Child Development, Health and Education. A model template for District Level Action Plan under BBBP is at Appendix-2. Other line departments may also be consulted for formulation of plan. Wherever urban local bodies/cities exist, the DAP will be formulated in consultation with Head of ULB/officer nominated by Municipal Commisioner to address the issue in urban context.",122,en,beti_bachao_beti_padhao,government_document,2026-05-07,"[5, 8]",5,,high,text discusses gender equality and women empowerment
ae75a996,"Other stakeholders may be called as Special Invitees for DTF meetings to establish convergence with different schemes and programmes. Provide guidance for implementation of Multi-Sectoral action in the district. Undertake monthly review of the progress on the activities listed in the Department Plans of action at the district level. Nominate Nodal Officer (Senior Official) from each Department for formulation, implementation and monitoring of District Action Plans under overall supervision vii. Designate a Coordinating Officer amongst them to facilitate the process of formulation of District Action Plan. Review the implementation of PC&PNDT Act. Follow-up with district Judge on PNDT cases and submit monthly report to the State Authority with copy to PNDT Division, MoHFW, GOI.",114,en,beti_bachao_beti_padhao,government_document,2026-05-07,"[5, 8]",5,,high,text mentions girl child empowerment and employment
96199b10,"Establish linkages with:  Local NGOs/CBOs/SHGs working on the issues related to Gender, Child Sex Ratio, Education, Health, Gender based violence and Child Protection.  Schools, colleges, professional colleges and universities, NYKS and NSS to promote youth campaign on value of girl child and enable her education.  Voluntary Associations, Doctor’s Associations, Teacher’s Associations, Commercial Associations, Rotary Club, Lion’s Club etc.  Corporates to mobilize resources under Corporate Social Responsibility. Note: NGOs/CBOs/SHGs may be engaged by the Districts to impart various activities as mentioned above. The fund can’t be transferred to any NGOs/CBOs/SHGs under x. Undertake overall responsibility for measurable changes in identified indicators related to CSR/SRB, education related indicators (enrolment, retention and completion of secondary education).",117,en,beti_bachao_beti_padhao,government_document,2026-05-07,"[5, 4]",5,,high,text discusses gender equality and education
10bef356,"The District Programme Officer (DPO) in the District ICDS Office/PNDT Cell or any other structure as deemed fit by the DC/DM will provide supervision and monitoring of the implementation of action plan in the district. DLCW, wherever functional provide day to day coordination related to implementation of activities on ground. In cities and urban areas, nominated officers by the Municipal Commissioner will coordinate with DC/DM for implementation of BBBP activities in urban areas. Similar to DTF at district level, at the State level, a State Task Force headed by the Chief Secretary will monitor progress at regular intervals.At the apex level, a National Task Force headed by Secretary MWCD will monitor progress on a 2.1.2 Block: (Action-Sub Divisional Magistrate/Sub Divisional Officer/Block i.",122,en,beti_bachao_beti_padhao,government_document,2026-05-07,"[2, 8]",2,,high,"text discusses Zero Hunger (agriculture, crops, farmers) and Decent Work & Economy (employment, wages, MGNREGA, job, livelihood)"
ae0b5bcc,"Constitute Block Task Force (BTF) headed by SDM/SDO/BDO ii. Ensure that Quarterly meeting of BTF are held on a regular basis iii. Ensure follow-up actions are taken in a time-bound manner 2.1.3 Gram Panchayat (Action-Sarpanch/ Pradhan) i. Existing forum of Village Health Sanitation and Nutrition Committee (VHSNC), a sub-committee of Gram Panchayat, will have the responsibility of coordinating implementation and monitoring of action plan. (Action-points for Gram Panchayats on CSR circulated by Ministry of Panchayati Raj are to be followed in all the forums of Panchayats like Ward Sabha, Gram Sabha, Mahila Sabha and Gram Panchayats. Action-points for Gram Panchayats are enclosed in the Guidelines at Appendix-3.",107,en,beti_bachao_beti_padhao,government_document,2026-05-07,"[5, 8]",5,,high,text discusses girl child empowerment and employment
17f25622,"Existing platform of VHSNC/Village Health and Nutrition Day to be used for creating awareness on schemes/programmes for women/girls, promote early registration of pregnancy, institutional deliveries, birth registration, equal care of girl child service delivery and counselling on Beti Bachao, Beti Padhao. DCs should constitute District Task Force/Block Task Force within 1 month of approval of the scheme ii. Ensure first meeting of the DTF/BTF within a week of its constitution iii. Finalize activities alongwith the timelines in alignment with monitorable targets for district action plan within 15 days. The same should be submitted to MWCD for approval (with copy to DWCD/Social Welfare). The District Action Plans will be rolled out as soon as the funds are transferred to the District to the designated BBBP account through PFMS.",127,en,beti_bachao_beti_padhao,government_document,2026-05-07,"[5, 8]",5,,high,text discusses girl child empowerment and employment
5dec500c,"2.2 Implementation Activities: 2.2.1 Orientation and Sensitization i. Orientation of District Officers/ Zila Parishad members/ Judiciary/ District Level Centre for Women/District Legal Services Authority (DLSA)/NGOs/CBOs/Doctors for identifying role and responsibility (within 1st quarter of the roll out of the scheme). Orientation of Block Officers/Block Parishad/ Panchayat Pradhans/ Sarpanches/ Front line workers-AWWs, ASHAs, ANMs/SHG members (over a continuum). Orientation of Panchayat members, Village Health Sanitation and Nutrition Committee (VHSNC) members on tools for data collection/ Community Mobilization/dissemination of information on schemes and programmes/ Reporting on preganancy, birth , immunization, enrolment, retention and completion of education in schools. Sensitization of Member of Parliament (MP)/Members of Legislative Assembly (MLA)/Elected representatives/ Religious leaders/ Community leaders (within 1st quarter of the roll out of the scheme).",121,en,beti_bachao_beti_padhao,government_document,2026-05-07,"[5, 4]",5,,high,text discusses girl child empowerment and education
8c3925f2,"Sensitization of teachers on Child Sex Ratio through Samagra Shiksha (within 1st quarter of the roll out of the scheme). Sensitization of Associations-Doctor’s Associations, Teacher’s Associations, Commercial Associations, Rotary Club, Lion’s Club etc. 2.2.2 Effective Implementation of PC&PNDT Act i. Selected districts to measure progress in SRB against the baseline data as given at Appendix-1. Against this, the progress of the proposed intervention will be measured on an annual basis. Further districts to correlate the information with other source of district level data for measuring the CSR, SRB. Ensure 100% registration of births in the district especially through Civil Registration System (CRS). Monitoring the Sex Ratio at Birth, block /GP/ Municipality wise through birth registration data to identify and develop focused action plan for more affected areas iv.",128,en,beti_bachao_beti_padhao,government_document,2026-05-07,"[5, 8]",5,,high,text discusses girl child empowerment and employment
a519a51e,"All pregnancies are registered and complete ANC and post Natal services are provided to all women. All statutory bodies as District Advisory Committees under the PC&PNDT Act are constituted/ reconstituted and meetings are conducted at intervals mandated by the vi. The formulation of District Inspection and monitoring Committees for conducting regular inspections and monitoring of the registered bodies under the Act. Registration of all Genetic Laboratories, Genetic Counseling Centre and Genetic Clinics including IVF centres conducting pre-conception and pre-natal diagnostic counseling, test, procedure having potential for sex selection before/ after viii.",91,en,beti_bachao_beti_padhao,government_document,2026-05-07,"[5, 8]",5,,high,text discusses women empowerment and employment
c9113ad3,"Maintenance of a comprehensive and detailed data base of the complaints / registrations/ renewals/ court cases/ convictions/ suspensions/ cancellations/ make and model of diagnostic equipment used in the diagnostic clinics, name and qualification of doctors conducting the diagnostic procedures/ test in the district for better monitoring and regulation. Regular surveys of diagnostic centres (Genetic laboratories, Genetic Counseling Centres, Genetic Clinics/ Imaging Centres/ Ultrasound Clinics) capable of detecting/ determine the sex of the foetus to identify unregistered facilities. Maintenance and timely submission of the records by the registered facilities as prescribed under the PC&PNDT Act on 5th of the following month and analyze/ audit the record for effective monitoring and regulation.",110,en,beti_bachao_beti_padhao,government_document,2026-05-07,"[5, 8]",5,,high,text discusses women empowerment and employment
0abac07c,Conducting decoys to unearth the illegal practice of sex selection in the District and coordinate with the neighboring District Appropriate Authorities to track inter district networks involved in illegal practice of sex selection. Develop intelligence by instituting rewards for the informers. Follow up of court cases pending under the PC&PNDT Act and ensure the attendance of districts Appropriate Authority or person authorities on his/ her behalf in every hearing of the court case. Communication of the names of all the convicted doctors in the district to the Medical Council for necessary action under Section 23 (2) of the PC&PNDT Act. Training of medical officers for conducting diagnostic procedures in Government facilities to ensure effective complete compliance of PNDT Act.,119,en,beti_bachao_beti_padhao,government_document,2026-05-07,"[5, 8]",5,,high,text discusses gender equality and employment
752ab57d,Sensitization of all frontline workers (Health &WCD) towards girl child to ensure all Health and nutritional needs of Girl Child and to promote the special benefits provided to girl child through various programmes and schemes. Set up a functional anonymous complaint portal or platform. Utilization of the registration fee collected under the PC&PNDT Act for the effective implementation and monitoring of the Act. Submission of regular monthly report on the status of implementation of PC&PNDT Act to the State Appopriate Authorities to help timely compilation of Quarterly Progress Reports for the State/ UT.,93,en,beti_bachao_beti_padhao,government_document,2026-05-07,"[5, 8]",5,,high,text discusses girl child empowerment and education
626cebe0,"Bimonthly review meetings under the chairmanship of Districts Collector/ Note: However while implementing these interventions at the district/block/gram panchayat level; the aim should be to prohibit and regulate the illegal practice of sex selection / determination and not to track pregnancies. Interventions should not impede the implementation of MTP Act meant for providing safe abortion services to women as such steps can further victimize the women. 2.2.3 Enabling environment for value & education of Girl Child i. Enabling environment for the birth of Girl Child through the following: - Promote early registration of pregnancy in the first trimester at AWCs/Health Centres, ante natal care, post natal care and counseling of mothers for ensuring equal care of the infant girl through public awareness campaigns.",123,en,beti_bachao_beti_padhao,government_document,2026-05-07,"[5, 4]",5,,high,text discusses gender equality and education of girl child
edaaf399,"- Improve service delivery of all schemes and programmes meant for women and - Promote effective implementation of Mother & Child Protection Card (MCPC) by AWWs/ASHAs-across the continuum. - Using fixed monthly village health and nutrition day-increase early registration of pregnancy and create peer support group of AWW, ASHA, ANM, other mothers for pregnant mother/mother of girl child and family to change societal - Identify community watch groups (women panchayat members, trained teacher, youth groups, others) and local response points such as ICPU, DLCW/MSK, Child Welfare Committees to ensure protective environment for girls. - Incentivise Schools/ Panchayat/ Urban ward/ Frontline worker/Community volunteer on annual basis. - Establish linkage/convergence with other departments - Identification of declaration of BBBP friendly village, panchayat, block, district/ urban local body ii.",126,en,beti_bachao_beti_padhao,government_document,2026-05-07,"[5, 8]",5,,high,text discusses gender equality and empowerment of women
32264c73,"Enable education in order to - Activate School Management Committees (SMCs) to ensure universal enrolment of girls through special drives- over a continuum. - Create Balika manches to encourage participation of girls in schools and to link out of school girls -over a continuum. - Link out of school with back to school or alternative education options. - Construct and ensure functional toilets for girls in schools Construct Kasturba Gandhi Bal Vidyalayas (KGBV) buildings Initiate Campaign to re-enroll drop- out, retention and completion of secondary education of girls –through massive joint village contact drive, using AWWs, ASHAs, PRIs, and Community/women/youth groups. - Identify Constraints to girl’s education-women researchers, uniforms, text books, toilets, transport/escort in safety, sibling, sibling care bureau, burdened with water/firewood collection etc.",124,en,beti_bachao_beti_padhao,government_document,2026-05-07,"[4, 5]",4,,high,text discusses education and girl empowerment
aee08ae1,"- Construct girls hostel for secondary and senior secondary schools - Operationalize standard guidelines/ protocols for Girl Child Friendly Schools including residential schools & ensure its effective implementation. - Institute district level awards, felicitation for promoting girl’s education(enrolment, retention, completion of education). Parameters for instituting awards is placed at Appendix-4. 2.2.4 Training & Capacity-building  Mainstreaming Gender equality related concerns i. Integration of gender equality related concerns in curriculum across the educational institutions with special emphasis on Medical Colleges. Integration of the girl child and gender equality related concerns in the training strategy of: - Administrative, police, judicial, medical colleges and other training academies, such as LBSNAA, ATIs, CTIs. Integration of Gender Concerns in the recruitment of personnel at district level.",121,en,beti_bachao_beti_padhao,government_document,2026-05-07,"[5, 4]",5,,high,text discusses girl child education and empowerment
dbde64ff,"Strengthen capacities of the existing training institutions of the relevant Departments- including through Gender and Girl Child Units - to impart effective training on Gender Sensitization and issues related to the CSR, equal v. Inclusion/ Integration of BBBP and gender equality related concerns into the training curricula and modules of relevant flagship programmes/schemes such as ICDS, MSK, NHM, SSA, NRLM, MGNREGA, TSC etc. and that of PRIs, ULBs, women’s SHGs and youth groups. Undertake training of Frontline workers such as AWWs/ ASHAs to enhance their understanding on Issue of declining CSR, gender biased sex selection, other forms of discrimination against girl child and their social impact; implementation of PC&PNDT Act; manage and monitor relevant data, & facilitate convergence on ground. Train District Appropriate Authorities & other functionaries under the iii.",130,en,beti_bachao_beti_padhao,government_document,2026-05-07,"[5, 8]",5,,high,text discusses gender equality and women empowerment
0b24c3a8,"Build capacities of the existing training institutions working with youth groups and Sabla groups - To enable these groups to emerge as change agents (local champions and community volunteers) for improving the CSR and ending gender based 2.2.5 Advocacy, Community mobilization & Awareness Generation i. Display of Guddi-Gudda Boards in gram panchayats and public places to exhibit number of girls born vis-a-vis number of boys and create oppurtunities for discussion and debate around importance of girls (A format of Guddi Gudda board is placed at Appendix-5). Community Mobilization and Outreach through interactive initiatives like Naari ki Chaupal3, Beti Janmotsav, Mann ki Baat, etc. may be initiated to spread the message of Beti Bachao Beti Padhao. Dedicate a special day every month for celebration of Beti Bachao, Beti Padhao.",128,en,beti_bachao_beti_padhao,government_document,2026-05-07,"[5, 8]",5,,high,text discusses gender equality and empowerment
23230483,"National Girl Child Day may be celebrated on 24th January every year by all stakeholders including local opinion makers, PRI Members, MLAs, MPs etc. at District levels, led by the District Administrations.. International Women’s Day may be celebrated in order to send out a strong message highlighting the importance of gender equality, creating value around girl child and importance of empowering women and girls. Further, celebration of this Day can be used to highlight the contribution of empowered mothers to the vi. Pledge for protection, safety, value and education of the girl child may be adopted by Govt. of India and the same may be taken on the occasion of National Girl Child Day by DC/DM along with other government functionaries.",121,en,beti_bachao_beti_padhao,government_document,2026-05-07,"[5, 4]",5,,high,text discusses gender equality and education of the girl child
20dbe49c,"The Pledge shall be in Hindi and English and States/UTs may get the translation of the same done in regional languages for dissemination in the Districts. Encouraging reversal of son centric rituals and customs may be done through  Advocacy efforts and community mobilization initiatives like celebrating Lohri for the birth of a daughter, siblings tying rakhis to each other on Raksha 1Naari Ki Chaupal aims to create a vibrant meeting space that enables a large number of community groups, civil society organizations and women from various communities to come together, reflect and have a dialogue on issues that affect women with an approach towards finding Bandhan, encouraging forgotten age old, progressive concepts like ardhangini (an equal life partner) etc.",120,en,beti_bachao_beti_padhao,government_document,2026-05-07,"[5, 8]",5,,high,text discusses women empowerment and gender equality
48d30ada, Social customs which promote men and boys over women and girls may be targeted and reversed gradually in order to foster gender equality as a long term goal and bring about social and behavioural change with regard to son preference and sex selection. Inclusion of Local Religious/Spiritual Leaders in advocacy and community mobilization initiatives may be done in order to enhance the acceptance of such efforts by the community. Positive Reinforcements of Daughters need be done as providers of old age security. It needs to be highlighted that daughters look after parents in their old age as much as sons do and sometimes even more4. Promotion of Simple Weddings may be done to protect parents from financial burden of dowry and ostentatious marriage ceremonies. Samuhik Vivahs may be xi.,130,en,beti_bachao_beti_padhao,government_document,2026-05-07,"[5, 8]",5,,high,text discusses gender equality and women empowerment
425f3a48,"Promotion of Equal Property Rights for daughters& sons may be done in the community through community mobilization initiatives. Prevention of Early/Child Marriage may be done aggressively in order to highlight the importance of allowing girls to complete their school education and preferably opt for higher education/career/skill building/vocational education etc. Special efforts need to made for prevention of the same on on Akshaya Tritiya, organized on a massive scale in North India. Email Signatures of Government officials may have the embedded social message of Beti Bachao Beti Padhao for creating a brand identity and ownership of the Campaign at District Levels. NIC or any other appropriate body at State/UT can facilitate the same xiv.",113,en,beti_bachao_beti_padhao,government_document,2026-05-07,"[5, 4]",5,,high,text discusses gender equality and education
84f33412,"Support may be extended to the following national activities by DC/DM:  Field Publicity by the Song and Drama Division of Ministry of Information  Display of Posters and other IEC material: Efforts may be made to organize display of Posters and any other IEC material related to the Campaign in schools, primary health centres, block and district level hospitals, Anganwadi Centres, and Panchayat Bhawans etc.  Mobile Exhibition Vans to be aligned with community mobilizing efforts. Encouraging Effective Use of Social Media: A variety of social media platforms may be used for pushing positive messages out. Social media initiatives may be pushed rigorously as these do not have any financial implications.",112,en,beti_bachao_beti_padhao,government_document,2026-05-07,"[5, 8]",5,,high,text discusses girl child empowerment and employment
77b72f51,"Climate Vulnerability Assessment for Adaptation Planning in India Using a Common Framework Climate Vulnerability Assessment for Adaptation Planning in India Using a Common Framework Cover photo: Farmers in Dhamoon Panchayat in Shimla, Himachal Pradesh Climate Vulnerability Assessment for Adaptation Planning in India Using a Common Framework Climate Vulnerability Assessment for Adaptation Planning in India Using a Common Framework Indian Institute of Technology Mandi and Indian Institute of Technology Guwahati In collaboration with Indian Institute of Science, Bengaluru Climate vulnerability and risk assessment at the national level using a common framework Climate Vulnerability Assessment for Adaptation Planning in India Using a Common Framework Climate change is the global phenomenon especially caused by human activities and is a growing challenge to humanity and sustainable development.",123,en,climate_nafcc_adaptation,government_document,2026-05-07,"[13, 8]",13,,high,text discusses climate change and its impact on humanity and sustainable development
b674eef2,"The effect of climate change on the biophysical and social systems are expected to vary significantly in different parts of India and will be determined by both global and local factors. The impact of climate change and climate hazards is not uniform across space and time. It varies across regions due to differences in the level of exposure and vulnerability of various systems, be it ecosystems, economic sectors, or social groups. For these reasons, assessment of the vulnerability of a system is one of the critical steps to identify appropriate adaptation measures to adapt to climate change risks as also to cope with current climate risks.",106,en,climate_nafcc_adaptation,government_document,2026-05-07,"[13, 8]",13,,high,text discusses climate change and its impact on economic sectors
a2f24459,"In response to the serious threats posed by climate change to the development process and the limitations that India is facing, the Government of India as part of its comprehensive National Action Plan on Climate Change has a dedicated mission for development of appropriate institutional and human resource capacity for this purpose under the National Mission on Strategic Knowledge for Climate Change (NMSKCC), being coordinated by the Department of Science & Technology. This report presents the initiatives being taken up by the DST in collaboration with Swiss Agency of Development and Cooperation (SDC) to strengthen the capacities of all the state Climate Change Cells and other relevant departments on conducting a vulnerability and risk assessment, which is a vital input towards adaptation planning.",123,en,climate_nafcc_adaptation,government_document,2026-05-07,"[13, 8]",13,,high,text discusses climate change and adaptation planning
33868d0a,"This report portrays a tremendous coordination and collaborative efforts by the state departments to develop their vulnerability maps which are not only useful to understand the entry-point of adaptation interventions, but also useful to understand the sectors and locations that require special attention for overall development planning. Additionally, the report also synoptic view would help in climate change adaptation linked decision-making processes at both the State and I wish to compliment the efforts made by the Indian Institute of Technology (IIT) Mandi, Indian Institute of Technology (IIT) Guwahati and Indian Institute of Science (IISc) Bengaluru, Climate Change Programme (CC) - SPLICE Division, DST and the Swiss Agency for Development and Cooperation (SDC) for bringing out this report and initiating capacity building on vulnerability and risk assessment.",126,en,climate_nafcc_adaptation,government_document,2026-05-07,"[13, 8]",13,,high,text discusses climate change adaptation and employment
84572fb6,"Ashutosh Sharma Secretary, Department of Science and Technology There is no denying that climate change is one of the greatest concerns today. It goes without saying that it needs to be addressed through collective actions. While there are multiple biophysical and socioeconomic channels through which the impact of climate change is likely to be felt in various parts of India, there are ample opportunities to take up appropriate adaptation strategies that would also cater to the holistic and sustainable development of the country. Needless to say, the requirements of adaptation to climate change are varying in different parts of the country.",101,en,climate_nafcc_adaptation,government_document,2026-05-07,"[13, 8]",13,,high,text discusses climate change and its impact on livelihood
65d8c4a0,"Recognising the need for a coordinated effort towards climate change adaptation and to better understand the linkages between climate change and the Himalayan ecosystem for improved management of a fragile ecosystem, the Government of India launched a National Mission for Sustaining the Himalayan Ecosystem (NMSHE) as part of National Action Plan on Climate Change (NAPCC). The Department of Science & Technology (DST) has been the coordinating and implementing the mission in collaboration with several other central ministries.",77,en,climate_nafcc_adaptation,government_document,2026-05-07,"[13, 8]",13,,high,text discusses climate change and adaptation
7453a1ad,"In 2018-19, DST in partnership with Swiss Agency for Development and Cooperation (SDC), Indian Institute of Technology Guwahati (IIT Guwahati), Indian Institute of Technology Mandi (IIT Mandi) and Indian Institute of Science, Bengaluru (IISc, Bengaluru), the 12 Himalayan States produced a first of its kind vulnerability map and report for the entire Himalayan region. Following the success of the project as gauged by the feedback from the State Governments regarding the usefulness of the exercise, it was decided to expand its scope to an all-India level. I am delighted to know that this project jointly supported by DST and SDC has successfully resulted in development of all-India state-level and district level vulnerability maps.",113,en,climate_nafcc_adaptation,government_document,2026-05-07,"[13, 8]",13,,high,text discusses climate adaptation and disaster resilience
9d72164b,"What is most heartening is to see the concept of cooperative federalism in action wherein a common framework for assessing the climatic vulnerability was used by all the states in India to develop their own district-level vulnerability maps. This will also help the states to update their revised State Action Plan on Climate Change. Let me also take this opportunity to thank SDC for their continued collaboration and partnering with India for taking up such an important exercise. India is a world leader in addressing the challenge of climate change. This effort at district, state and national level to develop vulnerability profiles will assist all in devising strategies and prioritizing locations for adaptation interventions to reduce vulnerability to climate risks as envisaged in the NDC of India.",127,en,climate_nafcc_adaptation,government_document,2026-05-07,"[13, 8]",13,,high,text discusses climate change and adaptation interventions
c6e6d4ae,"I take this opportunity to congratulate and thank the DST, SDC and IIT Mandi, IIT Guwahati, IISc, Bengaluru and all the State Governments, who contributed to the preparation of the report. Department of Science and Technology Climate Vulnerability Assessment for Adaptation Planning in India Using a Common Framework Climate change is a serious threat to socio-economic development globally and in India. Adapting to the present and future impacts of climate change is crucial to secure hard won gains and increase the resilience of vulnerable communities, in particular for those living in the fragile mountain ecosystems.",95,en,climate_nafcc_adaptation,government_document,2026-05-07,"[13, 8]",13,,high,text discusses climate change impacts and adaptation planning
9c0fd597,"To foster and support adaptation in the Indian Himalayan region, the Government of India and the Government of Switzerland, through the Swiss Agency for Development and Cooperation (SDC), have implemented a bilateral project called the Indian Himalayas Climate Adaptation Programme (IHCAP). IHCAP has supported the implementation of the National Mission for Sustaining the Himalayan Ecosystem (NMSHE) by strengthening the capacities of research institutions, decision makers and communities to adapt to the varying climatic conditions, and by facilitating the exchange of knowledge and expertise. The multiplicity of challenges in a diverse country such as India calls for a coordinated and integrated approach to adaptation planning. A comprehensive understanding of the key risks and vulnerabilities based on robust research can also help prioritize action.",122,en,climate_nafcc_adaptation,government_document,2026-05-07,"[13, 8]",13,,high,text discusses climate adaptation and disaster risk reduction
bda6568d,"Therefore, the development and application of a common framework for vulnerability and risk assessment for the Indian Himalayan Region was organized under IHCAP. Following the positive feedback received from State governments of the Himalayan region regarding the usefulness of the assessment, SDC and the Department of Science and Technology (DST), Government of India, rolled out the climate vulnerability assessment at the national level. A series of workshops were organized to develop a uniform understanding of the risks, availability of datasets, and to map the vulnerabilities. The present nation-wide vulnerability assessment report represents a significant contribution to India’s National Action Plan on Climate Change (NAPCC), and in particular to the National Mission for Sustaining the Himalayan Ecosystem (NMSHE) and the National Mission on Strategic Knowledge for Climate Change (NMSKCC).",128,en,climate_nafcc_adaptation,government_document,2026-05-07,"[13, 8]",13,,high,text discusses climate change and its impact on livelihoods
8907c1f5,"SDC would like to take this opportunity to congratulate the Government of India, all involved States and Union Territories and all involved stakeholders on the launch of this milestone report. We look forward to continuing and further strengthen our excellent collaboration in the future. Head of Cooperation in India Swiss Agency for Development and Cooperation (SDC) Climate Vulnerability Assessment for Adaptation Planning in India Using a Common Framework Shyamasree Dasgupta*, Anamika Barua**, Surbhi Vyas* and N.H.",76,en,climate_nafcc_adaptation,government_document,2026-05-07,[13],13,,high,text discusses climate vulnerability and adaptation planning
437b3f05,"Ravindranath*** *Indian Institute of Technology Mandi, **Indian Institute of Technology Guwahati, ***Indian Institute of Science, Bengaluru Head, SPLICE, Department of Science and Technology, Government of India Associate Head, SPLICE Department of Science and Technology, Goverment of India Vikas Bagde, Tashina Esteves, Mir Khursheed Alam, Taj ud din Malik, Indian Institute of Technology Mandi Contributing Teams from States and UTs Arunachal Pradesh Mr. Gaurav Kumar, Junior Research Fellow, Department of Environment, Forest and Climate Change, Government of Shri D. Dohu Robin, Director (Environment & Climate Bihar Mr. Agnivesh Uday Roy, Climate Change Expert, Dr. Bhupen Mili, Research Associate, State Climate Change Department of Environment, Forest and Climate Change, Cell Government of Bihar Shri Rinchin Tsering Gonpapa, Junior Research Fellow, Dr.",119,en,climate_nafcc_adaptation,government_document,2026-05-07,"[2, 8]",2,,high,text discusses crop yield and farm labour costs
898c9ae5,"Navin Kumar, Scientist, Bihar State Pollution Control State Climate Cell Board Shri Dohu Tapuk, Project Assistant Dr. Shilpi, Programme Officer, Bihar State Pollution Control Sri K.S.P.V. Pavan Kumar (IFS), CEO, Assam Climate Change Management Society (ACCMS) Mr. PC Pandey, IFS, Director, State Forest Research & Training Institute & Nodal Officer State Centre for Climate Sri Rizwan Uz Zaman, Technical Consultant, ACCMS ir. Dipima Sarma, Research Associate-III, Climate Change Dr. Anil Kumar Shrivastava Research Associate, Chhattisgarh State Centre for Climate Change Sri Arindam Goswami, Research Associate-II (Outreach), Climate Change Cell, Assam Ms. Priyanka Borah, SRF, Climate Change Cell, Assam Dr. Sweta Rajpurohit, Manager and Project Coordinator, Sri Debashish Talukdar, JRF, Climate Change Cell, Assam (Gujarat NAFCC), GEER Foundation, Gandhinagar, Gujarat Ms. Munmiara Begum, JRF, Climate Change Cell, Assam Haryana Dr.",129,en,climate_nafcc_adaptation,government_document,2026-05-07,"[2, 8]",2,,high,text discusses crop yield and farm labour costs
4d760be8,"Raj Kumar Chauhan, Joint Director, Directorate of Environment & Climate Change, Haryana Dr. Osaid Alam, Research Associate - III, Department of Environment, Forest and Climate Change, Government Dr. Jasbir Kaur Taak, Research Associate, Haryana Climate of Bihar Change Cell (NMSKCC) Mr. Arvind Kumar, Programme Officer, ENVIS Hub, Haryana Climate Vulnerability Assessment for Adaptation Planning in India Using a Common Framework Himachal Pradesh Mr. Abhijit Sharma, JRF (Project Management), State Knowledge Management Center on Climate Change, Dr. Attri, Principal Scientist-cum-Coordinator, EPCO, Department of Environment, GoMP, Bhopal HP Knowledge Cell on Climate Change, Department of Mr. Jitesh Singh, JRF (Information Technology), State Environment, Science & Technology, Government of Knowledge Management Center on Climate Change, EPCO, Department of Environment, GoMP, Bhopal Mr.",119,en,climate_nafcc_adaptation,government_document,2026-05-07,"[13, 8]",13,,high,text discusses climate change and adaptation planning which is related to climate action
3d2feda2,"Thakur, MIS Officer, Department of Environment, Science & Technology, Government of Himachal Pradesh Ms. Monika Sharma, Advisor & Expert (Climate Change), Dr. Brajakumar Singh, (Deputy Director), Directorate of Department of Environment, Science & Technology, Environment & Climate Change, Govt. Government of Himachal Pradesh Mr. Yengkokpam Satyajit Singh, Project Scientist, State Jammu and Kashmir Climate Change Cell, Manipur, Directorate of Environment & Climate Change, Govt. Majid Farooq, Scientist/Coordinator State Climate Mr. Mudasir Ahmad Dada, Geospatial Analyst Mr. Vivek Lyngdoh, JRF, Meghalaya Basin Development Ms. Devapriya De Munshi, JRF, Meghalaya Basin Shri Sanjay Srivastava, IFS, APCCF- CAMPA, Jharkhand Development Authority Shri Vijay Shankar Dubey, IFS, DCF Training Mizoram Shri Ved Prakash Kamboj, IFS, DFO, Ramgarh Dr.",114,en,climate_nafcc_adaptation,government_document,2026-05-07,"[2, 8]",2,,high,text discusses crop yield and farm labour costs
1dc6cb0d,"Lallianthanga, Chief Scientific Officer & Karnataka Member Secretary & PI (Mizoram State Climate Change Cell),Mizoram Science, Technology and Innovation Dr. Vinaya Kumar, Director, EMPRI Council (MISTIC), Directorate of Science and Technology, Dr.O.K. Remadevi, Consultant & Head, Centre for Climate Government of Mizoram Change, EMPRI Mr. Samuel Lalmalsawma, Senior Scientific Officer & Co- Dr.Hema.N, Research Scientist, Centre for Climate Change, PI (Mizoram State Climate Change Cell), Mizoram Science, EMPRI Technology and Innovation Council (MISTIC), Directorate of Science and Technology, Government of Mizoram Dr.Pavithra.P.Nayak, Research Scientist, Centre for Climate Change, EMPRI Mr. Lalthanpuia, Scientist - B, Mizoram State Climate Ms.Aishwarya.P.B, Project Assistant, Centre for Climate Change, EMPRI Dr. James Lalnunzira Hrahsel, Project Scientist, Mizoram State Climate Change Cell Mr.Pramodha.N.Y, Project Assistant, Centre for Climate Change, EMPRI Mrs.",125,en,climate_nafcc_adaptation,government_document,2026-05-07,"[2, 8]",2,,high,text discusses crop yield and farm labour costs
c6e1231c,"Laldinpuii Hauhnar, Project Scientist, Mizoram State Dr. Jude Emmanuel, Environmnenntal Scientist, Directorate of Environment and Climate Change Ms. Meziwang Zeliang, SRF, Nagaland State Climate Mr. Kenilo Kessen, SRF, Nagaland State Climate Change Cell Mr. Lokendra Thakkar, General Manager CCC&SD and Mr. Thsope Medo, SRF,Nagaland State Climate Change Cell Coordinator State Knowledge Management Center on Mr. Mhabemo N Patton, SRF, Nagaland State Climate Climate Change, EPCO, Department of Environment, Mr.Vekho Tunyi, Project Assistant,Nagaland State Climate Mr. Ramratan Simaiya, Subject Expert (Agriculture), State Knowledge Management Center on Climate Change, EPCO, Department of Environment, GoMP, Bhopal Mr. Dimusie Pojar, Project Assistant, Nagaland State Mr. Prateek Barapatre, Subject Expert (Climate Change Adaptation), State Knowledge Management Center on Mr.",114,en,climate_nafcc_adaptation,government_document,2026-05-07,"[2, 8]",2,,high,text discusses crop yield and farm labour costs
be1cd6be,"Ditho Kathiry, Scientist C, Nagaland Science and Climate Change, EPCO, Department of Environment, Technology Council GoMP, Bhopal Mr. Kethoneilhou Vemera, Jr.SMS , Dept. Ravi Shah, Project Associate, Centre for Climate Government of Nagaland Change and Sustainable Development, Department of Environment, GoMP, Bhopal Climate Vulnerability Assessment for Adaptation Planning in India Using a Common Framework Ms. Priyambada Pattanaik, Junior Scientist (Scientific), Mr. Adhar Sinha, IAS, Special Chief Secretary to Climate Change Cell, F&E Department Government and Director General, EPTRI, Government of Dr. Purna Chandra Mohapatra, Research Associate,Climate Change Cell, F&E Department Dr. Manoranjan Bhanja, IFS (Retd.), Advisor (Technical), Mr. Amit Kumar Mohanty, Senior Research Fellow, Climate Change Cell, F&E Department Dr. Scientist & Head, Climate Change Ms. Monalisha Kanar, Junior Research Fellow, Climate Change Cell, F&E Department Dr.",127,en,climate_nafcc_adaptation,government_document,2026-05-07,"[13, 8]",13,,high,"text discusses climate change and adaptation planning which is related to SDG 13, and also mentions government departments which is related to SDG 8"
aa5fd10f,"Ramesh, Research Associate (RA), EPTRI Ms. Swagatika Patra, Junior Research Fellow, Climate Mr. Praveen, Junior Research Fellow (JRF), EPTRI Change Cell, F&E Department Mr. Neeraj Singh, Senior Research Fellow, State Mr. Kaliyaperumal Kalamegam, Environmental Engineer, Environment, Conservation & Climate Change Directorate Mr. Shailendra Singh Rana, Senior Research Fellow, State Dr. Sagaya Alfred, Senior Scientific Officer, DST&E Environment, Conservation & Climate Change Directorate Dr. Vasanth, Research Associate, Puducherry Climate West Bengal Smt. Dutta, Senior Scientist, Department of Science & Technology, Government of West Bengal Mr. Pritpal Singh, Additional Director, Punjab State Council Dr. Bimalesh Samanta, Senior Scientist, Department of for Science & Technology Science & Technology, Government of West Bengal Dr. Rupali Bal, Scientist-C, Punjab State Council for Science Smt. Lipika Khamaru, Senior Research Fellow Shri.",125,en,climate_nafcc_adaptation,government_document,2026-05-07,[13],13,,high,text discusses climate change and adaptation
a48c2199,"Santanu Samanta, Senior Research Fellow Mr. Maganbir Singh, Principal Scientific Officer, Punjab Shri. Deepalok Banerjee, Senior Research Fellow State Council for Science & Technology Shri. Jyotibrata Chakraborty, Senior Research Fellow Mr. Research Assistant, Sikkim state council of Science and Technology (Workshop participation only) Mr. Radha Krishna Sharma, Scientist B, Sikkim state council Mr. Toke, Director, Environment Department, of Science and Technology Government of Maharashtra Dr. Ashwini Padalkar, Research Associate-I, SKMCCC, Envt. and Climate Change Department., Government of Mr Ahamed Ibrahim S N, Senior Research Fellow, Centre for Climate Change and Disaster Management, Anna Ms. Shruti Panchal, Project Assistant, SKMCCC, Envt.",100,en,climate_nafcc_adaptation,government_document,2026-05-07,"[2, 8]",2,,high,text discusses crop yield and farm labour costs
96347290,"University, Chennai and Climate Change Department., Government of Ms Pavithrapriya S, Senior Research Fellow, Centre for Climate Change and Disaster Management, Anna Tripura Mr Guganesh S, Senior Research Fellow, Centre for Climate (Workshop participation only) Change and Disaster Management, Anna University, Mr. Susanta Banik, Scientific Officer, DST and Enironment Dr. Sabyasachi Dasgupta, Associate Professor, Tripura For Andhra Pradesh, Goa, Rajasthan, Maharashtra, and Uttar Pradesh, the assessments are carried out by the project team at IIT Mandi, IIT Guwahati and IISc Climate Vulnerability Assessment for Adaptation Planning in India Using a Common Framework This report on ‘Climate Vulnerability Assessment for Adaptation Planning in India Using a Common Framework’ is part of an important activity of the capacity building programme under the two National Missions on Climate Change i.e.",127,en,climate_nafcc_adaptation,government_document,2026-05-07,"[13, 8]",13,,high,text discusses climate change and adaptation planning
192cc19b,"National Mission on Sustaining the Himalayan Ecosystem (NMSHE) and National Mission on Strategic Knowledge for Climate Change (NMSKCC) being coordinated by Climate Change Program (CCP) of SPLICE Division, Department of Science and Technology (DST), Government of India. The activity was conducted in partnership with the the Swiss Agency for Development and Cooperation (SDC), Embassy of Switzerland through the project ‘Vulnerability Profiles for India: State and District We are indeed extremely grateful to Prof Ashutosh Sharma, Secretary, DST for constantly supporting our programme and graciously motivating our efforts. We sincerely appreciate the confidence he has shown towards our team ad encouraging guidance that has helped us tremendously in achieving these goals. I am grateful to Dr.",115,en,climate_nafcc_adaptation,government_document,2026-05-07,"[13, 8]",13,,high,text discusses climate change and adaptation
6d7831c5,"Akhilesh Gupta, Head, SPLICE-CCP, DST who has been leading this programme since its inception in 2009. He has been the motivating force behind the planning and implementation of this programme. On behalf CCP-SPLICE Division DST, I would like to acknowledge with sincere gratitude the efforts of Prof N.H. Ravindranath of IISc Bengaluru, Prof Anamika Barua of IIT Guwahati and Dr. Shyamasree Dasgupta of IIT Mandi for developing the common framework and, coordinating this unique exercise which has provided the vulnerability scenario of the entire country. I would like to extend my thanks to the State Climate Change Cells and other line departments of the state governments for their active participation in the training programmes and the development of assessments for their respective states.",123,en,climate_nafcc_adaptation,government_document,2026-05-07,"[13, 8]",13,,high,"text discusses climate change and adaptation, also mentions employment and livelihood"
e5b8cdca,"This report could not have been completed without their enthusiasm and cooperation. We are extremely thankful to Ms. Corinne Demenge, Head, Swiss Agency for Development and Cooperation (SDC) in India, Embassy of Switzerland, Ms. Marylaure Crettaz, the previous Head of Swiss Agency for Development and Cooperation (SDC) in India, Embassy of Switzerland, Dr. Mustafa Ali Khan, Team Leader, SCA-Himalayas, SDC, and Ms. Divya Sharma, Senior Thematic Advisor, SDC and Dr. Yandup Lama, Project Associate, SCA-Himalayas, SDC for their immense support at various stages of the implementation of the project. We gratefully acknowledge the contribution of Dr. Jagmohan Sharma, Additional Principal Chief Conservator of Forest (Forest Conservation), Government of Karnataka and Ms. Doris Canter Visscher for enhancing the quality of the report.",121,en,climate_nafcc_adaptation,government_document,2026-05-07,"[2, 8]",2,,high,text discusses crop yield and farm labour costs
c1083202,"I would also like to thank the DST CCP-SPLICE team Dr. Susheela Negi, Scientis-E, Dr. Rabindra Panigrahy, Scientist-D and Dr. Swati Jain, Scientist-C for providing their valuable support during the study. Finally, I would like to convey my sincere thanks to the research staff and administration of IIT Mandi, IIT Guwahati and IISc, Bengaluru for their contribution and support at various stages of execution of the project. I sincerely appreciate the efforts made by Mr. Rupam Bhaduri, research Scholar, IIT Guwahati and Mr. Kritishnu Sanyal, Research Scholar, IIT Mandi.",89,en,climate_nafcc_adaptation,government_document,2026-05-07,"[13, 8]",13,,high,text discusses climate adaptation and farm labour costs
1a286d56,"Associate Head, SPLICE Department of Science and Technology Climate Vulnerability Assessment for Adaptation Planning in India Using a Common Framework BPL Below Poverty Line CRIDA Central Research Institute for Dryland Agriculture DST Department of Science and Technology GSDP Gross State Domestic Product IHR Indian Himalayan Region IISc, Bengaluru Indian Institute of Science, Bengaluru IIT Guwahati Indian Institute of Technology Guwahati IIT Mandi Indian Institute of Technology Mandi IMR Infant Mortality Rate IPCC Intergovernmental Panel on Climate Change NMSHE National Mission for Sustaining the Himalayan Ecosystem NRM Natural Resource Management NTFPs Non-timber forest products PMFBY Pradhan Mantri Fasal Bima Yojana RWBCIS Restructured Weather Based Crop Insurance Scheme SAPCC State Action Plan on Climate Change SDC Swiss Agency for Development and Cooperation VBD Vector borne Diseases VI Vulnerability Index WBD Waterborne Diseases Climate Vulnerability Assessment for Adaptation Planning in India Using a Common Framework Key findings of the vulnerability assessment • Based on an all-India assessment, this report identifies the most vulnerable states and districts in India with respect to current climate risk and the main drivers of vulnerability.",177,en,climate_nafcc_adaptation,government_document,2026-05-07,"[2, 8]",2,,high,text discusses crop yield and farm labour costs
e1fa3bd4,"The assessment is based on a set of common indicators and common methodology. States also carried out district-level vulnerability assessments individually. • State-level vulnerability indices developed in this report vary over a small range: 0.42-0.67. This means all states must deal with concerns related to vulnerability. • The states with a relatively high vulnerability, Jharkhand, Mizoram, Orissa, Chhattisgarh, Assam, Bihar, Arunachal Pradesh, and West Bengal, are mostly in the eastern part of the country, requiring prioritisation of adaptation interventions. • District-level vulnerability indices are also within a small range: 0.34 - 0.75. Assam, Bihar, and Jharkhand have over 60% districts in the category of highly vulnerable districts. • Vulnerability indices are relative measures.",113,en,climate_nafcc_adaptation,government_document,2026-05-07,"[13, 8]",13,,high,text discusses climate and disaster vulnerability
c80cd555,"This means, all districts or states are vulnerable, but some are relatively more vulnerable than others, requiring prioritised adaptation interventions. Application of the vulnerability assessment • The vulnerability assessment can assist in ranking and identification of the most vulnerable districts and states and help states prioritise adaptation planning and investments. • It is critical for developing adaptation projects for the Green Climate Fund, Adaptation Fund, and funds from multilateral and bilateral agencies.",72,en,climate_nafcc_adaptation,government_document,2026-05-07,"[13, 8]",13,,high,text discusses climate adaptation and disaster resilience
b5bb8613,"• The vulnerability assessments carried out by the states could become a chapter in their revised State Action Plan on Climate Change, as per the outline provided by the Ministry of Environment, Forest and • It will also facilitate Nationally Determined Contributions, which aims to adapt better to climate change by enhancing investments in development programmes in sectors vulnerable to climate change, particularly agriculture, water resources, health sector and regions such as Himalayan region, coastal regions, etc. It may also aid to plan disaster management.",85,en,climate_nafcc_adaptation,government_document,2026-05-07,"[13, 8]",13,,high,text discusses climate change adaptation and disaster management
6427ea96,"• A vulnerability assessment contributes to reporting under the Paris Agreement, Article-9 through the assessment of climate change impacts and vulnerability; the formulation and implementation of a National Adaptation Plan, monitoring and evaluation of adaptation plans, policies and programmes; and the development and implementation of resilience of socio-economic and ecological systems. • A vulnerability assessment is a first step towards adaptation planning. The following tasks are suggested • Need for development of climate change risk index, followed by risk ranking of states and districts, where: Risk = f (Hazard, Exposure, Vulnerability). • Development of a common framework, methodology and guidelines for risk assessment. • All State Climate Change Centres funded by the Department of Science and Technology, Government of India are interested in developing a Risk Index for states.",129,en,climate_nafcc_adaptation,government_document,2026-05-07,"[13, 8]",13,,high,text discusses climate change impacts and adaptation planning
50fe9cb1,"It requires building capacity for risk assessment and adaptation planning. • Generation of data for risk assessment is important. There is need of a strategy for data generation for climate change risk and vulnerability assessment and adaptation planning. Climate Vulnerability Assessment for Adaptation Planning in India Using a Common Framework Climate Vulnerability Assessment for Adaptation Planning in India Using a Common Framework Climate Vulnerability Assessment for Adaptation Planning in India Using a Common Framework There is now enough evidence that the earth’s workshops with representatives from 12 IHR states climate is changing, and it is adversely affecting both were organised during the previous project.",104,en,climate_nafcc_adaptation,government_document,2026-05-07,"[13, 8]",13,,high,text discusses climate change and adaptation planning
0ddb9846,"It resulted biophysical (mountains, rivers, forests, wetlands, in the development of a state-level vulnerability map etc.) and socio-economic systems (hill and coastal of the IHR and separate district-level maps based on communities, agriculture, animal husbandry, etc.) vulnerability assessments carried out by the states. According to The Germanwatch Global Following the success of these initial capacity building Climate Risk Index- 2019 India ranked 5th out of 181 activities, the next round, i.e., the present round, saw countries, implying an extremely high exposure and an extension of the project to all states in India. In vulnerability (Germanwatch, 2019).",96,en,climate_nafcc_adaptation,government_document,2026-05-07,"[2, 8]",2,,high,text discusses crop yield and farm labour costs
792f9cc5,"This ranking is the same format, multiple rounds of consultation and based on quantified impacts of extreme weather capacity building workshops were conducted with events in terms of fatalities as well as economic losses state representatives. Vulnerability assessments were that have occurred during 1999-2018. However, the carried out at various levels: all-India state and district- impact of climate change and climate hazards is not level assessments carried out by the project team at uniform across space and time. It varies across regions IIT Mandi, IIT Guwahati and IISc, Bengaluru and state- due to differences in the exposure and vulnerability specific district-level vulnerability assessments carried of various ecosystems, economic sectors, and social out by the states. Most of the IHR states carried out groups (O’Brien, 2008).",125,en,climate_nafcc_adaptation,government_document,2026-05-07,"[13, 8]",13,,high,text discusses climate change impacts and adaptation
e2812a96,"For these reasons, assessment vulnerability assessments for agricultural sector, while of the vulnerability of a system is one of the critical few of them ventured block-level assessments. steps to identify appropriate adaptation measures to combat climate change as also to cope with current The project and the present report are targeted to enhance the capacities of the government departments, academic and public institutions and to With support from the Department of Science and assist them in making informed decisions regarding Technology, Government of India and the Swiss adaptation planning and investment.",91,en,climate_nafcc_adaptation,government_document,2026-05-07,"[2, 8]",2,,high,text discusses crop yield and farm labour costs
4b414ac7,"The target group Agency for Development and Cooperation, the included national and state government departments, Indian Institute of Technology Mandi (IIT Mandi) funding agencies, legislators, bureaucrats, local and the Indian Institute of Technology Guwahati (IIT administration, and the general audience. Guwahati), in collaboration with the Indian Institute of Science (IISc Bengaluru) worked towards the implementation of the project “Vulnerability Profiles for India: State and District Level (Using a Common Against this backdrop, the main objective of the Framework)” with objectives of developing all-India present report is to carry out a current-climate vulnerability profiles and capacity building of the state-level and district-level vulnerability assessment states to carry out vulnerability assessments. The for India based on the starting point/contextual project was implemented during 2019-2020.",122,en,climate_nafcc_adaptation,government_document,2026-05-07,"[13, 8]",13,,high,text discusses climate adaptation and disaster management
2330f3c6,"approach of vulnerability that has been discussed This project has been preceded by a vulnerability further. Using a Vulnerability Index (VI), derived for assessment of states in the Indian Himalayan Region each state/district in India, the study identified and (IHR) in 2018-19, undertaken by the same project categorised the most vulnerable states and districts team, as a part of the National Mission for Sustaining in the country and the major drivers of vulnerability. the Himalayan Ecosystem (NMSHE) in the context of Identification of the most vulnerable states and the National Action Plan on Climate Change. A key districts along with the drivers is an essential first step area identified by the NMSHE was to build capacities for prioritising investment in climate adaptation.",122,en,climate_nafcc_adaptation,government_document,2026-05-07,"[13, 8]",13,,high,text discusses climate adaptation and disaster resilience
1b735e9f,"The of the 12 IHR states for robust assessments of climate- project also aimed at building the capacity of states to related vulnerability and for adaptation planning carry out vulnerability assessments within a common and implementation. A series of consultations and methodological framework. Climate Vulnerability Assessment for Adaptation Planning in India Using a Common Framework The report has the following 5 sections: Under objective I and II, the analysis was carried out by IIT Mandi, IIT Guwahati and IISc Bengaluru and the all-India vulnerability maps are prepared. • Part I: Development of an all-India state-level The outcomes are then shared and discussed with current climate vulnerability profile, identification the states.",110,en,climate_nafcc_adaptation,government_document,2026-05-07,"[13, 8]",13,,high,text discusses climate vulnerability and adaptation planning
825cbd96,"Objective III was achieved through a and ranking of the most vulnerable states and the series of capacity building workshops involving state main drivers of state-level vulnerability. These state-level trained experts subsequently developed vulnerability profiles and • Part II: Development of an all-India state-level maps of their respective states in consultation with current climate vulnerability profile, identification and ranking of the most vulnerable states and the main drivers of state-level vulnerability. Conceptualising vulnerability • Part III: Development of current climate based on IPCC-AR5 framework vulnerability profiles of individual states at multiple scales such as districts/blocks/sectors.",95,en,climate_nafcc_adaptation,government_document,2026-05-07,"[13, 8]",13,,high,text discusses climate adaptation and disaster resilience
2eee0b0d,"The Fifth Assessment Report of the Intergovernmental • Achievements, utility of the report and way Panel on Climate Change, i.e., IPCC-AR5 (IPCC, 2014) defines the risk of climate change at the intersection The state-level assessment was based on 29 states of ‘Hazard’, ‘Exposure’ and ‘Vulnerability’. In this considering erstwhile Jammu and Kashmir. The modified risk-assessment framework, ‘vulnerability’ is district-level assessment was based on 612 districts, conceptualised as an ‘internal property of a system’. which covers the same geographical area as the It represents the propensity or predisposition of the current 718 districts. Some recent bifurcations of system to be adversely affected, independent of districts could not be taken into consideration due to hazard and exposure (Figure 1).",117,en,climate_nafcc_adaptation,government_document,2026-05-07,"[13, 8]",13,,high,text discusses climate change and its impact on livelihood
493f6468,"While the mitigation lack of availability of data leading to a reduction in the of climate hazards and the reduction of exposure number of districts. are relatively long-term goals, governments and development agencies may address climate change adaptation most effectively by reducing vulnerability in the short and medium-term. Vulnerability and Exposure Climate Vulnerability Assessment for Adaptation Planning in India Using a Common Framework Staring-point and end-point approach current climate risks provides information about the towards assessing vulnerability current weaknesses of a natural or socio-economic system along with the drivers of such weaknesses. This The concept of vulnerability may be operationalised will enable the development of strategies to address in two ways (O’Brien, 2007; Kelly, 2000) the identified system weaknesses and to deal with or adapt to the drivers.",128,en,climate_nafcc_adaptation,government_document,2026-05-07,"[13, 8]",13,,high,text discusses climate hazards and adaptation planning
6d8f8def,"Therefore, reducing vulnerability • Starting point/contextual approach: Vulnerability from the current climate variability is the first practical of a system is considered a pre-existing condition step to curtail losses and would be a reliable and ‘no- in anticipation of a hazard. regret’ approach to reduce vulnerability and build • Endpoint/outcome approach: Vulnerability of a long-term resilience under climate change scenarios. system is assessed before and after exposure to Need for a common framework of The present study adopted a starting point/contextual vulnerability assessment approach. It identified vulnerability based on pre- existing conditions in a contextual manner.",96,en,climate_nafcc_adaptation,government_document,2026-05-07,"[13, 8]",13,,high,text discusses climate change and its impact on employment
98d0c9c0,"In this way, While various states in India had earlier developed in anticipation of a climatic hazard or a non-climatic vulnerability profiles of their states, these profiles are stressor, the vulnerability of a natural ecosystem or often not comparable, because the methods used by socio-economic system is seen as a function of its them varied. Various times, states used the IPCC-2007 ‘sensitivity’ (susceptibility to harm from a first-order definition and framework of ‘vulnerability’, which impact of a hazard or stressor) and its lack of ‘adaptive is different from the state-of-the-art methodology capacity’ to overcome or cope with such situations. depicted in IPCC-2014. The focus, in many cases, was also on assessing future vulnerability to climate Sensitivity and Adaptive Capacity change rather than understanding current climate vulnerability.",126,en,climate_nafcc_adaptation,government_document,2026-05-07,"[13, 8]",13,,high,text discusses climate change and its impact on socio-economic system
2302dc6b,"Further, states developed profiles or Sensitivity and adaptive capacities, in this regard, are maps without any dialogue between them in most of defined in the following manner: the cases. So, the method used, the indicators chosen, and the outcome derived from the assessments were • Sensitivity: Sensitivity refers to the degree to not comparable. But in order to achieve comparable which ‘a system or species is affected, either results, it’s important that the states follow a common adversely or beneficially by climate variability methodology, that too the recent one. or change’ (IPCC, 2014). This determines the first-order impact of a hazard or stressor on the Climate-change risk and vulnerability assessments are system. The effect may be direct (e.g., change in essential prerequisites for climate change adaptation.",126,en,climate_nafcc_adaptation,government_document,2026-05-07,"[13, 8]",13,,high,text discusses climate change and its impact on farm labour
9fbc59e1,"crop yield in response to a change in the mean, In the process of the State Action Plan on Climate range, or variability of temperature) or indirect Change (SAPCC) revision, each state must develop (e.g., damages caused by an increase in the its vulnerability profile as one chapter is dedicated frequency of coastal flooding due to sea-level to the same. The present effort can give a head-start for such assessments. Such comparable outcomes • Adaptive capacity: Adaptive capacity is defined as are useful for government officials, implementers, ‘the ability of systems, institutions, humans, and decision- makers, funding agencies and development other organisms to adjust to potential damage, experts.",108,en,climate_nafcc_adaptation,government_document,2026-05-07,"[13, 8]",13,,high,text discusses climate change and its impact on agriculture and employment
bb90cd0c,"It will be enabling them to assess which to take advantage of opportunities, or to respond states or districts in the country are relatively more to consequences’ (IPCC, 2014). For example, if a vulnerable, what has made them vulnerable and how comprehensive crop insurance system is in place, they might address these vulnerabilities. farmers can cope with the damages to crops caused by hazards such as floods or drought. Approaches to capacity building in Current-climate vulnerability the state The IPCC-AR5 (IPCC, 2014) also states: ‘The first Climate change poses unprecedented challenges to step towards adaptation to future climate change is multiple communities and sectors and introduces a reducing vulnerability and exposure to present climate relatively large uncertainty. To reduce this uncertainty variability’.",122,en,climate_nafcc_adaptation,government_document,2026-05-07,"[2, 8]",2,,high,text discusses crop yield and farm labour costs
faaad859,"A vulnerability assessment under the and plan for sustainable development it is essential to Climate Vulnerability Assessment for Adaptation Planning in India Using a Common Framework build the capacity of various concerned departments at different levels and for different sectors. These to assess vulnerability, with good knowledge of workshops were meant to train state participants in the local conditions and context. The goal of the the common methodological framework, develop current project is to achieve this by bringing together a better understanding of the indicators to be used representatives of different departments working in vulnerability assessment, and create a dialogue with state governments in a series of workshops to between states. develop a uniform understanding of vulnerability Capacity Building Workshops and to map it.",124,en,climate_nafcc_adaptation,government_document,2026-05-07,"[13, 8]",13,,high,text discusses climate vulnerability and adaptation planning
fa48afa0,"Not only the capacity of individual departments working with state governments has Two capacity building workshops were organised as a been developed, but also adopting a coordinated and part of this project. common approach within all states in India has to be emphasised. This is important, because cooperation Their specific objectives were: between states will enhance their understanding and assessment of vulnerability, and in turn their • Provide an overview of the evolution of the understanding of adaptive capacity and resilience to concept of vulnerability and the framework of climate change. assessment and its relevance for adaptation to climate change in India.",102,en,climate_nafcc_adaptation,government_document,2026-05-07,"[13, 8]",13,,high,text discusses climate change and adaptation
c1a0e740,"• Demonstrate a common methodological project to bring together representatives of different framework based on IPCC-2014 guidelines of state governments and their departments, and to vulnerability assessment under current climate build their capacity for carrying out vulnerability • Give hands-on training on methodological steps • Build an understanding of the resource pool A meeting was organised in September 2019 at IIT (resource persons and reference material) to Guwahati to prepare the structure and timeline for the facilitate vulnerability assessments by state execution of the project. The selection of a preliminary set of indicators for vulnerability assessment was discussed.",98,en,climate_nafcc_adaptation,government_document,2026-05-07,"[13, 8]",13,,high,text discusses climate adaptation and disaster risk reduction
7382ebdb,"It was decided to have a series of capacity • Initiate a discussion on a common set of indicators building workshops to be organised for various for vulnerability assessment across states and to departments of the state governments including the come up with a preliminary list of indicators in State Climate Change Cells so that they are equipped consultation with the participants. to carry out their own vulnerability assessments Climate Vulnerability Assessment for Adaptation Planning in India Using a Common Framework The first workshop, called ‘Vulnerability Profiles based on a preliminary assessment carried out during for India: State and District Level using a Common the workshop. Their presentation included description Framework’, was held during February 2020 in New of indicators and data sources, a VI, and ranking of Delhi.",129,en,climate_nafcc_adaptation,government_document,2026-05-07,"[13, 8]",13,,high,text discusses climate vulnerability and adaptation planning
0d7b9682,"A total of 55 representatives participated from districts as well as maps based on this VI. Each state the relevant state departments of 18 states and 3 was requested to prepare a report on the outputs Union Territories (UT). The second capacity building generated using a standard template shared with workshop was held in November 2020. Because of the them. Part III of this report is based on the reports COVID-19 pandemic, the workshop had to be held on shared by the states, unless mentioned otherwise. a virtual platform with 22 participants from 8 states. Dissemination workshop During the workshops, methodological steps were demonstrated to provide hands-on training to the A dissemination workshop was organised in December participants with the data provided by the states.",125,en,climate_nafcc_adaptation,government_document,2026-05-07,"[13, 8]",13,,high,text discusses climate adaptation and farm labour costs
e25e70fb,"58 representative participated from State representatives then collected data on the rest different state departments. The project team of the indicators as per the availability of the data. shared the results from the all-India state-level and Later participants had hands-on experience on the district-level assessments and appraised the state data analysis. Step by step analysis was discussed with representatives of the vulnerability ranking of states the participants. Emphasis was laid on the process of and districts. The results were also shared by the analysis, using a common methodological framework project team with the states. Participants shared their and visual representation of the key findings. On experiences and the challenges they had faced during their return, they continued collection of data from the preparation of their state vulnerability profiles.",128,en,climate_nafcc_adaptation,government_document,2026-05-07,"[13, 8]",13,,high,text discusses climate adaptation and disaster management
e24886d2,"their line departments to complete the vulnerability They were mostly related to the (non-) availability of assessment. contemporary, uniform data for the indicators. People also observed that for any block-level assessment, As expected, as an outcome of the workshops, the data need to be collected from line departments. The state-representatives prepared draft comparative current pandemic situation has posed an additional vulnerability maps at district level (and at block level, challenge in this regard. in the case of two states).",79,en,climate_nafcc_adaptation,government_document,2026-05-07,"[13, 8]",13,,high,"text discusses climate and disaster vulnerability, farm labour costs"
a6820aa3,"They presented their work (top panel: in February 2020, Delhi; bottom panel: online workshop in November 2020) Climate Vulnerability Assessment for Adaptation Planning in India Using a Common Framework Methodology and steps of Use of the report A detailed discussion on the achievements of the project and the utility of the report is provided in Conducting a vulnerability assessment is a multi- the final section of the report and in the Executive step exercise and requires setting a clear goals Summary. In brief, this assessment can assist in ranking and objectives that will determine the type of and identification of the most vulnerable districts and vulnerability assessment as well as the scale, sector, states for adaptation intervention and investment. tier, indicators, and methods to be adopted.",126,en,climate_nafcc_adaptation,government_document,2026-05-07,"[13, 8]",13,,high,text discusses climate vulnerability and adaptation planning
c9d60d20,"For this A vulnerability assessment is critical for preparing assessment, the main objective was to assess the adaptation programmes and projects for the Green relative vulnerabilities of states/districts/blocks based Climate Fund, Adaptation Fund, and funds from on a set of common indicators. A detailed discussion international and bilateral agencies. The vulnerability of the steps involved is available in the report Climate assessment reported on here will help states prioritise Vulnerability and Risk Assessment: Framework, adaptation investments. The assessments carried out Methods and Guidelines (developed under the Indian by states could become a chapter in their State Action Himalayas Climate Adaptation Programme (IHCAP) Plan on Climate Change as per the outline provided and NMSHE in 2018 (Sharma, et.",117,en,climate_nafcc_adaptation,government_document,2026-05-07,"[13, 8]",13,,high,text discusses climate adaptation and disaster resilience
600d58e6,"al., 2018), followed by the Ministry of Environment, Forest and Climate by its application in the report “Climate Vulnerability Change. A detailed discussion on the use of the report Assessment for the Indian Himalayan Region Using and the way forward is presented in the final section a Common Framework” under NHSHE and IHCAP in 2018-19 (Barua, et. The steps of assessment have been summarised in Table 1. Climate Vulnerability Assessment for Adaptation Planning in India Using a Common Framework Steps in vulnerability Details of vulnerability assessment assessment pertaining to this report To calculate vulnerability indices, rank the states and districts with these indices, and 1 Setting of scope highlight the drivers of vulnerability. This is the first step in adaptation planning. Current climate vulnerability is considered.",126,en,climate_nafcc_adaptation,government_document,2026-05-07,"[13, 8]",13,,high,text discusses climate vulnerability and adaptation planning
482bd3ac,"Selection of type of Integrated vulnerability assessment (based on biophysical, socio-economic, and institution vulnerability assessment and infrastructure-related vulnerability indicators). Tier 1 (Tier 1: Based only on secondary data, Tier 2: A mix of primary and secondary data; 3 Selection of Tier methods Tier 3: based on primary data) Sectors: Agriculture, forest, health, and general indicators Selection of sector, spatial scale, community/ system, Spatial scale: State-level and district-level assessment (2 block-level studies also presented) and period of vulnerability Period: Based on the availability of data, between 2011 and 2019 Part I: All-India state-level assessment: Initially 19 indicators were shortlisted but based on the availability of data and correlation analysis, 14 were finalised. Part II: All-India district-level assessment: This analysis, too, was based on 14 indicators.",124,en,climate_nafcc_adaptation,government_document,2026-05-07,"[2, 8]",2,,high,text discusses crop yield and farm labour costs
5a8ee71d,"Identification, definition, and Some of the indicators are different from the state-level analysis due to (non-)availability of 5 selection of indicators for vulnerability assessment Part III: State-specific assessment: While the all-India assessments were based on sets of common indicators, state-specific assessments also used 2-3 separate indicators to capture state-specific characteristics. Quantification and All indicators were quantified using secondary sources of data. The database used in the measurement of indicators assessment along with its sources is provided in main report. Normalisation is based on the indicators’ functional relationship with vulnerability. For positively related indicators, i.e., where vulnerability increases with an increase in the value of the indicator, the following formula is used.",111,en,climate_nafcc_adaptation,government_document,2026-05-07,"[2, 8]",2,,high,text discusses crop yield and farm labour costs
bbe85fee,"ij Max{Xij} - Min{Xij} For negatively related indicators, i.e., where vulnerability decreases with an increase in the value of the indicator, the following formula was used: 7 Normali sation of indicators Max{Xij} - Xij ij Max{Xij} - Min{Xij} Where X is the value of jth indicator for ith district, Min{Xij} is the minimum value of the jth indicator across districts and Max{Xij} is the maximum value of the jth indicator. xPand xn are the normalised values of the indicators, respectively for positively and negatively related indicators. Normalised values of an indicator will lie between 0 and 1. The value 1 will correspond to a district with maximum vulnerability and 0 will correspond to a district with minimum vulnerability with respect to a particular indicator.",124,en,climate_nafcc_adaptation,government_document,2026-05-07,"[2, 8]",2,,high,text discusses crop yield and farm labour costs
c694cd5e,"A Principal Component Analysis (PCA)-based weight assignment technique was explored to assign differential weights to indicators. But results from PCA suggested almost equal weights 8 Assigning weights to indicators for all indicators, resulting in similar vulnerability ranking as obtained with equal weights. Therefore, equal weights, i.e.1/14 = 0.071 were assigned to all indicators. Some states used PCA-based weights for their analysis. Aggregation of indicators Vulnerability indices are constructed by taking a simple arithmetic mean of all the normalised vulnerability index scores: K is the number of indicators. 10 Representation of vulnerability 11. Vulnerability ranking Table, graphs, and spatial maps are used to represent vulnerability and its drivers. Arc-GIS software has been used to construct the maps. Identification of drivers of 12.",121,en,climate_nafcc_adaptation,government_document,2026-05-07,"[13, 8]",13,,high,text discusses climate adaptation and vulnerability ranking
3faf7366,"vulnerability for adaptation Climate Vulnerability Assessment for Adaptation Planning in India Using a Common Framework vulnerability profile Climate Vulnerability Assessment for Adaptation Planning in India Using a Common Framework State-level vulnerability profile of India This part of the report identifies and categorises the This part of the report provides a description of the most vulnerable states in India and the main drivers of indicators used for the analysis, the results obtained their vulnerability with respect to current climate risks. and the respective vulnerability maps. Given the The objective is to assess the relative vulnerability diverse land-use pattern, socioeco-nomic and of the states, based on a common set of indicators.",109,en,climate_nafcc_adaptation,government_document,2026-05-07,"[13, 8]",13,,high,text discusses climate vulnerability and adaptation planning
17f469d3,"demographic features and available infrastructure A total of 29 states are considered for the analysis in various states in India, it’s im-portant to consider and that includes the erstwhile state of Jammu and a range of indicators to construct the state-level VIs. Kashmir, given the nature of data availability. This all- State-level values of some of the important features India state-level vulnerability assessment will help are provided in the Appendix (Appendix_Table 1 and policy-makers to prioritize the states for adaptation Appen-dix_Table 2). interventions and to formulate climate-resilient poli- cies. The state-level analysis has been carried out by 1.1. Indicators for the state-level the research team IIT Mandi, IIT Guwahati and IISc Bengaluru and the outcomes are then shared and discussed with the states.",123,en,climate_nafcc_adaptation,government_document,2026-05-07,"[13, 8]",13,,high,text discusses climate adaptation and disaster resilience
7c56d9b9,"It is fol-lowed by a district- A set of 14 indicators of vulnerability was used in level analysis in Part II of the report. the assessment capturing both ‘sensitivity’ and ‘adaptive capacity’ of states. Table 2 presents the Conducting vulnerability assessment is a multi-step construction of these indicators, their relationship exercise and requires the identification of a clear set with vulnerability, and the rationale. The state-level of goals and objectives that will determine the type of values of all indicators and data source are provided in vulnerability assessment, scale, sector, tier, indicators, the Appendix (Appendix_Table 3 and Appendix_Table and methods to be adopted. The methodology opted 4). Specifically, the indicators comprised the following to develop the state-level vulnerability indices (VI) is based on the IPCC-AR5 risk assessment framework (IPCC, 2014).",130,en,climate_nafcc_adaptation,government_document,2026-05-07,"[13, 8]",13,,high,"text discusses climate, disaster, and extreme weather impacts on agriculture"
aa7fcfb2,"The details of the methodology have 1. Socio-economic features and livelihood: been explained in a stepwise manner in the introduc- Percentage of population living below the poverty tion of the report. A more detailed discussion on the line (BPL), income share from natural resources, methodology is available in the Common Vulnerability share of horticulture in agriculture, proportion Framework and Guidelines developed under the of marginal and small landholdings, women’s participation in the workforce. Biophysical aspects: Yield variability of food grains, area under rainfed agriculture, forest area per 1000 rural population, incidences of vector- borne diseases and water-borne diseases.",98,en,climate_nafcc_adaptation,government_document,2026-05-07,"[2, 8]",2,,high,text discusses crop yield and farm labour costs
51abb3e8,"Institution and infrastructure: Area covered under centrally funded crop insurance schemes (such as Pradhan Mantri Fasal Bima Yojna (PMFBY) and Revised Weather-based Crop Insurance Scheme (RWBCIS), implementation of Mahatma Gandhi National Rural Employment Guarantee Act (MGNREGA), road and rail-network, the density of healthcare workers. Paddy Harvesting in Jammu and Kashmir, Photo by- Mr. Majid Farooq Climate Vulnerability Assessment for Adaptation Planning in India Using a Common Framework Construction (year of Indicators Dimension (relevant sectors Rationale for selection Percentage Percentage of population Sensitivity Socio-economic People with extremely low incomes, are among BPL living below the poverty (Positive) features and the most vulnerable: they have little to no population line. A person earning less livelihood (General) financial capital; so, they have the least capacity than Rs.",124,en,climate_nafcc_adaptation,government_document,2026-05-07,"[2, 8]",2,,high,text discusses crop yield and farm labour costs
dea1c956,"965 per month in to adapt to impacts of climate risks (O’Brien, et. 781 in al., 2008) rural areas are the poverty Income shares Total value output from Sensitivity Socio-economic and Climate variability and change directly affect the from natural natural resources, i.e., (Positive) livelihood (General) productivity of natural resources. Any alteration resources agriculture, forestry, in the quality and availability of natural resources livestock, and fishery/ will have far-reaching implications on resource GSDP. (2015-16 and 2014- users and the extensive social and economic 15 respectively with 2011- systems they support (Marshall, 2011). Thus, 12 constant price) higher dependency on natural resources for income generation increases vulnerability.",106,en,climate_nafcc_adaptation,government_document,2026-05-07,"[2, 8]",2,,high,text discusses crop yield and farm labour costs
8c7dd7d0,"Share of Value of output of Adaptive Socio-economic Horticulture trees are hardy and more resilient horticulture in horticulture/Value of Capacity and livelihood to climate variations compared to agricultural agriculture agricultural output (2015- (Negative) (Agricultural) crops. They provide alternate income sources 16) to agriculture. Once established, they are far less sensitive to the impacts of climate risks, particularly rainfall variability and droughts Marginal Number of marginal and Sensitivity Socio-economic Marginal and smallholder farmers experience and small small operational holdings, (Positive) and livelihood immediate hardship in face of any climatic landholdings i.e., up to 2 hectares/Total (Agriculture) hazard. They are unable to make adequate number of operational decisions about when to sow, what to grow, and holdings (2015-16) how-to time inputs.",119,en,climate_nafcc_adaptation,government_document,2026-05-07,"[2, 8]",2,,high,text discusses crop yield and farm labour costs
9b0b2353,"They also find it difficult to cope with the high food price and the fluctuations in the same. Yield Coefficient of Variation, Sensitivity Biophysical A high variability in crop yields indicates variability of (i.e., Standard Deviation (Positive) (Agriculture) fluctuations in agro-climatic conditions. The food grains divided by the arithmetic agriculture sector is extremely sensitive to mean) calculated for 10 climate fluxes, particularly rainfall variability years of food grain yield (delayed rainfall, dry spells, drought, extreme data (2005-2016) rainfall, and floods) and this indicator captures this sensitivity (Davis, et. al., 2019) Area covered Crop area insured under Adaptive Institution and Crop insurance helps farming households under crop PMFBY and RWBICS/ Net Capacity infrastructure mitigate losses caused by climate risks. This insurance sown area (Negative) (Agriculture) enhances their adaptive capacity (Swain, 2014).",130,en,climate_nafcc_adaptation,government_document,2026-05-07,"[2, 8]",2,,high,text discusses crop yield and farm labour costs
0bbf38d0,"Area under (Net sown area - Net Sensitivity Biophysical Rainfed agriculture is highly sensitive to the rainfed irrigated area)/ Net sown (Positive) (Agriculture) vagaries of weather. Lack of irrigation indicates a agriculture area (2015-16) lack of adaptive capacity to mitigate the impacts of climate risks, leading to increased crop loss and reduced income of households dependent on rainfed agriculture (Rani, et. al., 2011) Forest Area of total forest in km2 Adaptive Biophysical (Forest) Forests are an important source of alternative area per per 1,000 rural population Capacity livelihood and food through the extraction of 1,000 rural (2019) (Negative) non-timber forest products (NTFPs). Forests also population provide essential ecosystem services for the sustainable productivity of rural economies and building of adaptive capacity (IHCAP, 2019).",123,en,climate_nafcc_adaptation,government_document,2026-05-07,"[2, 8]",2,,high,text discusses crop yield and farm labour costs
33fb178c,"Climate Vulnerability Assessment for Adaptation Planning in India Using a Common Framework Construction (year of Indicators Dimension (relevant sectors Rationale for selection Women’s Percentage of women Adaptive Socioeconomic and Women are known to be more sensitive to participation in the overall workforce Capacity livelihood (General) climate risks. As gender inequality remains in the (2011) (Negative) a major barrier to human development, workforce women’s participation in the labour market is an important indicator of gender equality (HDR, 2019). Regions with more women in gainful employment would signify (some degree of) gender equality, enhanced purchasing power, and independence.",96,en,climate_nafcc_adaptation,government_document,2026-05-07,"[5, 8]",5,,high,text discusses gender equality and women's participation in workforce
bcd20dde,"Therefore, such working women are likely less vulnerable to climate MGNREGA Average days of Adaptive Institution and MGNREGA scheme as an alternative source employment provided Capacity infrastructure of income helps in building adaptive capacity, per household under (Negative) (General) particularly in dealing with unforeseen livelihood MGNREGA in a year (2014- hazards (Adam, 2014). It acts as a safety net 15 to 2015-16) by providing any adult member of a household registered under the scheme with 100 days of wage labour a year and 150 days in case of hazards such as droughts, floods, cyclones, and hail. This provides households with a menial but essential source of additional income to help them tide over the impacts of hazards.",117,en,climate_nafcc_adaptation,government_document,2026-05-07,"[2, 8]",2,,high,text discusses Zero Hunger and Decent Work & Economy
496474c2,"Road and rail The total length of Adaptive Institution and Under extreme weather events, the role density surface road and length Capacity infrastructure of transport becomes crucial (Ebinger and of rail tracks in km/Total (Negative) (General) Vandycke, 2015). This indicator focused on geographical area in accessibility and connectivity, which are essential sq. km {(2016-17+2018- in regions that are exposed to climate and 19)/2019} disaster risks, to allow for relocation and provide support services. It also gave some idea of the overall development of a region, because with better connectivity comes better access to markets, essential services, a potential for industrialisation, etc.",101,en,climate_nafcc_adaptation,government_document,2026-05-07,"[13, 8]",13,,high,text discusses extreme weather events and disaster risks
5423ab71,"The density Total number of health Adaptive Institution and The availability of doctors and health care of health care care workers (doctors, Capacity infrastructure specialists at medical institutions represents workers dental, nurses, pharma (Negative) (Health) the functionality of these institutions. Access to ancillary, and traditional functional health care infrastructure is essential health care workers per for the overall health and well-being of a 1,00,000 population (2016) community (IHCAP, 2019). Vector-borne Cases of VBD (dengue, Sensitivity Biophysical (Health) Temperature and rainfall variations can foster diseases chikungunya, kala-azar, (Positive) higher VBD occurrence (Dhiman, et.",92,en,climate_nafcc_adaptation,government_document,2026-05-07,"[3, 8]",3,,high,text discusses health care infrastructure and workers
dd835c53,"(VBD) acute encephalitis encephalitis, malaria) per 1,000 population (2018) Water-borne Cases of WBD (cholera, Sensitivity Biophysical (Health) Lack of proper drainage, high incidence of open diseases typhoid, acute diarrhoea) (Positive) defecation, and frequent occurrence of floods (WBD) per 1,000 population lead to an increase in exposure to waterborne (2018) pathogens (Rastogi, 2019). Climate Vulnerability Assessment for Adaptation Planning in India Using a Common Framework 1.2. Composite vulnerability equally distributed. From a policymaking perspective, this means all states have to deal with concerns indices (VI) of Indian states related to climate vulnerability. In this section the VIs developed for the states are The highest VI was obtained for Jharkhand (0.67) and presented and compared along with an assessment of the lowest for Maharashtra (0.42). The ranking of drivers of vulnerability.",129,en,climate_nafcc_adaptation,government_document,2026-05-07,"[13, 8]",13,,high,text discusses climate change and its impact on waterborne diseases and livelihoods
23c0e975,"Theoretically, VIs lie between states based on VI values is given in Figure 4. It’s worth 0 and 1; 0 being the lowest possible VI and 1 the mentioning that VIs are relative measures and that it does not imply that Maharashtra is not vulnerable in an absolute sense. It should also be noted that this 1.2.1. Vulnerability ranking of 29 vulnerability ranking is based on a set of indicators states that were used in this assessment with a specific objective. These indicators predominantly focused VI estimates show that the lowest value of a VI for on socio-economic drivers as well as those related the states obtained in this analysis is 0.42, i.e., even to primary sector-based livelihood along with some relatively less vulnerable states have high VI scores.",129,en,climate_nafcc_adaptation,government_document,2026-05-07,"[2, 8]",2,,high,text discusses crop yield and farm labour costs
9a301ea0,"biophysical and institutional factors. Thus, rankings This also implies that all 29 states are significantly may be different with the change in objective of an vulnerable. Further, the values of VIs of states vary assessment and a change in indicators. over a small range (0.42-0.67) and are more or less 1.3. Categorisation of states based • Relatively highly vulnerable states (VI: 0.58- 0.67): Jharkhand, Mizoram, Orissa, Chhattisgarh, on Vulnerability Indices Assam, Bihar, Arunachal Pradesh, and West 1.3.1. Range-based categorisation of the • Relatively moderately vulnerable states (VI: 0.50-0.58): Uttar Pradesh, Tripura, Gujarat, The value of VI for Indian states suggests that all states Meghalaya, Erstwhile Jammu and Kashmir, are vulnerable to climate risks, but some are relatively Rajasthan, Madhya Pradesh, Manipur, Andhra more.",123,en,climate_nafcc_adaptation,government_document,2026-05-07,"[13, 8]",13,,high,text discusses climate risks and farm labour costs
5e6bf52f,"Grouping of states helps to get a better idea of Pradesh, and Karnataka, (10 states). different categories of states in the context of the VI • Relatively low vulnerable states (VI: 0.42- 0.50): range. As mentioned earlier, VI values range between Himachal Pradesh, Telangana, Sikkim, Punjab, 0.42 – 0.67: the range may be divided into three equal Uttarakhand, Haryana, Tamil Nadu, Kerala, intervals to obtain the following categories (Table 3): Nagaland, Goa, and Maharashtra (11 states). Climate Vulnerability Assessment for Adaptation Planning in India Using a Common Framework 1.3.2. Quartile-based categorizsation of Bengal are situated in the ecologically fragile Eastern states Himalayan Region.",103,en,climate_nafcc_adaptation,government_document,2026-05-07,"[13, 8]",13,,high,text discusses climate vulnerability and adaptation planning
e26eeb61,"The location of most of these states overlaps with disaster-prone areas according to Under Quartile-based categorization, 29 states are multi-hazard maps prepared by the National Disaster divided into four categories, i.e., Quartiles: each Management Authority (NDMA, 2016). This puts category containing an equal number (7-8) of states those states in a doubly disadvantageous position. according to their order of ranking. Quartile I contains 25% of the most vulnerable states and Quartile IV the 1.5. Major drivers of vulnerability 25% least vulnerable. • Top 25% most vulnerable states (Quartile I): Identification of major drivers of vulnerability is This group contains 8 most vulnerable states in perhaps the first step towards targeted adaptation India (resultant VI: ~0.58-67) planning.",116,en,climate_nafcc_adaptation,government_document,2026-05-07,"[13, 8]",13,,high,text discusses disaster-prone areas and adaptation planning
756ada2a,"It leads to a better understanding of the • Upper middle 25% vulnerable states (Quartile sources of vulnerability of a state and contributes to II): This group contains 7 second most vulnerable developing targeted adaptation measures to address states (resultant VI: ~0.52-0.58) specific indicators of sensitivity and adaptive capacity. • Lower middle 25% vulnerable states (Quartile For each state, indicators with normalised values III): This group contains 7 vulnerable states after greater than or equal to 0.8 are identified as the Quartile II (resultant VI: ~0.47-0.52) main drivers of vulnerability. Barring a few states, this resulted in ~3-4 most important drivers for each state.",104,en,climate_nafcc_adaptation,government_document,2026-05-07,"[13, 8]",13,,high,text discusses climate adaptation and disaster resilience
eee19193,"• Bottom 25% vulnerable states (Quartile IV): The bar diagram in Figure 8 represents the frequency This group contains 7 states with the lowest VIs of an indicator that appears to be a driver across (resultant VI: ~0.42-0.47) states, i.e., the number of states for which a particular The states in Quartile I coincide with the states in the driver is applicable. The list of drivers is provided in ‘relatively highly vulnerable category’ of states. The states in each quartile are represented in Table 3. Notably, vulnerability is multidimensional because 1.4. Vulnerability maps many indicators appear to be drivers for a single state in many cases.",106,en,climate_nafcc_adaptation,government_document,2026-05-07,"[13, 8]",13,,high,text discusses climate adaptation and farm labour costs
7bf37a24,"For states where more than 4 drivers State-level vulnerability maps are developed to are identified, they are divided into 2 categories provide a visual representation of the categories of – 3-4 major drivers and other drivers. The major vulnerability (range-based: Figure 5, quartile-based: drivers of vulnerability across states include a lack 7). Geographically, most states with a relatively of alternative livelihood based on forest resources, a high vulnerability form a cluster in the eastern part high proportion of area under rainfed agriculture, and of the India. They are Jharkhand, Mizoram, Orissa, a lack of coverage of central crop insurance schemes. Chhattisgarh, Assam, Bihar, Arunachal Pradesh, and All these indicators contribute to high vulnerability of West Bengal.",116,en,climate_nafcc_adaptation,government_document,2026-05-07,"[2, 8]",2,,high,text discusses crop yield and farm labour costs
8755c396,"Electronic National Agricultural Market (e-NAM) A Review of Performance and Prospects Chandra Sekhara Rao Nuthalapati Institute of Economic Growth New Delhi; Email: chandra@iegindia.org Agricultural Economics Research Center Institute of Economic Growth Research Study Report Submitted to the Ministry of Agriculture and Farmers’ Welfare, Government of India, New Delhi Agricultural Economics Research Unit Institute of Economic Growth University Enclave, University of Delhi (North Campus), Delhi 110 007, India Phone: 91-11-27666364/6367, 27667101/7288/7365/7424, Fax: 91-11-27667410; The authors are grateful to the Ministry of Agriculture and Farmers Welfare (MoAFW) and Mr.P.C.Bodh, Adviser, MoAFW for allotting this research study to the Institute of Economic Growth (IEG). Mr.Arun Kumar and Mr.Rakesh Kumar provided useful suggestions on study design.",112,en,enam_agri_market,government_document,2026-05-07,"[2, 8]",2,,high,text discusses crop yield and farm labour costs
275e3ad4,"The then Director of the Institute Professor Manoj Panda, present Director Professor Ajit Mishra, Professor Brajesh Jha, the then Head, Agricultural Economics Research Unit (AERU) and Professor C.S.C.Sekhar, current Head, AERU facilitated this research. The Agro-Economic Research Centres of six states (Gujarat, Haryana, Madhya Pradesh, Maharashtra, Telangana and Uttar Pradesh) conducted field surveys. The detailed comments received from ADRT, ISEC, Bengaluru helped tighten the loose ends. IEG library helped procure needed data from different sources and Dr.P.K.Jain ensured this. As always, Dr.Sushil K Sen, Academic Programme Officer, Mr.Devi Datt Kandpal, Finance Officer and Mr.Vinod Tyagi, Computer Systems Administrator extended unflinching support. The farmers across states spared their valuable time to share information and their views. The authors are indebted to all of them.",123,en,enam_agri_market,government_document,2026-05-07,"[2, 8]",2,,high,text discusses crop yield and farm labour costs
4bb21cbd,"Electronic National Agricultural Market (e-NAM) A Review of Performance and Prospects Chandra Sekhara Rao Nuthalapati Reducing price spread between producer and consumer is one of the best ways of increasing farm income in the current milieu of agricultural marketing in the country. Enhancing productivity has its limitations and is not a sufficient condition for raising farm incomes (Narayanamoorthy, 2017; Rao et al., 2018). Raising productivity can likely depress prices in the face of all round spikes leading to higher overall production at the national level. On the other hand, reducing marketing costs by means of reducing the transaction costs and chain of intermediaries can leave better share of consumer rupee with the farmer-producer.",113,en,enam_agri_market,government_document,2026-05-07,"[2, 8]",2,,high,text discusses crop yield and farm labour costs
192ee8f3,"The central government, quite understandably, expects to double farmers’ income in ten years with a lions’ share of contribution from better price realisation to the tune of 13 per cent based on the experience of electronic marketing scheme in Karnataka (Chand, 2017a). The price realised by farmers increased the highest in recent history during 2004-05 to 2011-12 to a tune of 0.78 per cent per annum, leading to better incomes to farming community (Chand, 2017b). The poverty reduction during this period progressed at an unprecedented 2.2 per cent per annum and agricultural income growth has contributed significantly to this (Dev, 2016). However, this growth in income through price realisation has experienced a downside in terms of higher price inflation.",119,en,enam_agri_market,government_document,2026-05-07,"[2, 8]",2,,high,text discusses crop yield and farm labour costs
c41d9bf6,"Balancing interests of the producers and consumers by way of remunerative prices and cheap food respectively can be achieved through productivity rise and reducing the chain of intermediaries (Rao, 1994). While the Green Revolution made the first one possible with simultaneous reduction in food prices, the latter is yet to happen in India. This latter route is also important because this price spread between producer and consumer is a “black box” composed of wholesale, processor, and retail segments and this “black box” comprises roughly one-third of the total consumer price (Reardon and Gulati, 2008). It is important to note that the overall prices will be lower in both the above means, while at the same time making the farmers better off.",121,en,enam_agri_market,government_document,2026-05-07,"[2, 8]",2,,high,text discusses crop yield and farm labour costs
0499913b,"The recent policy focus on politically sensitive agricultural marketing reforms is justified from the above concerns in the differential impacts of disparate pathways for better price realisation for farm produce. These policies were immensely successful and by the mid- seventies India had become virtually self- sufficient in production of food grains and impressive gains have been made in the production of milk and sugar. However, agricultural marketing did not receive the required attention. Post- harvest management and development of efficient markets & supply chains have largely been neglected in policymaking. However, the recent policy trajectory is attempting to correct this through some important initiatives.",104,en,enam_agri_market,government_document,2026-05-07,"[2, 8]",2,,high,text discusses crop yield and farm labour costs
02b0d58b,"The current policy focus on doubling farmers’ income by 2022 can also achieve its desired objectives only by improving and vastly redesigning the existing marketing system in the Marketing of agricultural commodities in India is carried out through the regional Agricultural Produce Marketing (Regulation) Acts in various the States and union territories. Under this system a vast network of regulated markets has been established. The basic objective of the APMC Act is to ensure an effective price discovery through interplay of supply and demand forces. Over time, however, these markets have become restrictive and monopolistic and have, therefore, failed not only to achieve their basic objectives but owing to restrictive provisions of States’ APMC Acts prevented a seamless integration of farmers and buyers and evolution of an efficient supply chain.",130,en,enam_agri_market,government_document,2026-05-07,"[2, 8]",2,,high,text discusses crop yield and farm labour costs
c7390144,"Some of the major problems with the current system are the insufficient number of APMC markets and their inadequate Infrastructure, limited access to market for (small) farmers, less remuneration to the farmers and high intermediation cost, lack of market information / Information asymmetry, need to physically bring the produce to mandi, high incidence of market fee/ charges, fragmentation of markets, requirement of multiple licenses for trading, multiple point levy of market fee, existence of opaque/ semi-transparent processes of bidding and lack of emergence of alternative channels of Impressed by the success story of the of the e-market in the Karnataka, the Government of India, introduced the electronic trading platform at national level called National Agricultural Market (e- NAM) on 14th April 2016 with an objective of one price in one market in one nation.",134,en,enam_agri_market,government_document,2026-05-07,"[2, 8]",2,,high,text discusses crop yield and farm labour costs
91e688cc,"Realising the urgent need to address the challenges of the existing agricultural marketing system the Union Government has introduced a Central Sector Scheme for Promotion of National Agriculture Market through a common electronic market platform, called the electronic National Agricultural Market or e-NAM. The e-NAM aims to integrate all the agricultural markets of the country and envisages a common national market for agricultural commodities with seamless movement across state boundaries. This is envisioned as a solution to marketing issues of all stake holders - farmers, traders, retailers, consumers and logistic providers. The NAM Portal provides a single window service for all APMC related information and services, including commodity arrivals, prices, bids & offers.",113,en,enam_agri_market,government_document,2026-05-07,"[2, 8]",2,,high,text discusses crop yield and farm labour costs
9618efd9,"The physical movement of agriculture produce takes place through the mandis while the online trading is expected to reduce transaction costs and information asymmetry. Under the present scheme, about 585 regulated wholesale markets in various states and UTs are planned to be covered in the first phase. Union Ministry of Agriculture and Farmers’ Welfare (MoA&FW) will meet expenses on software and its customisation for the States and provide it free of cost. DAC&FW is also giving grant as one time fixed cost (subject to the ceiling of Rs.30.00 lakhs per mandi) for related equipment / infrastructure and for installation of the e-market platform. The list of specific APMCs to be included in the list of 585 markets is to be provided by the State Governments.",125,en,enam_agri_market,government_document,2026-05-07,"[2, 8]",2,,high,text discusses crop yield and farm labour costs
7685f561,"A national electronic trading platform is conceived for transparent sales and price discovery initially in regulated markets and to be followed in kisan mandis, warehouses and private markets. It is mandatory for the States need to enact the following provisions in their APMC Acts for promotion of e-trading in their States to fulfill three conditions for starting eNAM VIZ., One license for a trader valid across all markets in the State; single point levy of market fees, i.e. on the first wholesale purchase from the farmer; and 100% online trading of the agri-produce selected for each mandi. Other requirements include harmonization of quality standards, provision for assaying and facilities for soil testing near mandis.",114,en,enam_agri_market,government_document,2026-05-07,"[2, 8]",2,,high,text discusses crop yield and farm labour costs
5b20dd14,"Against this background, the present study aims to study the functioning of electronic mandis in the country with special focus on the extent of realization of the expected benefits to farmers in terms of higher prices. The specific objectives of the study are to study the extent of operation, adoption and functioning of e-NAM in some of the major markets; analyze the improvements due to e-NAMs in price discovery, quantity traded and marketing cost, among other things; examine the infrastructure facilities at the e-NAMs for cleaning, sorting, grading and weighing of commodities; and assess the overall impact on the ease of doing business The study employed both secondary and primary data.",111,en,enam_agri_market,government_document,2026-05-07,"[2, 8]",2,,high,text discusses crop yield and farm labour costs
86b04098,"The secondary data on prices, market arrivals and bids/offers collected by various e-NAM mandis available with the Department of Marketing, MoA&FW, GoI are used to analyze the market trends before and after the introduction of e-NAM. The electronic mandis initially got a head start in six states viz., Uttar Pradesh, Madhya Pradesh, Haryana, Maharashtra, Telangana and Gujarat. Therefore, this study has focused on these states and collected primary data from about 5% of these 341 markets- in about 21 mandis. The Agro-Economic Research Centres of the respective states conducted the primary data collection and analysis. Each AERC has visited the mandis selected and made a list of farmers and traders/Commission Agents registered at the mandi/market.",115,en,enam_agri_market,government_document,2026-05-07,"[2, 8]",2,,high,text discusses crop yield and farm labour costs
63e0df88,"Then a sample of 100 farmers, 25 traders and 25 commission agents selected randomly for survey in each state making the total sample to be of 856 farm households and 150 each of traders and commission agents from 338 villages in 23 districts across six states. A structured questionnaire is used for data collection. The data collected pertain to the major commodities traded in these markets, while focusing on grains and fruits & vegetables. The study is organised into five Sections. Section 1 elucidates the background, objectives and methodology of the study. Review of literature is given in Section 2. Analysis of price trends in pre and post-eNAM scenarios are compared using secondary data is illustrated in section 3.",119,en,enam_agri_market,government_document,2026-05-07,"[2, 8]",2,,high,text discusses crop yield and farm labour costs
7d7953b1,"Section 4 examines price trends and volatility in the business as usual scenarios. The section 5 describes performance of e- NAM based on surveyed data. The last section concludes with major findings and policy As a prelude to the analysis of primary data, we analysed price trends of the select crop produce in the market yards before the introduction and after the introduction of eNAM by taking April 2015 to October 2017 as the pre-eNAM period and November 2017 to March 2018 as the post-eNAM period. Detailed analysis of the month-wise prices of these commodities in all the mandis shows that prices are on the decline across states for all the commodities put together except in Telangana.",117,en,enam_agri_market,government_document,2026-05-07,"[2, 8]",2,,high,text discusses crop yield and farm labour costs
7250cca0,"While the prices went down by 8.3% in Haryana, the contraction was as high as 26.8% in Gujarat. Further analysis through month-wise movement of prices indicates that there is no trend in either direction after introduction of eNAM in the farm prices. This sets the stage for us and would be useful as a counterfactual to proceed to the examination of prices received by the sampled households for their farm produce. On the other hand, we also collected information from the sampled households on the realised prices before and after eNAM adoption scenarios. Among the sample respondent across states, the highest 42 per cent of respondent are in higher education in the state of Gujarat and Haryana, followed by 28% in Uttar Pradesh.",123,en,enam_agri_market,government_document,2026-05-07,"[2, 8]",2,,high,text discusses crop yield and farm labour costs
eb8f052d,"33 and 29 per cent of respondents are in high school in the state Madhya Pradesh and Maharashtra respectively. The highest 35 per cent of illiterate respondents are recorded in Telangana. Overall highest 29 per cent of respondents are reported to be in high school. In other words, 58% of the participants in eNAM have obtained high school or higher education. An examination of inclusiveness in selling through eNAM indicated that this intervention allows marginal (29%) and small farmers (25%) along with medium farmers (27%) and large farmers (18%). However, situation in some of the states raises some concerns of exclusion.",101,en,enam_agri_market,government_document,2026-05-07,"[4, 8]",4,,high,text discusses education and employment
db0388c5,"For example, in Madhya Pradesh, large farmers (51%) and medium farmers (25%) alone constitute the bulk of sellers in the electronic market to the relative lack of marginal (5%) and small farmers (18%). The participation of smallholders is robust in Gujarat (80%), Telangana (65%) and Uttar Pradesh (65%). Interestingly, some of the landless labourers cultivating tenant lands also sold to the eNAM in UP, MP and Gujarat, albeit in small numbers. The participants farmers have an average landholding of 13.1 acres in MP followed by 6.2 ac in Maharashtra, 5.9 ac in Haryana, 4.7 ac in Telangana, 4.0 ac in UP and 3.7 ac in Gujarat.",106,en,enam_agri_market,government_document,2026-05-07,"[2, 8]",2,,high,text discusses crop yield and farm labour costs
d510aa29,"Nearly half of the participant farmers opined that the testing of quality and the parameters used are liberal and 22% of them received a report on testing of quality. More than two-fifths (44%) of the participants perceive eNAM to be better than the manual mandi of the earlier days. While no one from MP and only 16% from UP are satisfied with the performance of eNAM, overwhelming proportion of farmers from other states are satisfied with the electronic marketing. The reasons for this poor satisfaction levels in MP and UP seems to be the lack of related infrastructure as evidenced by their responses in regard to the facilities.",108,en,enam_agri_market,government_document,2026-05-07,"[2, 8]",2,,high,text discusses crop yield and farm labour costs
b3abe902,"On the other hand, the e-auction facilities are found be good by large proportion of farmers in Haryana (75%), Maharashtra (99%), Telangana (100%). Lack of facilities for information sharing, grading, refrigeration, sorting, net connectivity and computers, soil testing and cumbersome online payment system along with delays are some of the problems reported by large proportion of farmers. The participant farmers in the electronic market are happy with facilities for quality testing (61% of farmers), higher price realization (56%), transparent procedures (52%), lower cost of marketing (51%), easier selling process (49%), and satisfaction of being part of national market (47%). Relatively larger proportion of farmers used eNAM mobile app in Haryana (71%) and Maharashtra (56%), while it was almost non-existent in other states.",122,en,enam_agri_market,government_document,2026-05-07,"[2, 8]",2,,high,text discusses crop yield and farm labour costs
8ab3b7ae,"Relatively higher proportion of the farmers reported that they receive sms alerts after the online transaction. There is scope to improve performance in this regard in UP in case of both the parameters and in several states for eNAM app. We analysed the price realization for the participant farmers in eNAM through primary data from all the states rigorously and found that they received a 5.5% higher price by selling in electronic markets compared to the pre-adoption scenario. The counterfactual scenario through the analysis of price data for the select commodities before and after the adoption scenarios, shows that prices have declined for all the agricultural commodities.",107,en,enam_agri_market,government_document,2026-05-07,"[2, 8]",2,,high,text discusses crop yield and farm labour costs
c2ed7f84,"Juxtaposing the treatment and counterfactual scenarios, this study concludes that selling in the electronic market has the potential to enable higher prices to farmers through increasing competition and thwarting inefficiencies. Though the 5.5% higher price seems smaller, this is significant in the background of plummeting prices in the markets in general. Also, the price realization would improve as marketing infrastructure is improved in all the lagging states like MP and UP and further improvements in the better performing states of Gujarat, Haryana, Telangana Further examination of the underlying factors for satisfaction with eNAM using logit regressions revealed that the availability of e-auction and bidding facilities and provision of quality testing report are positively correlated with satisfaction levels.",117,en,enam_agri_market,government_document,2026-05-07,"[2, 8]",2,,high,text discusses crop yield and farm labour costs
e0821e34,"Conversely, cumbersome price discovery process, difficulty and delays in online payment and lack of cleaning facilities proved dampeners for farmers’ happiness with the electronic marketing. Another significant set of findings from Tobit analysis indicates that availability of irrigation facility, good and transparent quality testing, farmers being located in Haryana and price discovery process are positively associated with price realization relative to before adoption scenario. On the other hand, higher mandi fees, poor net connectivity, and stringent quality parameters stifle price realization significantly. To conclude, the results of the study showed that participating farmers in the electronic market receive higher prices and 44% of them are happy and satisfied.",108,en,enam_agri_market,government_document,2026-05-07,"[2, 8]",2,,high,text discusses crop yield and farm labour costs
73679375,"The performance of this intervention is poor in states of central and north India, where infrastructure in general and marketing infrastructure in particular are relatively under-developed. Extending the eNAM to all the market yards in the country, developing standards, net connectivity, bidding facilities, transparent testing facilities, and ease of online payment system will go a long way in establishing eNAM as the preferred marketing option for the farm households. The recent investments by the government seems to be in the right direction in this regard. Further, raise of the online market from government side will act as a countervailing force to the steadily picking up private investments, some of which can be monopolistic if not oligopolistic in nature.",118,en,enam_agri_market,government_document,2026-05-07,"[2, 8]",2,,high,text discusses crop yield and farm labour costs
8e1a7ec2,"Electronic National Agricultural Market (e-NAM) A Review of Performance and Prospects Chandra Sekhara Rao Nuthalapati Self-sufficiency in agriculture has been a priority for Indian policymakers since the major droughts of the mid-1960s. Many programs have been launched to increase domestic production and decrease reliance on imports. A combination of input subsidies, output price support and trade restrictions was successfully adopted to attain self-sufficiency in foodgrain production. Many important institutions such as Agricultural Prices Commission (APC), which is now known as CACP, Food Corporation of India (FCI) and National Dairy Development Board (NDDB) were also established during this time. Large investments were also made in agricultural R&D.",106,en,enam_agri_market,government_document,2026-05-07,"[2, 8]",2,,high,text discusses crop yield and farm labour costs
dc7bce3b,"These policies were immensely successful and by the mid- seventies India had become virtually self-sufficient in production of food grains and impressive gains have been made in the production of milk and sugar. However, agricultural marketing did not receive the required attention. Post- harvest management and development of efficient markets & supply chains have largely been neglected in policymaking. However, the recent policy trajectory is attempting to correct this through some important initiatives. The current policy focus on doubling farmers’ income by 2022 can also achieve its desired objectives only by improving and vastly redesigning the existing marketing system in the Marketing of agricultural commodities in India is carried out through the regional Agricultural Produce Marketing (Regulation) Acts in various the States and union territories.",125,en,enam_agri_market,government_document,2026-05-07,"[2, 8]",2,,high,text discusses crop yield and farm labour costs
8cd793d1,"Under this system a vast network of regulated markets has been established. The basic objective of the APMC Act is to ensure an effective price discovery through interplay of supply and demand forces. Over time, however, these markets have become restrictive and monopolistic and have, therefore, failed not only to achieve their basic objectives but owing to restrictive provisions of States’ APMC Acts prevented a seamless integration of farmers and buyers and evolution of an efficient supply chain.",78,en,enam_agri_market,government_document,2026-05-07,"[2, 8]",2,,high,text discusses crop yield and farm labour costs
8e6ff3f4,"Some of the major problems with the current system are the insufficient number of APMC markets and their inadequate Infrastructure, limited access to market for (small) farmers, less remuneration to the farmers and high intermediation cost, lack of market information / Information asymmetry, need to physically bring the produce to mandi, high incidence of market fee/ charges, fragmentation of markets, requirement of multiple licenses for trading, multiple point levy of market fee, existence of opaque/ semi-transparent processes of bidding and lack of emergence of alternative channels of marketing.",88,en,enam_agri_market,government_document,2026-05-07,"[2, 8]",2,,high,text discusses crop yield and farm labour costs
b27409b4,"e-National Agricultural Market (e- NAM): Realising the urgent need to address the challenges of the existing agricultural marketing system the union government has introduced a Central Sector Scheme for Promotion of National Agriculture Market through a common electronic market platform, called the electronic National Agricultural Market or e-NAM. The e-NAM aims to integrate all the agricultural markets of the country and envisages a common national market for agricultural commodities with seamless movement across state boundaries. This is envisioned as a solution to marketing issues of all stake holders - farmers, traders, retailers, consumers and logistic providers. The NAM Portal provides a single window service for all APMC related information and services, including commodity arrivals, prices, bids & offers.",118,en,enam_agri_market,government_document,2026-05-07,"[2, 8]",2,,high,text discusses crop yield and farm labour costs
fd4aea49,"The physical movement of agriculture produce takes place through the mandis while the online trading is expected to reduce transaction costs and information asymmetry. Under the present scheme, about 585 regulated wholesale markets in various states and UTs are planned to be covered by the end of March 2018. Union Ministry of Agriculture and Farmers’ Welfare (MoA&FW) will meet expenses on software and its customisation for the States and provide it free of cost. DAC&FW is also giving grant as one time fixed cost (subject to the ceiling of Rs.30.00 lakhs per mandi) for related equipment / infrastructure and for installation of the e-market platform. The list of specific APMCs to be included in the list of 585 markets is to be provided by the State Governments.",127,en,enam_agri_market,government_document,2026-05-07,"[2, 8]",2,,high,text discusses crop yield and farm labour costs
f2f5d708,"The major components of NAM: A national electronic trading platform for transparent sales and price discovery initially in regulated markets and to be followed in kisan mandis, warehouses and 1. It is mandatory for the States need to enact the following provisions in their APMC Acts for promotion of e-trading in their States - One license for a trader valid across all markets in the State. - Single point levy of market fees, i.e. on the first wholesale purchase from the - 100% online trading of the agri-produce selected for each mandi. Harmonization of quality standards of agricultural produce and provision for assaying (quality testing) infrastructure in every market to enable informed bidding by buyers.",115,en,enam_agri_market,government_document,2026-05-07,"[2, 8]",2,,high,text discusses crop yield and farm labour costs
e438c26a,"Provision of Soil Testing Laboratories in/ or near the selected mandi to facilitate visiting farmers to access this facility in the mandi itself. Expected Benefits of NAM to the farmers: Some of the expected benefits from e-NAM include accessibility of farmers to a common agriculture market; real time price discovery; transparency in the agriculture marketing system; reduce the transaction costs of buyers and sellers; real time information on prices, market arrivals etc; bidding on quality parameters of commodities; online bidding for more transparency; online payment system to reduce the payment risk and ensure timely payments to farmers, cleaning, sorting, grading and weighing facilities and additional services such as soil testing laboratories at the e-NAM.",114,en,enam_agri_market,government_document,2026-05-07,"[2, 8]",2,,high,text discusses crop yield and farm labour costs
ce22cdf3,"State Selected Mandis 4 Sirsa and Ellenabad 8 Madhya Pradesh Jabalpur 16 Uttar Pradesh Mundera 20 Telangana Nizamabad Note: In Haryana, a combined sample of 50 farmers is taken from Sirsa (17) and Ellenabad (33) mandis Map 1: Progress of nation-wide coverage of mandis under e-NAM 1.4. Objectives of the study: The main aim of the study was to study the extent of realization of the expected benefits of e-NAM. The scheme has been rolled out in about 13 states so far and it is important to assess the extent of realization of these benefits. As of 17 July 2017, 455 markets across 13 states have been integrated with e-NAM (Table 1 and Map 1).",115,en,enam_agri_market,government_document,2026-05-07,"[2, 8]",2,,high,text discusses crop yield and farm labour costs
71a0e37c,"The present study aimed to study the functioning of few of these e-NAMs in the country. The specific objectives of the study are to 1. Study the extent of operation, adoption and functioning of e-NAM in some of the 2. Analyze the improvements due to e-NAMs in price discovery, quantity traded and marketing cost, among other things; 3. Assess the functioning of the assaying laboratories at the e-NAMs and acceptability of quality parameters to various stakeholders; 4. Analyze the infrastructure facilities at the e-NAMs for cleaning, sorting, grading and weighing of commodities; and 5. Assess the overall impact on the ease of doing business 1.5. Data and Methods: The study employed both secondary and primary data.",116,en,enam_agri_market,government_document,2026-05-07,"[2, 8]",2,,high,text discusses crop yield and farm labour costs
11f01738,"The secondary data on prices, market arrivals and bids / offers collected by various e-NAM mandis available with the Department of Marketing, MoA&FW, GoI are used to analyze the market trends before and after the introduction of e-NAM. At present, 455 markets have been integrated with e-NAM across 13 states. Of these, majority of the markets (341) are located in six states (UP-100, MP-58, Haryana-54, Maharashtra-45, Telangana-44 and Gujarat-40). Therefore, this study has focused on these states and collected primary data from about 5% of these 341 markets – in about 17 markets. The Agro-Economic Research Centres of the respective states conducted the primary data collection and analysis. The detailed list of selected mandis is provided in the Table 1.",120,en,enam_agri_market,government_document,2026-05-07,"[2, 8]",2,,high,text discusses crop yield and farm labour costs
f3e2c4a0,"Each AERC has visited the mandis selected and made a list of farmers and traders/Commission Agents registered at the mandi/market. Then a sample of 100 farmers, 25 traders and 25 commission agents selected randomly for survey. The structured questionnaire used for data collection. The data was collected pertain to the major commodities traded in these markets, while focusing on grains and fruits & vegetables. Analytical tools: The study used simple descriptive statistics for much of the analysis. However, variations in prices are calculated using the following formula: Taken difference of natural log of monthly prices, i.e. between month t and month t-1 Standard Deviation of this difference for a particular period, i.e. period 1 and period 2.",117,en,enam_agri_market,government_document,2026-05-07,"[2, 8]",2,,high,text discusses crop yield and farm labour costs
98efd8c0,"The determinants of satisfaction with selling in eNAM has been analyzed using a logit model where the dummy dependent variable Y represents whether farmers are satisfied with eNAM , and on the right hand side, Z is the linear combination of the explanatory variables , , ; and a, are the coefficients. The independents variables included those related to socio economic and demographic characteristics of the households such as, education, farm size, of the head of the household, ; as well as those pertaining to crop, irrigation, and regional location; and several dummy variables related to improving market price discovery and reducing transaction costs like assaying facility, e-auction facility, quality testing parameters and so on.",115,en,enam_agri_market,government_document,2026-05-07,"[2, 8]",2,,high,text discusses crop yield and farm labour costs
0fddf95e,"The price differential for a participant farm household in eNAM can be either higher or lower and cannot be known a priori. However, there are limitations of available models to include observations with negative values. Tobit model can solve this problem by allowing dependent variable with both positive and null values. In this situation, Tobit models specified below has been used to analyse the determinants of price realisation in electronic markets as the dependent variable (price differential compared to pre-eNAM scenario) consisted of both zero and positive values. The structural equation in the Tobit model is: ……………………….……………………….….(3) where ~N (0; σ2). is a latent variable that is observed for values greater than and censored otherwise.",115,en,enam_agri_market,government_document,2026-05-07,"[2, 8]",2,,high,text discusses crop yield and farm labour costs
79a7b84d,"is a vector of independents variables included those related to socio economic and demographic characteristics of the households such as, education, farm size, of the head of the household; as well as those pertaining to crop, irrigation, and regional location; and several dummy variables related to improving market price discovery and reducing transaction costs like assaying facility, e-auction facility, quality testing parameters and so on, which is censored at 0; is a matrix of explanatory variables that are hypothesised to influence irrigation water use (productivity) either positively or negatively.  represents vector of unknown parameters to be estimated corresponding to the matrix of explanatory variables. The disturbance term is assumed to be normally distributed with mean ‘0’ and variance σ2.",120,en,enam_agri_market,government_document,2026-05-07,"[2, 8]",2,,high,text discusses crop yield and farm labour costs
8b1620ec,"Organization of the study: The study is planned into five sections. Introduction with background, objectives and methodology of the study are presented in Section 1. Problems in agricultural marketing and evolution of eNAM is reviewed in in Section 2. Analysis of price trends in pre and post-eNAM adoption scenarios are brought out with secondary data in section 3. Price volatility in the selected crops across states over the study period is analysed in Section 4. The section 5 describes performance of e-NAM based on surveyed data. The last section concludes with major findings and policy recommendations. Problems in Agricultural Marketing and Evolution of eNAM There are many studies on reforms in agricultural marketing, doubling farmer’s income, impact of e-market in Karnataka and how the e-NAM would impact on stakeholders.",129,en,enam_agri_market,government_document,2026-05-07,"[2, 8]",2,,high,text discusses crop yield and farm labour costs
a456e53c,"However, no studies are documented analyzing performance and prospects of Electronic National Agricultural Market (e-NAM). Some relevant literature connection to electronic national agricultural marketing is quoted in the study. Background of agricultural marketing reforms: After the Independence, there was a need of reforms in agricultural marketing. Therefore, the Agricultural Produce Marketing (Regulation) Act (APMRA) was implemented during 1960s and 1970s across states in India. The APMRA has brought major achievements in the Green Revolution and made self-reliant in terms of food grains production (Acharya et al., 2012).",87,en,enam_agri_market,government_document,2026-05-07,"[2, 8]",2,,high,text discusses crop yield and farm labour costs
ac1977e4,"Though APMRA has brought drastic changes and significant improvement in almost all aspects of marketing of farm produce, due to some of the major problems like inadequate infrastructure, limited access to markets and presence of middle man, the reform of agricultural markets has been crucial issues in India for some decades (Chand, 2012). In 2003, the agricultural market reform was initiated first time by union government with the introduction of Agricultural Produce Marketing Committee (APMC) Act 2003. Thereafter many agricultural market reforms emerged such as warehouse receipts Act, 2006 and Food Safety and standards Act in 2006.",97,en,enam_agri_market,government_document,2026-05-07,"[2, 8]",2,,high,text discusses crop yield and farm labour costs
31b989f5,"These market reforms have brought new changes to the agricultural market, however, with the time variation, they have not touched the issues of poor competitiveness, fragmentation of land, inefficiency, presence of excessive middlemen, inequality in farmers’ price and frequent price manipulations which are core characteristics of agricultural markets in India (Chand, 2016). Realizing this, Ministry of Agriculture and Farmers’ Welfare (MoAFW) come up with a model called electronic trading portal for national agricultural market (e-NAM) for transforming the system of agricultural marketing.",82,en,enam_agri_market,government_document,2026-05-07,"[2, 8]",2,,high,text discusses crop yield and farm labour costs
d6fe7d16,"E-market system in Karnataka: The e-NAM was introduced being impressed by the achievement of the e-trading system in the selected regulated agricultural markets of the state Karnataka which was the first one among the states across India in implementing the model AMPC Act through Rashtriya e-Market Services (ReMS), with the support of NCDEX (National Commodity and Derivatives Exchange) Spot Exchange. Though the e-trading was practiced in APMC markets of Karnataka since the year 2006, the e-market started in the state in the year 2011 and has covered 155 APMC markets by the year 2016.",94,en,enam_agri_market,government_document,2026-05-07,"[2, 8]",2,,high,text discusses crop yield and farm labour costs
9c8f7d80,"The objective of the plan was to integrate all such markets (mandis) coming under APMCs to fetch remunerative and transparent prices to farmers, facilities for grading, automated auction, post-auction facilities, assaying facilities in the markets, facilitation of warehouse-based sale of produce, commodity funding, price dissemination and standardization to facilitate seamless trading across mandis on the portal of ReMS (Chand, 2016a). The e-market system in Karnataka has not only increased farm income but also shown positive impact on arrivals, prices and has helped in scientific discovery of prices. The system has been effective in enhancing the trade competitiveness by integrating different markets across the state.",104,en,enam_agri_market,government_document,2026-05-07,"[2, 8]",2,,high,text discusses crop yield and farm labour costs
b358e3ac,"The system also has the potential of integrating with concepts like warehousing, grading, electronic payment, electronic weighment, packaging, branding and pledge financing and achieved the basic objective of a Single Integrated Market (Chengappa et al., 2012; Shalendra, 2013). Athawale (2014) in his study stated that the introduction of e-trading system in the selected regulated agricultural markets of Karnataka has improved the marketing efficiency through competitive and transparent bidding mechanism, and by minimization of manipulations in trading practices. Reddy (2016) analysed 16 e-markets and 16 non-e-markets (e-mandis) in Karnataka using difference-in-difference approach to understand the impact of e-market on farmers, traders, commission agents and market committee and come to know the increased competition among traders, reduced scope for collusion, increased number of bids per lot from about six to eleven.",129,en,enam_agri_market,government_document,2026-05-07,"[2, 8]",2,,high,text discusses crop yield and farm labour costs
e511de0f,"There was also 128 percent of increase in average prices in e-markets compared to only 88 percent in non-e-markets between 2007 and 2015. And also there was significant reduction in price variability in e-markets compared to increase in non-e-markets. The difference-in-difference regression resulted that with the introduction of e-markets, prices increased by Rs.65/q after controlling for initial conditions. There was also an increase in average market arrivals by 1166 tons with the introduction of e-markets. All stakeholders mentioned that there was increased transparency and reduced delay in payment. The positive impact of e-market in Karnataka on farmers as well as on traders was documented in various studies (Chand, 2016; Reddy, 2016).",111,en,enam_agri_market,government_document,2026-05-07,"[2, 8]",2,,high,text discusses crop yield and farm labour costs
48067f13,"According to the government’s think tank NITI Ayog report farmers in Karnataka have realised 38 per cent of income in nominal terms and 13 percent of income in real terms in the year 2015-16 from the sale of agricultural commodities through the e-trading interface Unified Market Platform (UMP) (GoI, 2017). (2017) attempted the qualitative survey across various mandis in the Karnataka, and stated that Rashtriya electronic Market Scheme (ReMS) has helped farmers in Karnataka generating higher revenues, increasing the number of bids, increasing competition among traders and reducing scope for collusion.",91,en,enam_agri_market,government_document,2026-05-07,"[2, 8]",2,,high,text discusses crop yield and farm labour costs
61750ed3,"Electronic National Agricultural Market (e-NAM): Impressed by the success story of the of the e-market in the Karnataka, the Government of India, introduce the electronic trading platform at national level called National Agricultural Market (e-NAM) on 14th April 2016 with a objective of one price in one market in one nation. According to the Economic Survey 2014-15, a total of 2477 principal regulated primary agricultural markets are active in India. Of which e-NAM started with 21 Mandis across 8 States and trading of 24 Commodities. The number of markets integrating in e-NAM increased to 470 mandis across 14 states and trading of 90 commodities (as of 31st Oct 2017).",109,en,enam_agri_market,government_document,2026-05-07,"[2, 8]",2,,high,text discusses crop yield and farm labour costs
a55b613c,"At present the number of mandis integrated in e-NAM is 479 across 14 states in India ( The broad aim of the e-NAM is to create transparent sale transactions, price discovery, liberaling licensing of traders or buyers and commission agents, reduce price variations, facilitate a single license to traders, removing middle man, reducing transaction cost, harmonization of quality standards of agricultural produce and provision for assaying, common tradable parameters and single point levy of market fees and ultimately doubling the farmers’ income (Chand, 2016; Dey, 2016, Reddy, 2016, Sekhar and Bhatt, 2018).",92,en,enam_agri_market,government_document,2026-05-07,"[2, 8]",2,,high,text discusses crop yield and farm labour costs
9a9ba3c2,"Keeping in view the aims of e-NAM, Sekhar and Bhatt, (2018) attempted to evaluate the status, performance and prospects of Electronic National Agricultural Market (e-NAM) as well as problems and constraints at e-NAM and stakeholders’ perspective on e-NAM in Haryana using both secondary and primary data. The result of the study showed positive impact of e-NAM on farmers in terms of higher price realization, convenience in online payment, better facilities for knowing quality of product, less complicated and transparent in sale process. This result is consistent with the achievement of the e-market in the state Karnataka as well as the purpose of introduction of e-NAM.",105,en,enam_agri_market,government_document,2026-05-07,"[2, 8]",2,,high,text discusses crop yield and farm labour costs
635ecebc,"However, in order to understand the overall impacts of e-NAM on farmers and traders across six states in India, this study has been carried out using both primary and secondary data before and after the introduction of e- NAM. Simple statistical tools have been used in the study. Trends in prices of select crops across states: Business as usual scenario As mentioned in the previous chapter, only six states were surveyed for e-NAM to examine the performance of e-NAM and its impacts on farmers’ price and income, traders’ benefit and reduction in consumers’ price. Before we analyse the survey data, secondary data on price for different crops have been anlysed, in this chapter, for primary understanding of price differences in crops across the sampled states.",125,en,enam_agri_market,government_document,2026-05-07,"[2, 8]",2,,high,text discusses crop yield and farm labour costs
1ff97179,"Landscape of study area: Since the study is based on six sample states, it essential to study the characteristics of these states. Basically there are number of essential characteristics of a state, however, in this study, number of mandis under e-NAM and Distribution of land holdings across farmer class in selected states and distribution of land holdings across farmer class in selected states are described. the state Gujarat, two out of 40 mandis were surveyed. Similarly in Haryana 3 out of 54, in Madhya Pradesh 5 out of 58, in Maharashtra 3 out of 45, in Telangana 2 out of 44 and in Uttar Pradesh 6 out of 100 mandis were selected for survey. Over all 21 mandis out of 241 were selected for survey across selected states.",128,en,enam_agri_market,government_document,2026-05-07,"[2, 8]",2,,high,text discusses crop yield and farm labour costs
1a57f6cc,"Overall, while around 69 per cent of marginal farmers, only less than 1 per cent of large farmers are noticed across selected 3.2. State-wise crop price variations across sampled states: Agriculture is the most important sector of Indian Economy. India follows diversifying and multiple cropping system from cash crops to non-cash crops across states. In this study the price differences in few major crops which are majorly cultivated in the sampled states are discussed. Table 4 presents price differences in crops in the state Gujarat during 2015-17 and 2017-18. The result showed that except the crop Jowar, price for all the crops given in the table have declined during the period. This decline is extreme in Tur (44%) followed by all pulses (43%) and moong (42%).",126,en,enam_agri_market,government_document,2026-05-07,"[2, 8]",2,,high,text discusses crop yield and farm labour costs
1d3507d0,"This has taken place due to the arrivals of large quantity of paddy during the rabi season during which price for the crop was also higher than the kharif season. Though the farmers have received profits from cotton, maize and groundnut by selling during November, 2017 to March, 2018, the magnitude of profit is comparatively low ranges 2-4 per cent. The negative price differences in the crop Bajra, both in absolute and percentage term shows that farmers have not earned profits due to declining price for the same crop during the same period.",93,en,enam_agri_market,government_document,2026-05-07,"[2, 8]",2,,high,text discusses crop yield and farm labour costs
6580e4cf,"Farmers have received 14, 5 and 2 per cent higher price only in paddy, moong dal and jowar respectively. However, they have not received profits from all other crops mentioned in Table 3 during the same period. Price for the crops have declined in big way in gram (37%), masur (34%), all pulses (33%) and tur (32%). The similar price declining situation can be observed by the other crops too. The reason behind the declining of the price for the crop is that most of the crops are kharif crops and sold during rabi crop season (Table 6).",98,en,enam_agri_market,government_document,2026-05-07,"[2, 8]",2,,high,text discusses crop yield and farm labour costs
8c946c1e,"However, they have received profits in only pulses and that is only three percentages higher as compared to 2015-17. Crop Apr 2015 to Oct 2017 Nov 2017 to Mar 2018 Absolute Diff % Diff Paddy 1463.8 1585.3 121.5 8.3 All pulses 5050.0 4326.4 -723.6 -14.3 Tur 5050.0 4326.4 -723.6 -14.3 Cotton 4493.7 4380.9 -112.8 -2.5 Jowar 1288.2 1975.2 687.1 53.3 all available crops 1463.8 1585.3 121.5 8.3 available crops but not in pulses, tur, cotton and jowar over the period 2015-17 and 2017-18. They have received 53 per cent higher price by selling it in 2017-18. For pulses and tur, the absolute price difference around Rs. -724 which is 14 per cent. This implies farmers are better off in 2015-17 than 2017-18.",122,en,enam_agri_market,government_document,2026-05-07,"[2, 8]",2,,high,text discusses crop yield and farm labour costs
00f44548,"Apart from paddy, there is no positive price difference in almost all the crops, implying that farmers have not gained comparative price by selling in 2017-18. The highest negative price differences are seen tur (39%), followed by masur (35%), 27 per cent in pulses and moong. The lowest negative price differences are observed in wheat. This may be due to more arrivals of wheat (Table 9).",66,en,enam_agri_market,government_document,2026-05-07,"[2, 8]",2,,high,text discusses crop yield and farm labour costs
daa213d9,"While the farmers from Haryana, Madhya Pradesh, Telangana and Uttar Pradesh getting profits by selling both paddy and wheat in 2017-18, farmers from Gujarat and Maharashtra shown negative return. But farmers from all the selected states, except Gujarat, have positive return by selling paddy and have negative return in wheat and Maize (except Haryana). Though farmers from Gujarat, Madhya Pradesh and Telangana have profit in jowar but they have negative return in Bajra.",73,en,enam_agri_market,government_document,2026-05-07,"[2, 8]",2,,high,text discusses crop yield and farm labour costs
66b23ec7,"and post-eNAM periods Apr 2015 to Nov 2017 to Absolute Oct 2017 Mar 2018 Diff Gujarat 4872.4 3588.7 -1283.8 -26.3 Haryana 3667.9 3828.7 160.8 4.4 Madhya Pradesh 4089.1 3481.5 -607.6 -14.9 Uttar Pradesh 5681.9 4499.5 -1182.4 -20.8 Haryana 4837.7 4938.2 100.5 2.1 Maharashtra 4948.8 4614.6 -334.2 -6.8 Telangana 4493.7 4380.9 -112.8 -2.5 When we look at the price differences in seed plants like groundnut and cotton in Table 12, farmers from the state Haryana have received profit not only in groundnut but also in cotton. However, farmers from other states have shown negative price differences in both groundnut and cotton during the same period. This shows that farmers from other states have not received profits by selling seed plant in 2017-18.",121,en,enam_agri_market,government_document,2026-05-07,"[2, 8]",2,,high,text discusses crop yield and farm labour costs
9f78bcb1,"Apr 2015 to Oct Nov 2017 to Mar Absolute % Gujarat 3550.2 2600.2 -950.0 -26.8 Haryana 3471.8 3184.0 -287.7 -8.3 Madhya Pradesh 3431.4 2811.9 -619.5 -18.1 Maharashtra 3645.6 2913.4 -732.2 -20.1 Telangana 1463.8 1585.3 121.5 8.3 Uttar Pradesh 4961.6 3984.9 -976.7 -19.7 2017-18. Except the state Telangana, price for crops have declined across states during 2015- 17 to 2017-18. This result is consistent with absolute and percentage difference for all the crops (Table 13). But when we look at price for both paddy and wheat, price for these commodities have increased in the states Haryana, Madhya Pradesh and Telangana during 2015-17 to 2017-18. And price for these commodities have increased steeply in the state Haryana by 46% (Table 13).",119,en,enam_agri_market,government_document,2026-05-07,"[2, 8]",2,,high,text discusses crop yield and farm labour costs
c30f2fbb,"However, when we analyse only the price for pulses commodities, price for these commodities has increased only in state Haryana and Maharashtra during the same period. 3.3: Trends in market price in selected states: There are different components in trend. It may be positive or direct trend and negative or indirect trend. It has been documented in various studies about price variation for different crops which has been a drawbacks for farmers have not received their remunerate price for the crop sold. The e-NAM has been implemented to deal these issues. In this study, trend in market price for major crops over the years across states have been analysed.",109,en,enam_agri_market,government_document,2026-05-07,"[2, 8]",2,,high,text discusses crop yield and farm labour costs
76235039,"Trend in market price for paddy in rest of the states given is constant. Though the price for wheat is higher in Gujarat over the time point but overall it has declined after December 2016 (Figure 2). In case of arhar, price declined after December 2015 in all the states (Figure 3). When we look at the trend in market price for gram presented in Figure 4, though it is leading in Uttar Pradesh comparatively, there is a fluctuation of the price over the time period. Another important point is that it has increased up to December 2016 and then declined in rest of the time period.",107,en,enam_agri_market,government_document,2026-05-07,"[2, 8]",2,,high,text discusses crop yield and farm labour costs
83d4251c,"The trend in market price for masur shows that, though the price is higher in Uttar Pradesh, it is declining up to December 2017 and constant during rest of the time period (Figure 6). However, market price for maize is something different. The maize price is relatively higher in Gujarat and the least in Madhya Pradesh (Figure 7). The relatively higher prices during April 2016 to October 2016 crashed after October 2017 in the market for maize.",77,en,enam_agri_market,government_document,2026-05-07,"[2, 8]",2,,high,text discusses crop yield and farm labour costs
2df9fe77,"5 5 5 5 5 6 6 6 6 6 6 7 7 7 7 7 7 8 8 1 1 1 1 1 1 1 1 1 1 1 1 1 1 1 1 1 1 1 Based on the secondary data analysis, it is reported that e-NAM has contributed much to the farmers, traders, commission agents and market committee which was expected by many researchers (Reddy, 2016; Sharma and Hussain, 2016; Thakur, 2017). This impact is very much seen the northern region of India. Particularly farmers from north regions have been benefited in terms of prices differences, received higher price for their crops after the implementation of e-NAM.",110,en,enam_agri_market,government_document,2026-05-07,"[2, 8]",2,,high,text discusses crop yield and farm labour costs
33af5a37,"The impact of e-NAM is consistent with the impact of electronic trading of agricultural commodities in Karnataka which documented by many studies earlier (Chand, 2012; Shalendra, 2013; Reddy, 2016). Supplementing to this, the surveyed data is presented and analysed in the next chapter for in-depth comprehension of the performance and impact of e-NAM on stakeholders particularly on farmers and traders. Market arrivals and price volatility in selected states without eNAM As discussed earlier, the aim of e-NAM is to discover the farmers’ price and achieve transparent price which in turn double the farmers in come. This will succeed when all the produce reach to the markets. The major markets in terms of arrival of different agricultural commodities across the sampled states are also discussed here in the study.",128,en,enam_agri_market,government_document,2026-05-07,"[2, 8]",2,,high,text discusses crop yield and farm labour costs
dadbf810,of apple is in the markers of Uttar Pradesh (80) and the least share in Maharashtra (5.3) over the years is noticed during the time periods. Figure 13 also shows the similar trend that arrival in Uttar Pradesh is higher than Haryana and Maharashtra in term of apple. 2015- 2016- 2017-18 arrival (2016-17 States (Apr 2015- (oct.) 16 17 (Oct.) (state w.r.t.,62,en,enam_agri_market,government_document,2026-05-07,"[2, 8]",2,,high,text discusses crop yield and farm labour costs
53d46da8,"Whereas the least 0.2 per cent of arhar arrival in Gujarat market is reported (Table 16). The trends in market arrival of arhar in selected states as shown in Figure 15, states that the arrival is higher in Maharashtra during Dec-March, 2016 and Jan-Jun, 2017. Particularly it represents highest arrival in the month of January, 2016 and April, 2017. Total arrival % change (2017- 2015- 2016- 2017-18 arrival (2016-17 States (Apr 2015-16 to 18 (oct.) w.r.t. 16 17 (Oct.) (state w.r.t.",81,en,enam_agri_market,government_document,2026-05-07,"[2, 8]",2,,high,text discusses crop yield and farm labour costs
c648d960,"Gram arrived majorly in the month of April in 2016 and 2017 and it fluctuates in rest of the months with a declining trend (Figure 16). Similar to the gram, Madhya Pradesh (82%) is the major market in terms of total share of urad arrival (Table 18). Though the arrival of urad in Madhya Pradesh is fluctuating over the months, it shows increasing trend (Figure 17). However for cotton, Haryana is the major market and its arrival is highest in the month of December, 2016 (Table 19 and Figure 18). Total arrival Total % change % change 2015- 2017-18 (Apr 2015-16 arrival (2016-17 (2017-18 16 (Oct.) to Oct 2017- (state w.r.t.",111,en,enam_agri_market,government_document,2026-05-07,"[2, 8]",2,,high,text discusses crop yield and farm labour costs
39bf263b,"If we look at the trend in maize arrival, it started increasing in the month June and reached to the peak point in August and started declining in 2017 (Figure 22). Similarly for mango the major market is Uttar Pradesh representing 85 per cent of total share arrival (Table 24). This arrival is mostly high in the month of June in every year (Figure 23). Though the arrival of mango takes place in Haryana and Maharashtra but its share is significantly Total arrival % change (2017- 2015- 2016- 2017-18 arrival (2016-17 States (Apr 2015-16 to 18 (oct.) w.r.t. 16 17 (Oct.) (state w.r.t.",103,en,enam_agri_market,government_document,2026-05-07,"[2, 8]",2,,high,text discusses crop yield and farm labour costs
6efbe45d,Figure 24 also shows the similar trend that arrival in Uttar Pradesh is higher than Haryana and Madhya Pradesh. Here the mustard arrival is fluctuating over the periods. Again Uttar Pradesh reported to be the major market followed by Maharashtra in terms of onion with arrival of 52 and 36 per cent of share respectively. Whereas the least 0.4 per cent of onion arrival in Telangana market is reported (Table 26). The trends in market arrival of onion in selected states as shown in declining trend in 2017. Total arrival (Apr % change (2017- 2015- 2016- 2017-18 arrival (2016-17 States 2015-16 to Oct 18 (oct.) w.r.t. 16 17 (Oct.) (state w.r.t.,111,en,enam_agri_market,government_document,2026-05-07,"[2, 8]",2,,high,text discusses crop yield and farm labour costs
f3cc2808,"Though the potato arrived majorly Uttar Pradesh, it fluctuates over the months and declined in October 2017 (Figure 27). For tomato, Gujarat (41%) is the major market followed by Uttar Pradesh (36%) (Table 29). Though the arrival of Tomato in Gujarat and Uttar Pradesh higher, it is fluctuating over the months and declined at the end year 2017 (Figure 28). However for wheat, Haryana (38%) is the major market and its arrival is highest in the month of April, 2016 and May, 2017 (Table 30 and Figure 29). This result shows that wheat arrival is comparatively less over the time period considered for the analysis. Total arrival % change (2017- 2017-18 arrival (2016-17 States 2015-16 2016-17 (Apr 2015-16 to 18 (oct.) w.r.t. (Oct.) (state w.r.t.",125,en,enam_agri_market,government_document,2026-05-07,"[2, 8]",2,,high,text discusses crop yield and farm labour costs
50a7980d,"The result showed that price volatility has decreased in all the states over the period except the Haryana. Though the farmers from Haryana have received higher price in paddy, this impacts is decreased in other states. in the selected states for foodgrains Apr 2015-16 to Oct 2017-18 to Oct 2017-18 Mar 2018-19 Telangana 0.070 0.017 Maharashtra 0.047 0.042 Maharashtra 0.082 0.021 Maharashtra 0.074 0.080 The market price volatility in case of wheat has increased in Gujarat, Haryana and Madhya Pradesh but has decreased in Uttar Pradesh and Maharashtra (Table 31). It is higher in Gujarat followed by Madhya Pradesh. This shows that farmers from Gujarat, Haryana and Madhya Pradesh have received higher price over the period (Apr 2015-16 to Oct 2017-18 and Oct 2017-18 to Mar 2018-19).",127,en,enam_agri_market,government_document,2026-05-07,"[2, 8]",2,,high,text discusses crop yield and farm labour costs
b147abbe,"Though the maize has reported low price volatility in Madhya Pradesh, it has increased in Gujarat, Haryana, Maharashtra and Uttar Pradesh over the time periods. Farmers have received higher price volatility. This shows that price for maize have increased from the year 2015-17 to 2017-18 and farmers have received profit (Table 31). As can be seen from the same table, though jowar reported lower price volatility in Maharashtra and Madhya Pradesh, it is higher in Gujarat and Telangana during Apr 2015-16 to Oct 2017- 18 and Oct 2017-18 to Mar 2018-19. Market price volatility for the crop arhar over two time periods in the selected states shows that it has decreased sharply in all the states (Table 32).",118,en,enam_agri_market,government_document,2026-05-07,"[2, 8]",2,,high,text discusses crop yield and farm labour costs
72c53c8e,"Though it has increased (from 0.143 to 0.144) in Gujarat, the increment is not significantly high with respect to other states. This shows that farmers have not received price volatility in the crop arhar (Table 32). The market in Madhya Pradesh has reported price volatility in terms of gram, whereas it has decreased in markets of Maharashtra and Uttar Pradesh over the time period (Table 32). This shows that price for the crop gram has been declined during the years 2015-17 and 2017-18, implying farmers from Maharashtra and Uttar Pradesh have not received price volatility in gram. However, farmers from Madhya Pradesh have received price volatility.",106,en,enam_agri_market,government_document,2026-05-07,"[2, 8]",2,,high,text discusses crop yield and farm labour costs
bf0a2a70,"Moong has reported lower price volatility during the periods (Apr 2015-16 to Oct 2017-18 and Oct 2017-18 to Mar 2018-19) in all the states except Gujarat. This shows that all the major markets from Gujarat for moong have reported high price volatility, stating farmers have profits in moong during the same period. But when we look at price volatility for masur for the same period, it has declined in both Madhya Pradesh and Uttar Pradesh (Table 32). This shows that farmers have received lower price volatility in these states which not expected in implementation of e-NAM.",96,en,enam_agri_market,government_document,2026-05-07,"[2, 8]",2,,high,text discusses crop yield and farm labour costs
85730665,"in the selected states for pulses Apr 2015-16 to Oct 2017-18 to Oct 2017-18 Mar 2018-19 Maharashtra 0.103 0.052 Maharashtra 0.168 0.127 Maharashtra 0.066 0.044 In terms of mustard, the markets across the selected states in India has shown lower price volatility during the periods 2015-17 to 2017-18 which presented in Table 33. This shows that the impact of e-NAM is less on price volatility for mustard. However, the price volatility for groundnut has increased in Haryana, Madhya Pradesh, Telangana and Uttar Pradesh, showing higher price volatility as expected. But groundnut has reported lower price volatility in Gujarat (Table 33). Even when we analyse the price volatility for cotton, it has not only decreased in Haryana but also in Maharashtra over the same time period (Table 44).",127,en,enam_agri_market,government_document,2026-05-07,"[2, 8]",2,,high,text discusses crop yield and farm labour costs
94cf097c,"However, market price volatility for soyabean over two time periods has reportedly increased in Madhya Pradesh and Maharashtra, implying higher price received by the farmers of these states in soybean (Table 33). in the selected states for oilseeds and cotton Apr 2015-16 to Oct 2017-18 to Oct 2017-18 Mar 2018-19 Maharashtra 0.046 0.054 Maharashtra 0.069 0.058 5. Performance of eNAM in selected states: Analysis of field survey data In the previous Section, we have discussed the performance of e-NAM and its impact on stakeholders using secondary data. In addition, in this chapter, surveyed data collected and compiled from six different states and have been analysed to understand in depth not only the impact of e-NAM on stakeholders but also perceptions on e-NAM.",122,en,enam_agri_market,government_document,2026-05-07,"[2, 8]",2,,high,text discusses crop yield and farm labour costs
491eda59,"Characteristics of the sampled households: Before we go for analysis, it is essential to know about the characteristic of sample households, because the part of human knowledge is absolutely connected with the society. Due to this the society will well understand what the social needs for growing population. households were surveyed. Similarly in Haryana and Madhya Pradesh 150 households each, Maharashtra and Telangana 100 households each and Uttar Pradesh 250 households, thus a total of 856 households were surveyed (Table 34).",81,en,enam_agri_market,government_document,2026-05-07,"[2, 8]",2,,high,text discusses crop yield and farm labour costs
1c12f6e9,"Out of 856 household surveyed, highest number of respondents (more than 29 per cent of farmers) from Uttar Pradesh, implying highest among states selected for survey followed by Haryana and Madhya Pradesh reported to be second highest (17.5%) highest follows by Gujarat (12.4%) and Maharashtra and State Number of households Percent Cumulative distribution Gujarat 106 12.4 12.4 Haryana 150 17.5 29.9 Madhya Pradesh 150 17.5 47.4 Maharashtra 100 11.7 59.1 Telangana 100 11.7 70.8 Uttar Pradesh 250 29.2 100 As mentioned in the methodology a total of 338 villages coming under 83 blocks and 21 APMCs in 23 districts across 6 states in India are covered for survey (Table 35).",110,en,enam_agri_market,government_document,2026-05-07,"[2, 8]",2,,high,text discusses crop yield and farm labour costs
d7532322,"Education statistics give details knowledge on participation in e-NAM. Table 36 shows both literacy and illiteracy in percentage term. Literacy ratio is categorized into primary, secondary, high school and higher education. Among the sample respondent across states, the highest 42 per cent of respondent are in higher education in the state Gujarat and Haryana, 33 and 29 per cent of respondents are in high school in the state Madhya Pradesh and Maharashtra respectively and 28 per cent of respondent are in higher education in Uttar Pradesh. The highest 35 per cent of illiterate respondents are recorded in Telangana. Overall highest 29 per cent of respondent are reported to be in high school.",112,en,enam_agri_market,government_document,2026-05-07,[4],4,,high,text discusses education statistics and literacy rates
8a8989c4,"AAP Annual Action Plan EPC Engineering, Procurement APL Above Poverty Line ARWSP Accelerated Rural Water Supply FHTC Functional Household Tap ADB Asian Development Bank FSM Faecal Waste Management ASHA Accredited Social Health FTK Field Test Kits Activist GoI Government of India AES Acute Encephalitis Syndrome GP Gram Panchayat BP Block Panchayat GSDA Groundwater Surveys and BPL Below Poverty Line BRC Block Resource Centre GWM Grey Water Management BWM Biodegradable Waste HADP Hill Areas Development CCDU Communication and Capacity HGM Hydro-geo-morphological CGWB Central Ground Water Board HRD Human Resource Development CSIR Council for Scientific and HH Hearing Handicapped Industrial Research IAP Integrated Action Plan CRSP Central Rural Sanitation IRC International Resource Centre ICDWQ International Centre for CBO Community Based Drinking Water Quality IITF India International Trade Fair CPGRAMS Centralized Public Grievances IEC Information, Education & Redressal and Monitoring IHHL Individual Household Latrine DAP District Action Plan IMIS Integrated Management DDWS Department of Drinking Water Information System IWMP Integrated Watershed DDP Desert Development Management Programme IT Information Technology DPAP Drought Prone Areas JE Japanese Encephalitis JJM Jal Jeevan Mission DRDA District Rural Development KRC Key Resource Centre IPCD Liters per capita per day DWSM District Water and Sanitation Mission LWE Left Wing Extremism ECBI External Capacity Building LSK Lump-sum Turn Key Initiatives M & E Monitoring and Evaluation ANNUAL REPORT 2024-25 v MGNREGS Mahatma Gandhi National OH Orthopedically Handicapped Rural Employment PC Production Centre PHED Public Health Engineering MPR Monthly Progress Report Department MNRE Ministry of New & Renewable PWM Plastic Waste Management PWMU Plastic Waste Management Unit MDG Millennium Development Goal PRI Panchayati Raj Institution MIS Monitoring Information System R & D Research & Development MCD Minority Concentrated Districts R & DAC Research & Development MVS Multi Village Scheme Advisory Committee MDWS Ministry of Drinking Water and RGDWM Rajiv Gandhi Drinking Water MHM Menstrual Hygiene RSM Rural Sanitary Mart SCSP Scheduled Caste Sub-Plan NBA Nirmal Bharat Abhiyan SWSM State Water & Sanitation NEERI National Environment Mission Engineering Research Institute SBM(G) Swachh Bharat Mission NES North Eastern States (Grameen) NFHS National Family Health Survey SLWM Solid and Liquid Waste NGO Non-Governmental Management Organization SAP State Action Plan NGP Nirmal Gram Puraskar SHG Self-Help Group NIC National Informatics Centre SSA Sarva Shiksha Abhiyan NJJM National Jal Jeevan Mission TSC Total Sanitation Campaign NRDWP National Rural Drinking Water UNICEF United Nations Children Fund NRDWQM National Rural Drinking VAP Village Action Plan & SP Water Quality Monitoring and VWSC Village Water & Sanitation Surveillance Programme NRHM National Rural Health Mission WASH Water, Sanitation and Hygiene NRSC National Remote Sensing WQMIS Water Quality Management NSS National Sample Survey WQMS Water Quality Monitoring and NSSO National Sample Survey WSP Water and Sanitation NWP National Water Policy O & M Operation & Maintenance WSSO Water and Sanitation Support ODF Open Defecation Free Organization OLIC Official Language ZP Zila Panchayat Implementation Committee O&M Organization & Management vi Department of Drinking Water & Sanitation 1.",485,en,jal_jeevan_mission_water,government_document,2026-05-07,"[2, 8]",2,,high,text discusses water supply and rural employment
59eeaa76,"About the Department The Department of Drinking Water and Having achieved the ODF status, Government Sanitation is the nodal Department for overall of India approved continuation of SBM(G) as policy, planning, funding and coordination of Phase-II of the program upto 2025-26, with the two flagship programmes of the Government focus on ODF sustainability and to cover all the of India namely the Swachh Bharat Mission villages with in order to create ODF Plus Model (Grameen) [SBM(G)] for rural sanitation and the villages. The programme has been extended Jal Jeevan Mission (JJM) for rural drinking water upto 2025-26.",97,en,jal_jeevan_mission_water,government_document,2026-05-07,"[6, 8]",6,,high,text discusses drinking water and sanitation
77e26a51,"Jal Jeevan Mission Jal Jeevan Mission (JJM), announced on 15th Having achieved the ODF status, Government August, 2019 by the Prime Minister, is under of India on 19th February 2020 approved implementation in partnership with States to continuation of SBM(G) as Phase-II upto 2024- make provision of assured tap water supply 25, with a focus on creating ODF Plus villages in adequate quantity, of prescribed quality, that includes sustainability of existing ODF with adequate pressure, on a regular and long- status and Solid and SLWM in the rural areas term basis in all rural households and public of the country with an emphasis on visual institutions, viz., schools, anganwadi centres, cleanliness.",111,en,jal_jeevan_mission_water,government_document,2026-05-07,"[6, 8]",6,,high,text discusses water supply and sanitation
fd3f573a,"The programme has been extended ashramshalas (tribal residential hostels), public/ community health centres, sub-centres, wellness Every rural household has drinking water supply centres, community centres, Gram Panchayat in adequate quantity of prescribed quality on buildings, etc., by 2024. The mission is making regular and long-term basis at affordable service concerted efforts to improve public health as delivery charges leading to improvement in well as free women from the age-old drudgery living standards of rural communities. of fetching water from a distance carrying heavy Under Jal Jeevan Mission, the aim is to provide a 1.2.1 Swachh Bharat Mission (Grameen) Functional Household Tap Connection (FHTC) To accelerate the efforts to achieve ODF status ensuring ‘no one is left out’.",117,en,jal_jeevan_mission_water,government_document,2026-05-07,"[6, 8]",6,,high,text discusses drinking water supply and rural employment
64de4446,"In 2019, out of about in rural areas of the country by 2nd October, 18.93 crore households in rural areas, only about 2019 and to put focus on safe sanitation, Swachh 3.23 crore (17%) had tap water connections. Thus, Bharat Mission (Grameen) [SBM(G)] was 83% of rural households were to be provided launched by the Government of India on 2nd with tap water supply by 2024. In addition, the October, 2014. Under the programme, more than existing tap water connections were also to be 10 crore toilets were constructed in rural areas across the country by 2019-20. As a result, all the villages in the country declared themselves The mission forms part of one of the Government ODF by 2nd October, 2019.",122,en,jal_jeevan_mission_water,government_document,2026-05-07,"[6, 8]",6,,high,text discusses water supply and sanitation
c6687ee4,"of India’s biggest community infrastructure ANNUAL REPORT 2024-25 1 outlay with an amount of Rs. 3.60 lakh crore, that no one is left behind in having access to giving a boost to the manufacturing industry, toilets and everyone uses a toilet. creating job opportunities, and extending • Ensuring that villages have SLWM support to lift the rural economy. However, JJM arrangements for overall cleanliness in rural is not about ‘mere infrastructure creation’ but focuses on ‘ensuring water service delivery in • Generating awareness among the rural every household’.",88,en,jal_jeevan_mission_water,government_document,2026-05-07,"[6, 8]",6,,high,text discusses water service delivery and sanitation
1255f73e,"It is about achieving long-term population on hygiene behaviour and waste drinking water security in villages in such a way as to avoid making emergency arrangements through the deployment of ‘tankers’ or ‘trains’, The broad objectives of Jal Jeevan Mission are: etc., in rural areas. It is a programme that • to provide tap water connection to every intends to ‘make water everyone’s business’, by involving all stakeholders and turning it into a ‘Jan Andolan’ - a people’s movement on water, • to prioritize provision of tap water connection by building local water utilities.",94,en,jal_jeevan_mission_water,government_document,2026-05-07,"[6, 8]",6,,high,text discusses drinking water security and provision of tap water connection
8d33c813,"in quality-affected areas, villages in drought prone and desert areas, Aspirational Districts, JJM is being implemented in a decentralized Sansad Adarsh Gram Yojana (SAGY) villages, manner following a bottom-up approach, where local village communities own the systems and are being empowered to shoulder the key • to provide tap water connection to schools, responsibility of planning, implementation, anganwadi centres, GP buildings, health management, operation and maintenance of centres, wellness centres and community the in-village water supply system. For assured buildings; service delivery, sustainability of water sources • to monitor functionality of tap connections; and water supply systems including financial • to promote and ensure voluntary ownership sustainability is of paramount importance.",111,en,jal_jeevan_mission_water,government_document,2026-05-07,"[6, 8]",6,,high,text discusses water supply and sanitation infrastructure
8cf0d8ff,"This among local community by way of is in consonance with the 73rd amendment to the contribution in cash, kind and/ or labour Constitution devolving the power to local self- and voluntary labour (shramdaan); governments. By providing assured tap water supply to all rural homes by 2024, JJM will reach • to assist in ensuring sustainability of water India’s SDG-6 target six years ahead and could supply system, i.e., water source, water become a model for other developing countries. supply infrastructure and funds for regular The actual implementation of JJM on ground started on 25th December, 2019, with the • to empower and develop human resource release of the Operational Guidelines for the in the sector such that the demands of implementation of Jal Jeevan Mission.",126,en,jal_jeevan_mission_water,government_document,2026-05-07,"[6, 8]",6,,high,text discusses water supply and sanitation
00abdc4c,"In just construction, plumbing, electrical, water over five years, around 12.19 crore households quality management, water treatment, have been provided with tap water connections catchment protection, O&M, etc., are taken and, as on 22.01.2025, 15.43 crore households care of in short and long term; and (80%) of the country are getting tap water supply • to bring awareness on various aspects and significance of safe drinking water and 1.3 Objectives: involvement of stakeholders in manner that make water everyone's business. The broad objectives of SBM(G) Phase-II are : • Sustaining the ODF status of villages, Gram Panchayats, Blocks and Districts by ensuring 2 Department of Drinking Water & Sanitation 2.",110,en,jal_jeevan_mission_water,government_document,2026-05-07,"[6, 8]",6,,high,text discusses water supply and management
9ea3bb11,"Swachh Bharat Mission (Grameen) 2.1 Swachh Bharat Mission programme also aims to cover newly emerging (Grameen) [SBM-(G)] households so that no one is left behind in having access to toilet facilities. The programme has been extended upto 2025-26. The goal is SBM(G) was launched on 2nd October, 2014 with to make all the villages ODF Plus Model by the aim to rid the country of open defecation and achieve ODF status by 2nd October, 2019, SBM(G) Phase-II has been designed as a novel as a fitting tribute to Mahatma Gandhi on his model of convergence between different 150th birth anniversary.",100,en,jal_jeevan_mission_water,government_document,2026-05-07,"[6, 8]",6,,high,text discusses sanitation and water access
788f4737,"The main focus of the verticals of financing and various schemes of programme was to bring about behavioural Central and State governments to saturate the change among the people so that they adopt sanitation facilities for achieving ODF Plus safe and hygienic sanitation practices. Apart from budgetary allocations from Said to be the world’s largest behaviour change DDWS and the corresponding State share, the programme, the SBM(G) transformed itself into remaining funds are to be dovetailed from the a jan andolan - with people from all spheres 15th Finance Commission grants to Rural Local of life contributing to make the programme a Bodies, MGNREGS and revenue generation success. Under the programme, more than 10 models, etc., particularly for SLWM.",119,en,jal_jeevan_mission_water,government_document,2026-05-07,"[6, 8]",6,,high,text discusses sanitation facilities and rural employment
bc09d196,"crore toilets were constructed during the period Considering the importance of drinking water 2014-15 to 2019-20. As a result, all the villages supply and sanitation, 15th Finance Commission of the country declared themselves ODF by 2nd recommended 60% the total grants to Rural Local Bodies for the period from 2021-22 to Having achieved the ODF milestone in rural 2025-26, as tied grants for (a) sanitation and areas of the country, Government of India maintenance of ODF status and (b) sustainable approved continuation of SBM(G) till 2024- supply of drinking water, rain water harvesting 25 as its Phase-II. The programme is being and water recycling amounting to Rs.1,42,084 implemented from 2020-21 to 2024-25, with crore (Rs.71,042 crore each for water and focus on ODF sustainability and to cover all sanitation).",129,en,jal_jeevan_mission_water,government_document,2026-05-07,"[6, 8]",6,,high,text discusses drinking water and sanitation
5526dcb7,"However, if any RLB has fully the villages with SLWM in order to create ODF saturated the needs of one category it can utilize Plus Model villages that are visually clean. The the funds for the other category. ANNUAL REPORT 2024-25 3 Comic for Change: A Creative Leap in Sanitation Awareness in Madhya Pradesh In the heart of India, Madhya Pradesh has embarked on an innovative journey to bolster sanitation and hygiene awareness through a unique initiative called “Comic for Change.” This collaborative effort between the State SBMG team and UNICEF in Bhopal district harnesses the power of comics to foster dialogue on health, hygiene, and environmental conservation.",108,en,jal_jeevan_mission_water,government_document,2026-05-07,"[2, 8]",2,,high,"text discusses Zero Hunger (agriculture, crops, farmers) and Decent Work & Economy (employment, wages, MGNREGA, job, livelihood)"
de64b698,"Background and Implementation: Madhya Pradesh, striving to meet the goals of SBMG-II, has seen remarkable success, achieving 90% of its target for ODF Plus villages. Recognizing the importance of Social Behaviour Communication in sustaining these achievements, “Comic for Change” was born. The initiative involved training girls from a management college as master trainers, who then led interventions at the village level, particularly in Nipaniya Sukha Gram Panchayat. The “Comics for Change” (C4C) campaign is grounded in Bandura’s social learning model, emphasizing the influence of observing and imitating positive behaviors. Through a three-day workshop, stakeholders including students, teachers, and community members, come together to create comics that address sanitation and hygiene issues created by the local population.",116,en,jal_jeevan_mission_water,government_document,2026-05-07,"[6, 8]",6,,high,text discusses water and sanitation issues
5bc4dc09,"This method proved to be an accessible and engaging way to discuss topics such as ODF plus villages (SLWM), Climate Change (water conservation), and menstrual hygiene management. The campaign successfully trained over 150 students as master trainers, who then facilitated workshops for around 700 school children from five villages. These workshops not only educated the participants on various environmental themes but also equipped them with the skills to create impactful comics. The resulting comics, filled with local narratives and humour, were displayed across the community, sparking discussions, and raising awareness on critical sanitation issues.",94,en,jal_jeevan_mission_water,government_document,2026-05-07,"[6, 13]",6,,high,text discusses water conservation and sanitation issues
9b3b0b0f,"4 Department of Drinking Water & Sanitation 2.1.2 Provisions under Swachh Bharat marginal farmers and women headed Mission (Grameen) Phase-II households) are provided incentive up to The major components of the SBM (G) Phase-II Rs.12,000 for construction of one unit of • Solid Waste Management activities • Community Sanitary Complex (CSC) are covers collection and segregation of bio- to be constructed under the programme on degradable waste and non-biodegradable need basis to cater to the sanitation needs waste. Management and disposal of bio- of households who do not have individual degradable waste is to be done through toilets due to lack of space or for floating/ household and community level compost migrant population, or at places where pits and bio-gas plants under GOBARdhan.",123,en,jal_jeevan_mission_water,government_document,2026-05-07,"[6, 8]",6,,high,text discusses drinking water and sanitation
83953060,"large congregation of people usually takes For management of non-biodegradable place, so that ODF status of villages can waste, storage units at village level and be sustained. For the construction of CSC, Material Recovery Centre/PWMU at Block priority will be given to the locations with level have been envisaged. predominant SC/ST habitations, poorest of the poor in the village and/or those visited • Under Liquid Waste Management by migrant labourers/floating population activities, GWM is to be done through household and community level soak pits, Waste Stabilization Ponds, DEWATS etc.",89,en,jal_jeevan_mission_water,government_document,2026-05-07,"[6, 8]",6,,high,text discusses water management and sanitation
0ff83d91,"• Intense IEC activities are being continued under the programme for sustaining • The programme also envisages for FSM at the ODF status achieved and awareness district level for offsite treatment of faecal generation on hygiene behaviour and waste management among the rural • New eligible households (all BPL population. Capacity building of various households and identified APL households implementing agencies, Panchayati Raj viz SC/ST households, households with Institutions and field level functionaries physically disabled person, landless is also being done to achieve the desired labourers with homestead, small and outcomes of ODF Plus villages. Various components and their funding norms under SBM(G) phase II are given below: Components Financial assistance Incentive for construction of IHHLs to all BPL and eligible Upto Rs.",123,en,jal_jeevan_mission_water,government_document,2026-05-07,"[6, 8]",6,,high,text discusses water and sanitation
3367bf3e,"12,000/- Villages upto 5000 Villages above 5000 population population Management Rs.60 per capita Rs.45 per capita SLWM Village level Rs.280 per capita Rs.660 per capita activities SLWM activities Grey Water (For grey water (For grey water management Management management through through bigger systems e.g. (GWM) community soak pits/ Waste Stabilisation Ponds, leach pits) Constructed Wetlands, etc.) Note: However, smaller villages will be eligible for funding support of minimum Rs.1 lakh for SWM and GWM based on their requirements. ANNUAL REPORT 2024-25 5 level SLWM FSM Rs.230 per capita Rs.50 lakh per District CSC Rs. 3 Lakh per CSC IEC and Capacity Building 5% of the total funding for programmatic components Admin Expenses 1% of the total funding for programmatic components (a) For villages level community activities viz.",127,en,jal_jeevan_mission_water,government_document,2026-05-07,"[6, 8]",6,,high,text discusses water management and sanitation
6a828a62,"GOBARdhan units can be taken up in cluster (b) The savings under SWM component, if any, mode for more than one district within the in a village can be used for GWM in the same overall funds availability of such districts.) village and similarly savings under GWM (e) Additional requirement of funds for any of component, if any, in a village can be used for these components can be met by the State SWM in the same village. Government from their own resources, (c) The savings, if any, with respect to the Finance Commission grants to Rural Local prescribed funding norms for a block for Bodies, MPLAD/MLALAD Schemes, setting up of PWMU can be used in another convergence with other schemes of Central block, if required.",126,en,jal_jeevan_mission_water,government_document,2026-05-07,"[6, 8]",6,,high,text discusses water conservation and management
b6e1ac02,"Also, based on requirement, and State Governments other than SBM(G), PWMUs can be set up in cluster mode for Corporate Social Responsibility (CSR) funds, more than one block within the overall fund revenue generation through business models, availability of such blocks. 6 Department of Drinking Water & Sanitation 2.1.3 ODF Plus categories: ODF Plus status is being captured in three categories viz. • ODF Plus – Aspiring-mnh;eku, • ODF Plus – Rising-mTtoy, and • ODF Plus – Model-mRÑ""V. The goal for each village will be to achieve ODF Plus – Model-mRÑ""V status at the earliest.",95,en,jal_jeevan_mission_water,government_document,2026-05-07,"[6, 8]",6,,high,text discusses drinking water and sanitation
3220801f,"Criteria for different categories of ODF Plus villages ODF Plus – ODF Plus – ODF Plus – Aspiring-mnh;eku Rising-mTtoy Model-mRÑ""V (i) All Households in (i) All Households (i) All Households in the village the village have in the village have access to a functional access to a functional have access to a toilet facility toilet facility functional toilet (ii) All Schools/Anganwadi (ii) All Schools/ facility Centres/ Panchayat Ghar in Anganwadi Centres/ (ii) All Schools/ the village have access to a Panchayat Ghar Anganwadi functional toilet, with separate in the village have Centres/ Panchayat toilets for male and female access to a functional Ghar in the village (iii) All public places in the village toilet, with separate have access to a are observed to have minimal toilets for male and functional toilet, litter, minimal stagnant female with separate toilets wastewater, and no plastic (iii) The village has for male and female waste dump in public places arrangements for (iii) The village has (iv) Village has arrangements for SWM arrangements for solid waste management (v) Village has arrangements for LWM (iv) The village has liquid waste management (vi) The village should prominently messages through wall paintings/billboards etc.",195,en,jal_jeevan_mission_water,government_document,2026-05-07,"[6, 8]",6,,high,text discusses water and sanitation facilities
1666eba4,"2.1.4 ODF Plus declared villages: An ODF Plus village is “a village which sustains its ODF status, ensures SLWM and is visually clean”. The goal under Phase-II of SBM(G) is to convert all the villages from ODF to ODF Plus Model Number of villages that have declared themselves ODF Plus Model as on 31.12.2024 is as under: Total Village ODF Plus Villages Total ODF Plus Aspiring Rising Model 5,86,656 1,41,681 11,314 4,08,686 5,61,681 ANNUAL REPORT 2024-25 7 Source: IMIS of SBM(G) State-wise details are in Annexure–I 2.1.5 Progress under SLWM: Status of progress reported up to 31.12.2024 is as under: No. of villages covered with SWM No. of villages covered with LWM Source : IMIS of SBM(G) State-wise details are in Annexure –II.",123,en,jal_jeevan_mission_water,government_document,2026-05-07,"[6, 8]",6,,high,text discusses sanitation and water management
7d6bafc8,"2.1.6 Progress in construction of IHHLs and CSCs The annual physical progress of construction of IHHLs and CSCs under the SBM(G) in the years 2023-24 and 2024-25 (up to December 2024) is as below: 2023-24 38,99,743 17,682 2024-25 (up to December 2024) 25,87,665 12,564 Source : IMIS of SBM(G) State-wise details are in Annexure-III and IV. Expected IHHLs to be constructed during the period Jan-Mar 2025: 10 lakhs 2.1.7 Annual Financial Progress Year Allocated Utilised 2023-24 7,000.00 6,802.58 2024-25 (up to December 2024) 7,192.00 2,035.50 State/UT-wise, release position under SBM(G) during the year 2023-24 and 2024-25 (Upto 31.12.2024) are in Annexure-V and Annexure-VI.",103,en,jal_jeevan_mission_water,government_document,2026-05-07,"[6, 8]",6,,high,text discusses drinking water and sanitation
58f3eadb,"8 Department of Drinking Water & Sanitation 2.1.8 Galvanizing Organic Bio-Agro Under SBM(G) Phase-II, financial assistance Resources dhan (GOBARdhan) of up to Rs.50 lakhs is available per district for setting up of GOBARdhan project(s). GOBARdhan was launched in 2018 as a Community model biogas plants can be set up part of SBM(G) to support the conversion of in villages/blocks/districts. Districts should biodegradable waste being generated in rural preferably take up projects near Gaushalas/ areas into Biogas & Bio-slurry. It would ensure vegetable markets/institutions/religious cleanliness in villages and generate wealth and sites etc.",92,en,jal_jeevan_mission_water,government_document,2026-05-07,"[2, 8]",2,,high,text discusses agriculture and rural employment
ac207dca,"for ensuring uninterrupted supply of energy by converting cattle dung and solid waste organic waste to make the projects sustainable including agricultural waste into biogas and in the long run as well as to promote business Bio-slurry and to improve the lives of villagers. More GOBARdhan units can be set up in convergence with 15th FC Grants or other The objectives of the Scheme are to: sources. As per the progress reported on the • Improve sanitation of villages and Unified Registration Portal of GOBARdhan, 955 decrease the incidences of vector borne Community & Cluster Biogas plants have been diseases installed including 877 functional plants under GOBARdhan till 31.12.2024. • Efficient treatment and disposal of rural bio-waste GOBARdhan initiative of Govt.",121,en,jal_jeevan_mission_water,government_document,2026-05-07,"[2, 8]",2,,high,text discusses agriculture and rural employment
61a86ebe,"of India is to convert waste to wealth, by turning waste to • Reduce dependence on crude oil imports energy. Various Ministries/Departments are • Employment generation working together in implementation of this initiative to create an enabling environment and • Provides additional rural income streams promote circular economy. The objective is to generate wealth and energy by converting cattle • Reduction of greenhouse gas emissions. dung, agri residue and other organic waste into Biogas, CBG and organic manure. DDWS is • Production of bio-slurry which will nodal department for coordinating the efforts of promote organic farming, protect soil all stakeholder Ministries/Departments under health and increased crop production.",107,en,jal_jeevan_mission_water,government_document,2026-05-07,"[2, 8]",2,,high,text discusses crop yield and farm labour costs
c0df7b32,"ANNUAL REPORT 2024-25 9 Kerala’s Leap in Responsible Tourism: Swachhata Green Leaf Rating System Kerala has always been a trailblazer when it comes to tourism, and now the state has taken a significant step forward in responsible tourism with the Swachhata Green Leaf Rating (SGLR) system. This initiative, in partnership with the DDWS and the Ministry of Tourism, emphasizes the importance of sanitation standards across hospitality facilities. Kerala’s proactive approach stands out with the introduction of a user-friendly online platform, making it easier for hospitality facilities to assess their sanitation standards. Through this platform, registered users can perform self-assessments, marking their compliance with the SGLR system. This simplified process allows facilities to easily gauge where they stand in maintaining sanitation standards.",121,en,jal_jeevan_mission_water,government_document,2026-05-07,"[6, 8]",6,,high,text discusses sanitation and water quality
70a4a81f,"In the first phase, a total of 425 hospitality facilities in Kerala earned the SGLR out of 680 self-assessments submitted via the online platform. Of these, 96 facilities didn’t pass the initial self-assessment, and 159 failed to qualify for certification as they didn’t meet the minimum required score of 100 marks. However, the verification phase saw 67 facilities achieve the prestigious 5-leaf rating, with others scoring either 3 or 1 leaf ratings, showing varying levels of compliance. What sets Kerala apart is its commitment to bringing those that didn’t meet the standards up to par. The state is focusing on helping 255 institutions improve their sanitation standards to at least meet the single-leaf rating requirements.",115,en,jal_jeevan_mission_water,government_document,2026-05-07,"[6, 8]",6,,high,text discusses water sanitation and hygiene
7ede34f0,"Kerala’s dedication to improving sanitation across the board ensures that no hospitality facility is left behind. With this innovative approach to self-assessment and sanitation, Kerala is not only raising the bar for tourism in India but also paving the way for a future where cleanliness is a core part of the state’s hospitality experience. This initiative stands as a testament to Kerala’s ongoing journey towards responsible tourism and a cleaner, greener tomorrow. 10 Department of Drinking Water & Sanitation 2.1.9 Important initiatives/activities undertaken in SBM(G) during January 2024- (a) A special event was organized by the announcement of Phase 2 of the initiative with a DDWS to honor women change makers of much broader scope and with the participation SBM(G) in New Delhi on 25th January, 2024.",127,en,jal_jeevan_mission_water,government_document,2026-05-07,"[6, 8]",6,,high,text discusses drinking water and sanitation
5da32746,"This landmark event was aimed at fostering (d) National Conference on JJM and collaboration and driving progress. These interactions commemorated the achievements of the women change makers in the sanitation The National Conference on JJM and SBM(G) sector and provided an opportunity for insightful was held in Lucknow on 16th-17th February exchanges that could influence future policy 2024 in which more than 100 Senior Officers from directions. This event brought together over 31 States/UTs participated. The conference was 475 women from across the country in a vibrant graced by the distinguished presence of Hon’ble dialogue with the Union Minister of Jal Shakti, Union Minister of Jal Shakti Shri Gajendra Singh Shri Gajendra Singh Shekhawat and Minister of Shekhawat, Shri Swatantra Dev Singh, Hon’ble State of Jal Shakti, Shri Rajeev Chandrasekhar.",130,en,jal_jeevan_mission_water,government_document,2026-05-07,"[6, 8]",6,,high,text discusses water and sanitation sector
62c3d568,"Minister of Water Resources Uttar Pradesh, Women Swachhagrahis witnessed the Republic Hon’ble M.P Shri Ravi Kishan Shukla from Day Parade at Kartavya Path, New Delhi on Gorakhpur Constituency, Ms. Vini Mahajan, 26th January, 2024. Secretary, Government of India, DDWS and Shri Anurag Srivastava, Principal Secretary, (b) Review meeting with Hon’ble Chief Government of Uttar Pradesh. Chief Secretary/ Minister of Rajasthan ACS/ Principal Secretaries/Secretaries/Mission Joint Review Meeting on the implementation Directors/Engineer-in-Chief/Chief Engineer of SBM(G) and the Jal Jeevan Mission (JJM) in and select DMs/DCs participated in the Rajasthan was organised on 7th February 2024 conference and deliberated on the achievements at Jaipur, Rajasthan. The meeting was jointly made, challenges encountered, and possible chaired by the Hon’ble Minister, Jal Shakti and solutions for the problems raised during the Chief Minister of Rajasthan.",130,en,jal_jeevan_mission_water,government_document,2026-05-07,"[2, 8]",2,,high,text discusses crop yield and farm labour costs
31845835,"During the conference following (c) Release of report of Light House Initiatives (LHI) Phase-1 (i) Swachhata Chronicles On 13th February 2024, Secretary, DDWS, (ii) Swachhata Green Leaf Rating (SGLR) released the report of Light House Initiatives (iii) Compendium on Liquid Waste (LHI) Phase-1. On the occasion Shri CB Kumar, Management (LWM) Technologies: Additional Secretary & Mission Director, JJM, Shri Jitendra Srivastava, Joint Secretary & (e) Review meeting with ACS/Principal Secretary/Secretary in-Charge of Rural Mission Director-SBM(G), Shri Samir Kumar- Sanitation and Mission Directors of Economic Advisor at DDWS, Ms. Naina Lal SBM(G), of 17 focus States Kidwai, Chair ISC, Ms. Natasha Patel, CEO- SC, State Mission Directors and Corporate Partners A meeting with ACS/Principal Secretary/ were present.",116,en,jal_jeevan_mission_water,government_document,2026-05-07,"[6, 8]",6,,high,text discusses water and sanitation initiatives
f842d9df,"The occasion also marked the Secretary in-Charge of Rural Sanitation and ANNUAL REPORT 2024-25 11 Mission Directors SBM(G) of 17 focus States viz Mission Directors SBM(G) in the States/UTs Andhra Pradesh, Assam, Bihar, Chhattisgarh, of Haryana, Chhattisgarh, Rajasthan, MP, Gujarat, Himachal Pradesh, Jharkhand, Arunachal Pradesh, Punjab, Puducherry, Karnataka, Madhya Pradesh, Maharashtra, Sikkim, Jharkhand, Nagaland, Gujarat, Ladakh, Odisha, Punjab, Rajasthan, Tamil Nadu, Kerala, Lakshadweep, Goa, West Bengal, UP, Uttar Pradesh, Uttarakhand, and West Bengal Uttarakhand, Assam, Karnataka, D&N Haveli, was held on 12.3.2024 at 11 AM under the Jammu & Kashmir, and Andhra Pradesh Chairpersonship of Secretary, DDWS through was held from 2nd May, 2024 to 21st May, VC to review the progress of Phase-II of SBM(G).",116,en,jal_jeevan_mission_water,government_document,2026-05-07,"[2, 8]",2,,high,"text discusses water and sanitation, and employment in rural areas"
84ba4838,"2024 under the Chairpersonship of Secretary, Necessary advice/suggestions /observations/ DDWS through VC to review the progress of inputs were given to the States for effective and Phase-II of SBM(G). Necessary advice/ expeditious implementation of the programme suggestions/observations/inputs were given and to achieve the desired results within the to the States for effective and expeditious timelines. implementation of the programme and to achieve the desired results within the timelines.",68,en,jal_jeevan_mission_water,government_document,2026-05-07,"[6, 8]",6,,high,text discusses drinking water and sanitation
0377ab98,"(f) Review meeting with ACS/Principal Secretary/Secretary in-Charge of Rural (h) Inter-Ministerial meetings: Sanitation and Mission Directors of Joint meetings to discuss Inter-Ministerial SBM-G, of 17 other States convergence issues for the DDWS and 5 A meeting with ACS/Principal Secretary/ different Ministries/Departments, were held Secretary in-Charge of Rural Sanitation and as per following schedule in Secretary DDWS Mission Directors SBM(G) of other 17 States Conference Room, 4th Floor Pt. D.D.Antyodaya namely A&N Islands, Arunachal Pradesh, D&N Bhawan, CGO Complex, Lodhi Road, New Haveli and Daman & Diu, Goa, Haryana, Jammu Delhi. The meeting was jointly chaired by the & Kashmir, Kerala, Ladakh, Lakshadweep, Secretary DDWS, GoI and Secretary of the Manipur, Meghalaya, Mizoram, Nagaland, Ministries/Departments : Puducherry, Sikkim, Telangana, and Tripura were held on 12.3.2024 at 3 PM under the S.N.",130,en,jal_jeevan_mission_water,government_document,2026-05-07,"[6, 8]",6,,high,text discusses drinking water and sanitation
695e977d,"Ministry/Department Date Chairpersonship of Secretary, DDWS through 1 Ministry of Rural 10.5.2024 VC to review the progress of Phase-II of SBM(G). Development Necessary advice/suggestions/observations/ 2 Ministry of Women and 16.5.2024 inputs were given to the States for effective and Child Development expeditious implementation of the programme 3 Ministry of Health and 22.5.2024 and to achieve the desired results within the Family Welfare timelines.",63,en,jal_jeevan_mission_water,government_document,2026-05-07,"[2, 8]",2,,high,text discusses crop yield and farm labour costs
b15d2042,"4 Department of School 24.5.2024 Education and Literacy (g) Review meeting with ACS/Principal 5 Ministry of Housing and 03.6.2024 Secretary/Secretary in-Charge of Rural Sanitation and Mission Directors of (i) Meeting with officers of Ministry of Meeting with ACS/Principal Secretary/ Road Transport and Highways (MoRTH), Secretary in-Charge of Rural Sanitation and Department of Rural Development (DoRD), 12 Department of Drinking Water & Sanitation Ministry of Environment and Climate Change and mentioned dates at Pt. Antyodaya (MoEFCC), Ministry of Housing and Urban Bhawan/Shram Shakti Bhawan, New Delhi. Affairs (MoHUA), Ministry of Panchayati Secretary (DWS), Additional Secretary & Raj (MoPR), and Ministry of Non-Renewable Mission Director, JJM, Joint Secretary and Energy (MNRE) was held on 3rd June, 2024 Mission Director, SBM(G) were present in the under chairpersonship of Secretary (DWS) at meeting.",129,en,jal_jeevan_mission_water,government_document,2026-05-07,"[2, 8]",2,,high,"text discusses water and sanitation, also mentions rural development and employment"
0ae41e7f,"4 Telangana 22.07.2024 (j) Review meeting of Hon’ble Minister 5 Nagaland 24.07.2024 of Jal Shakti with Hon’ble Ministers/ 6 Himachal Pradesh 03.12.2024 Advisors in-charge of JJM and SBM(G) 7 Rajasthan 03.12.2024 8 Uttar Pradesh 10.12.2024 Hon’ble Minister of Jal Shakti, Shri C.R.Patil 9 Bihar 10.12.2024 undertook review meeting with Hon’ble Minister Incharge of JJM and SBM(G) in following States 11 Madhya Pradesh 10.12.2024 Review meeting of Himachal Pradesh and Rajasthan under Chairmanship of HMoJS ANNUAL REPORT 2024-25 13 (k) Review meeting of Hon’ble Minister of Ministries/Departments and representatives of Jal Shakti with Hon’ble Chief Ministers CBG sector.",97,en,jal_jeevan_mission_water,government_document,2026-05-07,"[2, 8]",2,,high,text discusses crop yield and farm labour costs
9685dde7,"(n) Review meeting with DMs/DCs/CEO Hon’ble Minister of Jal Shakti, Shri C.R.Patil undertook review meeting with Hon’ble Chief A meeting with 54 DMs/DCs/CEO ZPs of Ministers in following States and mentioned States of Bihar, Jharkhand, Karnataka, MP, dates at Conference Hall at 4th Floor Pt. Maharashtra, Odisha, Punjab, and UP was held Antyodaya Bhawan/Shram Shakti Bhawan, on 21st August, 2024 under the Chairpersonship New Delhi. Secretary (DWS), Additional of Secretary, DWS through VC to review ODF Secretary & Mission Director, JJM, Joint Secretary Plus (Model) achievement under SBM(G). and Mission Director, SBM(G) were present in Necessary advice/suggestions were given to the district for effective and expeditious S.N. States Date implementation of the programme.",113,en,jal_jeevan_mission_water,government_document,2026-05-07,"[2, 8]",2,,high,"text discusses water and sanitation, and employment in rural areas"
b80a37df,"1 Meghalaya 16.07.2024 (o) Review meeting with ACS/Principal Secretary/Secretary in-Charge of Rural 3 Andhra Pradesh 22.07.2024 Sanitation and Mission Directors of 4 Rajasthan 24.07.2024 (l) Joint Review Meeting on the Review meeting with ACS/Principal Secretary/ implementation of SBM(G) and JJM: Secretary in-charge of Rural Sanitation and Mission Director-SBM(G) in all States/ Joint Review Meeting chaired by the Secretary, UTs (Excluding Haryana & J&K) was held Department of Drinking Water & Sanitation through VC on 27th September, 2024 under (DDWS), Government of India and Chief the Chairpersonship of Secretary, DDWS, New Secretary of following States were held. Delhi at Conference room of DDWS, 4th Floor S.N.",105,en,jal_jeevan_mission_water,government_document,2026-05-07,"[2, 8]",2,,high,"text discusses water and sanitation, and rural employment"
35f2eadd,"Antyodaya Bhawan, CGO Complex, 1 West Bengal 03.02.2024 Lodhi Road, New Delhi, to review preparation 2 Uttarakhand 14.02.2024 for 2nd Oct, 2024 event at Vigyan Bhawan, 3 Assam 21.02.2024 New Delhi. 4 Meghalaya 22.02.2024 (p) Review meeting with ACS/Principal Secretary/Secretary in-Charge of Rural Sanitation and Mission Directors of (m) Review meeting with CBG operators: A meeting with ACS/Principal Secretary/ An Interaction of Hon’ble Minister of Jal Shakti Secretary in-Charge of Rural Sanitation and with CBG operators was held on 18th July, Mission Directors (SBM-G) of 12 States viz 2024 in Conference Room, 4th Floor, Pt. States of Andhra Pradesh, Bihar, Himachal Antyodaya Bhawan, CGO Complex, Lodhi Road, Pradesh, Jharkhand, Karnataka, Madhya New Delhi.",113,en,jal_jeevan_mission_water,government_document,2026-05-07,"[2, 8]",2,,high,text discusses rural sanitation and farm labour costs
4f58af0f,"Other participants were Secretary Pradesh, Maharashtra, Odisha, Punjab, and other senior officials of DDWS, Stakeholder Rajasthan, Uttar Pradesh, and Uttarakhand 14 Department of Drinking Water & Sanitation was held on 25.11.2024 at 4.00 PM under the also visited some villages in Assam, Tripura, Chairpersonship of Secretary, DWS through VC Meghalaya, Mizoram, and Sikkim on 10th and to review the progress of Phase-II of SBM(G). 11th November, 2024 to get feedback from Necessary advice/suggestions /observations/ field. inputs were given to the States for effective and (r) Regional Workshop: expeditious implementation of the programme and to achieve the desired results within the Two-days’ workshop titled ‘Regional timelines.",105,en,jal_jeevan_mission_water,government_document,2026-05-07,"[2, 8]",2,,high,text discusses crop yield and farm labour costs
362b6970,"Workshop on Dry & Plastic Waste Management Sustainability was organised on 20-21st (q) Review meeting of NE States: December, 2024 in Ganjam, Odisha by DDWS, Review Meeting on the implementation of Odisha State Government, Zilla Parishad- SBM (G) in NE States was organised on 12th Ganjam, Centre for Environment Education November, 2024 at Guwahati, Assam. The (CEE) with support from HDFC Bank, and meeting was chaired by the Hon’ble Minister, CORE on December 20-21, 2024, in Ganjam, Jal Shakti. State Ministers in-charge of Rural Odisha. Various panel discussions and expert Sanitation of NE States participated in the sessions were held based on implementation of meeting. Secretary (DWS) and JS & MD, SBM(G) waste management models focusing on rural participated the review meeting.",122,en,jal_jeevan_mission_water,government_document,2026-05-07,"[6, 8]",6,,high,"text discusses water and sanitation, and rural employment"
822bd459,"ACS/Principal areas covering SBM(G), EPR, Circular economy Secretaries/Secretaries In-charge of Rural and more. Overall, more than 150 officials Sanitation and Water of NE States also attended participated in the workshop. Teams of Officers/Consultants Review meeting of NE States at Guwahati ANNUAL REPORT 2024-25 15 (s) Stakeholder Consultation: been reserved for NE States. The financial and physical progress during 2023-24 and 2024-25 Stakeholders Consultation for SBM 3.0 was (December, 2024) in the NE region is as given organised on 18th December, 2024 at Akshay Urja Bhawan, Pragati Vihar, New Delhi. The meeting was held under Chairpersonship 2.2.2 (a) Financial Status during 2023-24: of Secretary, DDWS, New Delhi. JS & MD, State-wise, fund released in NE States during SBM(G) and other DDWS Officers were present in the meeting.",126,en,jal_jeevan_mission_water,government_document,2026-05-07,"[2, 8]",2,,high,"text discusses water and sanitation, and employment of officials"
c71ddf44,"More than 44 ACS/ Principal Secretary/Secretary Incharge of Rural Sanitation and Mission Directors, SBM(G) and S.N. State Release other officers have attended the meeting. States 1 Arunachal Pradesh 15.81 have provided suggestions/inputs for SBM 3.0. (t) Meeting with Ministry of Skill 3 Manipur 0.00 Development and Entrepreneurship: A meeting had been conducted on 10th 5 Mizoram 5.00 December 2024, to discuss on Skill Development 6 Nagaland 31.07 related issues pertaining to Ministry of Jal 7 Sikkim 6.66 Shakti, under joint chairmanship of Hon’ble Minister of Jal Shakti and Hon’ble Minister of State (I/C), Ministry of Skill Development and Entrepreneurship.",99,en,jal_jeevan_mission_water,government_document,2026-05-07,"[6, 8]",6,,high,text discusses water and sanitation
d49353a1,"In the meeting SBM (G) has 2.2.2 (b) Financial Status during 2024-25 (till been presented the skilling requirement skilling December 2024) for over 30 lakh sanitation workers who are State-wise, fund released in NE States during currently involved in rural sanitation O&M. In 2024-25 (as on 31.12.2024) is as under: this connection pilot skilling projects has been proposed in the areas of Rural Sanitation. Activities of the SBM(G) in North S.N. State Release Eastern States 1 Arunachal Pradesh 3.71 2.2.1 Performance in the North Eastern Each year 10% of the budget is earmarked for NE States to prioritise them for programme implementation. Further under SBM(G) Central: State shares funding pattern for NE States is 90:10. 8 Tripura 18.80 For the year 2024-25, Rs.",123,en,jal_jeevan_mission_water,government_document,2026-05-07,"[6, 8]",6,,high,text discusses drinking water and sanitation for rural sanitation workers
12e1d20d,"Having achieved the ODF status, the Government of India approved Phase-II of the The goal under Phase-I of SBM (Grameen) was SBM(G) on 19th February, 2020, from 2020-21 to achieve universal sanitation coverage in the to 2024-25, with the focus on creating ODF Plus whole of rural India by the year 2nd October, ANNUAL REPORT 2024-25 17 villages which includes ODF sustainability and the chapter on Information, Education, and SLWM. The programme also aims to cover newly Communication (IEC) under the SBM(G), Phase emerged households, ensuring that no one is left II unfolds as a strategic cornerstone. With a behind in having access to toilet facilities.",106,en,jal_jeevan_mission_water,government_document,2026-05-07,"[2, 8]",2,,high,text discusses universal sanitation coverage and rural employment
4154b4fe,"The focus on precision and intelligence, this section goal under Phase-II is to make all the villages navigates the intricate landscape of public ODF Plus by 2024-25. Under SBM(G), there awareness, emphasizing the pivotal role of IEC is a provision of incentive for all SC and ST in fostering behavioural change and advancing households for construction of IHHLs. As per the mission's objectives. Anchored in the spirit SBM(G) guidelines issued by DDWS, priority of Jan Andolan (people's movement), the needs to be given to locations with predominant approach transcended conventional boundaries, SC and ST habitations (for the construction of orchestrating a 360-degree communication CSCs).",104,en,jal_jeevan_mission_water,government_document,2026-05-07,"[2, 8]",2,,high,"text discusses Zero Hunger (agriculture, crops, farmers) and Decent Work & Economy (employment, wages, MGNREGA, job, livelihood, rural employment)"
528e75e4,"approach to ensure the programmatic gains made under the SBM(G) Phase I are sustained Under SBM(G), 22% and 10% of the budget and we move to the objectives of Phase II. allocation for each year is earmarked for Schedule Castes Sub Plan (SCSP) and Tribal Sub To accelerate implementation of SBM(G), DDWS Plan (TSP) respectively. carried out various drives to fill gaps in sanitation coverage for new households and those left out. For the year 2024-25, Rs.1,354.9 crore has been Additionally, it conducted various innovative earmarked for SCs and Rs.615.9 crore has been campaigns to further community participation, earmarked for STs. Out of this, Rs.477.73 crore ownership and understanding.",109,en,jal_jeevan_mission_water,government_document,2026-05-07,[6],6,,high,text discusses drinking water and sanitation
9690c62b,"under SCSP and Rs.208.30 crore under TSP have already been released to the States/UTs up to 2.4.2 National STOP Diarrhea Campaign National STOP Diarrhoea Campaign, launched The progress achieved under SBM(G) for SCs/ on 24th June 2024 by Union Health Minister STs is also being monitored through the online Shri JP Nadda, alongside Hon’ble Union Integrated Management Information System of Ministers of State, Shri Anupriya Patel and Shri SBM(G) maintained by DDWS. As per the data Jadhav Prataprao Ganpatrao, senior officials entered by the States/UTs on online IMIS of from various States/UTs, union government, SBM(G) up to December, 2024, out of the total and development partner representatives.",107,en,jal_jeevan_mission_water,government_document,2026-05-07,"[2, 8]",2,,high,"text discusses water and sanitation, and employment of rural workers"
51149ff9,"of 25.87 lakh Individual household latrines The National STOP Diarrhoea Campaign aims constructed during 2024-25, 3.55 lakh (13.72%) for zero child deaths from diarrhea through IHHLs are for SCs families and 1.51 lakh (5.85%) a comprehensive, multi-sectoral approach over IHHLs are for STs families. State-wise details a two-month period. are in Annexure-VII. SLWM assets are for whole Complementing this initiative, DDWS has community including SCs/STs. launched an awareness campaign on “Safe Water and Sanitation” in rural areas from 1st 2.4. Information, Education and July to 31st August 2024, “Swachh Gaon, Shudh Jal- Behtar Kal”.",94,en,jal_jeevan_mission_water,government_document,2026-05-07,"[6, 8]",6,,high,"text discusses water and sanitation, and employment in rural areas"
3e03614b,"This campaign was designed 2.4.1 Background to raise awareness and promote the use of safe water and sanitation practices at the village and In this year's government annual report, 18 Department of Drinking Water & Sanitation 2.4.3 India Water Week 2024 key platform for collaboration in water resource management. The event was inaugurated by The 8th edition of India Water Week (IWW) the Hon’ble President of India, Smt. Droupadi 2024 was held from September 17-20, 2024, at Murmu, alongside Union Minister of Jal Shakti, the Bharat Mandapam in New Delhi.",90,en,jal_jeevan_mission_water,government_document,2026-05-07,"[6, 8]",6,,high,text discusses water resource management and sanitation practices
38d98b2e,"Paatil, and Minister of State, Shri Raj by the Ministry of Jal Shakti, this prestigious international event has established itself as a ANNUAL REPORT 2024-25 19 IWW 2024 Exhibition showcasing Swachh three days, provided a platform for States/ UTs Sujal Gaon, a model village, reflecting India’s to display their innovations and best practices, comprehensive approach to strengthening offering valuable insights into sustainable water WASH sector in rural areas, stood as the management and sanitation efforts across the centerpiece of the event. The exhibition, held over country. Expertise Unplugged 3rd session of the of regulatory mechanism and the demand for International WASH Conference for National GWM.",105,en,jal_jeevan_mission_water,government_document,2026-05-07,"[6, 8]",6,,high,text discusses water management and sanitation efforts
9b28a5b1,"Mission Directors of States also shared Water Safe Dialogue session on for discussion insights on the best practices that are being on GWM under SBM(G) and highlighting the implemented in their respective states. UNICEF need for relook on policy issues. WaterAid also presented on Climate and disaster resilient India presented the need for reconsideration planning for GWM. 20 Department of Drinking Water & Sanitation 2.4.4 Engagements and Collaborations Tedros Adhanom Ghebreyesus, ADB President Masatsugu Asakawa, and Ratan Tata- Former Swachhata Hi Seva 2024 witnessed more Chairman, Tata Sons brought fresh energy to than 175 celebrity engagements with their the event.",100,en,jal_jeevan_mission_water,government_document,2026-05-07,"[6, 8]",6,,high,text discusses water and sanitation
6dfb433b,"These influential figures underscored congratulatory messages / video bytes from the importance of continuing the mission and global influencers such as Bill Gates, Ajay Banga motivating millions of citizens to actively – President of the World Bank, Faith Leader- Sri participate in the cleanliness drive. Sri Ravi Shankar, WHO Director General- Dr ANNUAL REPORT 2024-25 21 At Maharashtra State-level Workshop Maharashtra Brand Ambassador Sh. Swapnil held on Dec 13, 2024, Maharashtra hosted a Joshi and social media influencers Sh. Malhar pivotal workshop in the presence of PS WSSD Kalambe & Sh. Ripudaman Bevli attended the Maharashtra and Joint Secretary & MD, SBM(G) workshop to show their commitment to Swachh GoI. As Special Guests at the Workshop ZSBP Bharat.",118,en,jal_jeevan_mission_water,government_document,2026-05-07,"[2, 8]",2,,high,text discusses importance of cleanliness drive and farm labour costs
40bd3704,"2.4.5 National Visioning Workshop aimed to align future strategies with national The DDWS held a transformative workshop on 28th October, 2024 at Bharat Mandapam, New The workshop focused on assessing progress Delhi, bringing together experts and leaders while refining strategies for the future, with to assess achievements and set the course for a keen emphasis on effective community sustainable community engagement in WASH. Officials acknowledged the This National Visioning Workshop, marking ten significant role of Smt. Vini Mahajan in shaping years of the SBM(G) and five years of the JJM, India’s WASH landscape and aligning SBM and JJM with broader development objectives.",102,en,jal_jeevan_mission_water,government_document,2026-05-07,"[6, 8]",6,,high,"text discusses water and sanitation, aligning with broader development objectives"
51b3f7ed,"22 Department of Drinking Water & Sanitation 2.4.6 Hamara Shauchalay: Hamara Samman DDWS-SBM(G) launched the nationwide vulnerable groups, particularly women and campaign “Hamara Shauchalay: Hamara girls, this initiative underlines that toilets are Samman” (HSHS) (gekjk 'kkSpky;% gekjk more than infrastructure, they are foundational lEeku). November 19, World Toilet Day that to dignity, equality, and public health aligned culminated on Human Rights Day, December with the campaign tagline “'kkSpky; laokjsa] thou 10, 2024, emphasizing the critical link between fu[kkjsa”. During the 3-week program, the HSHS sanitation, human rights, and dignity. The campaign mobilized over 38 lakh participants campaign reaffirms India’s commitment to through more than 50,500 events nationwide.",107,en,jal_jeevan_mission_water,government_document,2026-05-07,"[6, 8]",6,,high,"text discusses drinking water and sanitation, and employment in sanitation sector"
bf5e06a1,"maintaining its Open Defecation Free (ODF) The campaign achieved significant milestones, status while promoting behavioral change for including the assessment and functional cleaner, healthier communities. The HSHS improvement of over 1.54 lakh CSCs, covering campaign served as a timely call to action to more than 70% of existing facilities, sanctioning sustain and build on the efforts being made of over 3.35 lakh IHHS sanctions and conducting in the SBM program. With a strong focus on of over 600 DWSM meetings. 2.4.7 Swachh Sujal Gaon Social Media Amplification Campaign DDWS towards ensuring all Villages progress towards becoming 'Swachh Sujal Gaon' which reflects our commitment and approach towards strengthening drinking water and sanitation services in rural India.",115,en,jal_jeevan_mission_water,government_document,2026-05-07,"[6, 8]",6,,high,text discusses drinking water and sanitation services
36480777,"To facilitate online engagement and amplify the impact of 'Swachh Sujal Gaon' initiative to strengthen and promote the work being done on-ground wrt Har Ghar Jal & ODF Plus Model Verified. States and UTs were encouraged to post using official social media handles to reflect local successes, key events, and any unique stories that would resonate with your audience. The aim of these daily posts is to highlight the achievements, activities, and best practices under the ""Swachh Sujal ANNUAL REPORT 2024-25 23 Gaon"" initiative in your State/UT, showcasing SBM(G) publishes news and stories of National, the collective efforts of local communities, States and UTs events and activities on monthly Panchayats, and district officials.",113,en,jal_jeevan_mission_water,government_document,2026-05-07,"[6, 8]",6,,high,text discusses water and sanitation initiatives
2f4c0291,"This will help newsletter named Swachhata Samachar and create a sense of shared purpose and motivate periodic SBM(G) Blogs at Wordpress platform other regions to emulate successful models. to keep wider audience on ground engaged with States and UTs are encouraged to disseminate this daily across all official social media handles DDWS in collaboration with MyGov, had of your State/UT and/or the official SWSM following nine contests and campaigns this year handle. These posts must carry information of in order to broaden the swachh bharat mission villages that are Har Ghar Jal certified and ODF transformational journey to be expressed and Plus Model Verified Villages. engaged with a wider populace by highlighting its crucial role in national development.",118,en,jal_jeevan_mission_water,government_document,2026-05-07,"[6, 8]",6,,high,text discusses water and sanitation initiatives
1115c6fd,"2.4.8 Social Media Visibility The most popular communication channel of the current times is the digital media and SBM(G) 3. 7 Day Swachhata Challenge Phase II duly utilizes the same. All popular social media platforms, i.e., X (Formerly Twitter), 4. Reel Contest for 10 Years of Swachh YouTube, Facebook and Instagram are used to provide information on latest programme 5. Swachhata Comic Story Contest launches, campaigns, achievements, events etc. Article Writing Contest for Swachh Currently, the social media following of SBM(G) Bharat: 10 Year Journey of Change 7. Hamara Shauchalay Hamara Samman • X (Formerly Twitter) – nearly 5.6 lakh - Photography Contest • Facebook – more than 2.2 lakh 8.",111,en,jal_jeevan_mission_water,government_document,2026-05-07,[6],6,,high,text discusses drinking water and sanitation
6d99a27d,"Swachhata Ki Goonj - Slogan Writing • Instagram – more than 8.7 thousand Contest • YouTube – nearly 26 thousand 9. Swachh Bharat Ki Awaaz - A Jingle 2.4.9 Swachhata Hi Seva 2024 Swachhata Hi Seva (SHS) call was first made by Hon’ble PM in 2017. After that every year, from 15th September - 2nd October, the fortnight is celebrated. The theme for SHS 2024, ‘Swabhav Swachhata, Sanskar Swachhata,’ aims to reignite the spirit of collective action and citizen participation for cleanliness across India, focusing on three key pillars under the ‘whole of • Cleanliness Target Units (CTUs) – Shramdaan activities aimed at the 24 Department of Drinking Water & Sanitation time-bound transformation of target Sahu, Honorable Minster of State, Ministry of units and general cleanliness.",126,en,jal_jeevan_mission_water,government_document,2026-05-07,"[6, 8]",6,,high,text discusses drinking water and sanitation
9c52fadb,"Housing & Urban Affairs, and the Secretaries of DDWS, MoHUA, MoRD and MoPR. State • Swachhata Mein Jan Bhagidari – Ministers and Secretaries of Urban Development, Promoting public participation, Sanitation, PR & RD alongwith Mission awareness, and advocacy. Directors, District Collectors and Municipal • Safai Mitra Suraksha Shivirs – Commissioners participated physical/online Conducting preventive health mode in the Curtain raiser. The event featured a checkups and providing social security press interaction and a briefing on the upcoming coverage for sanitation workers. SHS campaign, highlighting the crucial role of States/UTs, partners, corporates, and citizens Curtain Raiser Event: who form the backbone of this national sanitation The event was graced by key dignitaries mission.",112,en,jal_jeevan_mission_water,government_document,2026-05-07,"[6, 8]",6,,high,text discusses sanitation and public participation in urban development
16b1b390,"including Shri Manohar Lal, Honorable Union The event concluded with a Swachhata Pledge, Minister, Ministry of Housing & Urban Affairs reaffirming the nation’s commitment to & Power, Shri C R Patil, Honorable Union cleanliness, followed by the National Anthem. Minister, Ministry of Jal Shakti, Shri Tokhan Highlight of SHS 2024 Fortnight activities: This year SHS 2024 was organized from September 17 - October 2024, Through the course of SHS, there was participation from the Honorable President and Vice President along with 42 Union Ministers, 10 Governors, 20 Chief Ministers, 149 MPs, 188 State Ministers, 933 MLA/MLCs and 747 Districts & 3481 Blocks during the fortnight campaign.",106,en,jal_jeevan_mission_water,government_document,2026-05-07,"[2, 8]",2,,high,"text discusses water and sanitation, also mentions employment and livelihood"
c1d9722a,"Along with this 1.46 Lakh Gram Sabha Conducted and more ANNUAL REPORT 2024-25 25 than 11000 Villages declared themselves as ODF the campaign period, over 2000 articles were Plus Model. published in media across state and national  Cleanliness Target Units Events Completed 5,12,779 People Participation 2,69,34,430  Safai Mitra Suraksha Shivir Events Completed 1,31,788 Health Workers Benefitted 34,07,661  Swachhata Mein Jan Bhaagidari Events Completed 14,79,944 People Participation 21,40,76,108 The hashtags #10YearsOfSwachhBharat, #SBD 2024, and #SHS2024 were trending on the X platform in India at 9:15 AM and remained in the trending list for more than 5 hours.",99,en,jal_jeevan_mission_water,government_document,2026-05-07,"[6, 8]",6,,high,text discusses water and sanitation initiatives
7e421dd9,"During 2.4.10 Swachh Bharat Diwas 2024 On 1st October 2024, Curtain Raiser Press The culmination of SHS 2024 was on 2nd Conference on Swachh Bharat Diwas 2024 by October on Gandhi Jayanti 2024, which is a Hon’ble Union Minister of Jal Shakti Sh. C R historic milestone as it in the 10th anniversary of Patil. Union Jal Shakti Minister requests people the SBM. Launched by Hon’ble Prime Minister from all walks of life to undertake an hour of Narendra Modi on 2nd October 2014, marking ‘Shramdaan for Swachhata’, from 9:00 am on 10 years of transformed the nation’s sanitation 2nd October 2024.",102,en,jal_jeevan_mission_water,government_document,2026-05-07,"[2, 8]",2,,high,"text discusses water and sanitation, and also mentions employment and livelihood"
87ef9c16,"26 Department of Drinking Water & Sanitation The Prime Minister underlined that the rise in the prestige of cleanliness has brought about a huge psychological change in the country. He mentioned the change in thinking brought by the Swachh Bharat Mission and gave the example of people involved in cleaning work who were looked down upon earlier. “When the cleaners got respect, they too felt proud of their role in changing the country. Swachh Bharat Abhiyan has brought pride to lakhs of Safai Mitras”, the Prime Minister remarked noting the government’s commitment to a dignified life and safety for Safai Mitras.",101,en,jal_jeevan_mission_water,government_document,2026-05-07,"[6, 8]",6,,high,"text discusses drinking water and sanitation, and dignified life for Safai Mitras"
07ca1ca7,"Shri Modi endeavoured to eliminate the problems arising due to manual entry in septic tanks and informed that the government is working together with the private and public sectors in this regard. “We are also encouraging day”, the Prime Minister said. He exhorted the professionals and startups”, he added. children of the next generation to not stop until Reflecting on the progress made over the last India becomes truly clean. decade, the Prime Minister remarked, “We have Marking the success of 10 years journey of achieved much in these ten years of Swachh Bharat, Swachh Bharat Mission, Hon’ble PM launched but our mission is not yet complete.",107,en,jal_jeevan_mission_water,government_document,2026-05-07,"[2, 8]",2,,high,"text discusses water and sanitation, and employment in rural areas"
ae2fdbcf,"True change a video to showcase the achievements and happens when every citizen embraces cleanliness as their duty and responsibility.” Prime Minister Modi reaffirmed the government’s unwavering commitment to the Swachh Bharat Mission and called for the continued participation of every citizen to achieve a cleaner India. He said that the “mission of cleanliness is not a one-day ritual but a lifelong ritual and must be brought forward from generation to generation. Cleanliness should be an instinct of every citizen and it should be done every During the programme, the Hon’ble Prime Minister laid the foundation stone for several projects and inauguration of significant sanitation and waste management projects aimed at further advancing India’s cleanliness ANNUAL REPORT 2024-25 27 • 15 GOBARdhan CBG Plant Projects Energy, GoI.",127,en,jal_jeevan_mission_water,government_document,2026-05-07,"[6, 8]",6,,high,text discusses water and sanitation projects
35a0eab1,"This underscores the worth `1,332 crore, focused on government’s commitment in steering converting waste into energy, were GOBARdhan through a “Whole of inaugurated/laid foundation stone Government” approach. was laid by the Hon’ble Prime • 109 Projects under AMRUT and Minister. Notably, the 6 inaugurated AMRUT 2.0, valued at `6825 crore, CBG plants have been established by were launched to strengthen urban the Oil & Gas Marketing Companies water and sewage systems.",71,en,jal_jeevan_mission_water,government_document,2026-05-07,"[2, 8]",2,,high,"text discusses water and sewage systems, indicating Zero Hunger and Decent Work & Economy"
06832aef,"(OGMCs) under the aegis of Ministry • The National Mission for Clean Ganga of Petroleum & Natural Gas while (NMCG) unveiled 10 new projects 4 of them are also recipients of the worth `1555 crore, designed to enhance Central Financial assistance scheme water quality and waste management of the National Bioenergy Programme of the Ministry of New & Renewable As we enter the last year, Swachh Bharat new and innovative ways to ensure sanitation Mission’s quest for complete cleanliness remains and cleanliness, it is important to remember, that strong. The participation of the citizens remains this can only be achieved so long as sanitation of paramount importance as each aspect of SBM remains everyone’s business. Phase II begins from home.",120,en,jal_jeevan_mission_water,government_document,2026-05-07,"[6, 8]",6,,high,text discusses water quality and sanitation
2f5e25cf,"As the country finds 28 Department of Drinking Water & Sanitation 2.5. Inter Ministry and Inter-sector With the enthusiastic involvement of all collaboration stakeholders Swachhata Pakhwada campaign has gone many miles ahead of symbolism and 2.5.1 Swachhata Pakhwada has entered the actual impactful activities since its beginning. The Swachhata Pakhwada is being The institution of Swachhata Pakhwada began monitored through an online dedicated portal. This initiative was inspired by the hon’ble Prime Minister, vision to engage all The objectives/PM Guidance on Swachhata Union Ministries and Departments in Swachhata related activities. Swachhata Pakhwada has 1. Keeping the Swachh Bharat Mission become an integral part of the Union Ministries momentum continuing throughout the calendar with dedicated 15 days exclusively for Swachhata related activities.",121,en,jal_jeevan_mission_water,government_document,2026-05-07,"[6, 8]",6,,high,text discusses drinking water and sanitation
9de0fc97,"Integrating Swachhata activities with make it as Everyone’s business in its true form. Ministry’s regular programs Calendar Year 2023 was the 8th consecutive 3. Innovative, substantial, and sustainable year of Swachhata Pakhwada. Ministries initiatives: Going beyond symbolism and Departments have engaged them with innovative Swachhata campaigns and events to disseminate constant effort for Swachhata. ANNUAL REPORT 2024-25 29 2.5.2 Swachhata Action Plan (SAP) Under the SAP, Ministries and Departments are implementing Swachhata related activities Swachhata Action Plan (SAP) is one among the in a significant manner with appropriate vision of Hon’ble Prime Minister to mainstream budget provisions. SAP is an Inter-Ministerial Swachhata related activities within the non- collaborative approach and has brought all Sanitation Ministries and Department.",117,en,jal_jeevan_mission_water,government_document,2026-05-07,"[6, 8]",6,,high,text discusses water sanitation and farm labour costs
db27b1ed,"SAP Ministries and Departments under one umbrella was formally launched on 1st April 2017 with for Clean India. Ministries and Departments the active participation of 72 Union Ministries have shown innovativeness, commitment, and and Departments of Government of India. engagement by allocating budget for Swachhata 30 Department of Drinking Water & Sanitation related activities in their existing and new country are to be taken for a special clean- up schemes/Programmes. Physical and Financial campaign as Swachh Iconic Places (SIP). In four progress of Ministries and Departments phases, 39 Iconic Places have been selected as of under SAP is constantly monitored and now and out of these 39 sites total 29 sites have reviewed through a customized portal (www. been mapped with PSU partners. The SIP was swachhataactionplan.gov.in) at DDWS level.",130,en,jal_jeevan_mission_water,government_document,2026-05-07,"[6, 8]",6,,high,text discusses drinking water and sanitation
8aaf2e12,"launched with the vision of Clean India at the D/o Economic Affairs, M/o Finance has created cultural heritage Sites with high footfalls. a new budget head No. “96” for the purpose of The objective of SIP is to achieve a distinctly booking and monitoring the expenditure related higher level of Sanitation/Cleanliness at these places, especially on the peripheries and in In this FY-2023-24, 50 Ministries and approach areas. This project is being coordinated Departments have allocated a total Rs. by D/o Drinking Water and Sanitation, M/o Jal 31774.60 Lakh. and utilized 14993.71 lakh.",93,en,jal_jeevan_mission_water,government_document,2026-05-07,"[6, 8]",6,,high,text discusses water and sanitation infrastructure
a1affb8d,"Shakti in collaboration with Union Ministries SAP has seen a multi-dimensional range of M/o Housing and Urban Affairs, M/o Tourism, activities including adopting villages, support M/o Culture, State/UT Govt., Municipal and for sanitation infrastructure, Installation and local agencies with support from leading Public Operationalization of Bio gas plant, Installation Sector Undertakings and Private Companies of vermi-compost unit, and Sewage Treatment plant, school sanitation, better sanitation in hospitals, support for Iconic Places and Clean During the meeting Joint Secretary & Mission Railway Stations etc. Director, SBMG, DDWS, Ministry of Jal Shakti gave an overview about the Vision, Objectives, 2.5.3 Swachh Iconic Places Defining Iconic Places and Key Stakeholders.",107,en,jal_jeevan_mission_water,government_document,2026-05-07,"[6, 8]",6,,high,text discusses sanitation and water infrastructure
5bc220fb,"Under the Swachh Bharat Mission 100 iconic Site selection and monitoring process was also heritage, spiritual and cultural places in the explained during the meeting. ANNUAL REPORT 2024-25 31 2.5.4 Namami Gange • 3,766 Ganga villages have been ODF Plus. In Jharkhand and Uttarakhand, Namami Gange is the umbrella programme Uttar Pradesh has all Ganga Villages coordinated by the Department of Water declared as ODF Plus. 3,361 Ganga Resources, River Development & Ganga Grams have been ODF Plus Model and Rejuvenation (DoWR, RD &GR), Ministry of Jal 2,414 have verified ODF plus Model Shakti that involves multiple Ministries.",98,en,jal_jeevan_mission_water,government_document,2026-05-07,"[6, 8]",6,,high,text discusses drinking water and sanitation
7bb5fbdb,"Under Namami Gange, the assigned responsibilities of the DDWS, Ministry of Jal Shakti are: (iii) Plastic Ban in Ganga Bank Villages • To prioritize initiatives in establishing • Uttar Pradesh and Uttarakhand: State (ODF gram panchayats along the banks Governments have issued executive of the River Ganga in convergence with orders on plastic ban especially in the the efforts of the DoWR, RD & GR. GPs on the banks of Ganga River. • To the extent possible may take up • West Bengal: State Government has programme in rural areas for solid Issued Notification on SWM and and liquid waste management in Plastic Ban. development of model villages/Ganga • Jharkhand: State Government has grams in convergence with the efforts Issued Notification on Plastic Ban.",124,en,jal_jeevan_mission_water,government_document,2026-05-07,"[6, 8]",6,,high,text discusses water management and sanitation
ce782d15,"• Bihar, Jharkhand and West Bengal have initiated the process to issue • All the Villages/Districts/States, an executive order on Plastic Ban in including the Villages/Districts Ganga Bank GPs Separately. of Ganga Gram States declared (iv) DDWS Interventions in making Ganga themselves ODF on 2.10.2019. • Having achieved the outcome of the • Capacity building through training ODF, Phase II of SBM(G) is under and creation of resource pool implementation from 2020-21 to 2024- for community mobilisation and 25, with the focus on ODF sustainability behaviour change in the 53 districts. The goal is to make all the villages ODF Plus.",101,en,jal_jeevan_mission_water,government_document,2026-05-07,"[6, 8]",6,,high,text discusses water and sanitation
4a77c205,"Mahatma Gandhi National Rural Employment Guarantee Act A Catalyst for Rural Transformation Sonalde Desai, Prem Vashishtha and Omkar Joshi Mahatma Gandhi National Rural Employment Guarantee Act A Catalyst for Rural Transformation Sonalde Desai, Prem Vashishtha and Omkar Joshi Desai, Sonalde, Prem Vashishtha and Omkar Joshi. Mahatma Gandhi National Rural Employment Guarantee Act: A Catalyst for Rural Transformation. New Delhi: National Council of Applied Economic Research. NCAER encourages the dissemination of its work and will normally grant permission to repro- duce portions of the work promptly. For permission to photocopy or reprint any part of this work, please send a request with complete information to the publisher below.",107,en,mgnrega_rural_employment,government_document,2026-05-07,"[2, 8]",2,,high,text discusses crop yield and farm labour costs
f6edc0c5,"National Council of Applied Economic Research (NCAER) Parisila Bhawan, 11, Indraprastha Estate Email: secretary@ncaer.org This report and the analysis of the data were prepared with a grant from the Poorest Areas Civil Society (PACS) programme—an initiative of the UK government’s Department for International Photos by Ahvayita Pillai NCAER 15-01 0819.indd 2 8/19/15 3:24 PM India has initiated massive economic survey, periodically interviewing the development and safety net pro- same households. Conducted in 2004– grammes over the past two decades. It 05 and 2011–12 (with earlier partial data has, for example, moved from universal available for 1993–94), the IHDS is a col- food subsidies to targeted food subsi- laboration between the National Coun- dies and back again to a near-universal cil of Applied Economic Research and programme.",126,en,mgnrega_rural_employment,government_document,2026-05-07,"[2, 8]",2,,high,text discusses crop yield and farm labour costs
7a16df10,"Some programmes have the University of Maryland. The data been able to target beneficiaries more are released to the scientific community easily, for example conditional cash through the Interuniversity Consortium transfers for hospital delivery. And oth- for Political and Social Science Research ers have been ambitious in their design, ( scale and reach, as for example the rural The IHDS fills two unique needs. safety net provided by the Mahatma First, as a data collection exercise by Gandhi National Rural Employment India’s largest and oldest independent Guarantee Act ( MGNREGA), a nation- think tank, it allows independent and wide rural public works programme that unbiased policy research, particularly costs India about 1 percent of GDP and for evaluation purposes.",119,en,mgnrega_rural_employment,government_document,2026-05-07,"[2, 8]",2,,high,text discusses crop yield and farm labour costs
3fe1149d,"Second, as an works on the principle of self-selection ongoing activity encompassing data on (workers have access to 100 days of topics as diverse as livelihoods, health public employment a year when they and education, it can help evaluate choose). many different programmes. The high when such programmes are initi- data quality and the breadth of top- ated, there is often tremendous politi- ics the IHDS covers have already led to cal pressure for a quick rollout, and only its use by more than 4,000 academics over time is the need for evaluations worldwide.",94,en,mgnrega_rural_employment,government_document,2026-05-07,"[2, 8]",2,,high,text discusses education and employment
3adcfa6a,"But by then evaluations can be dif- The availability of the IHDS is fortu- ficult since for comparison purposes the itous for evaluating programmes like data collection for evaluation should MGNREGA, which affect many aspects ideally start before the programme of household well-being. The first IHDS starts. In such situations, household was conducted in 2004–05, just be- surveys can tell us how beneficiaries fore MGNREGA was started. The sec- have responded and whether the pro- ond was in 2011–12, after MGNREGA gramme has had its intended effect. had been extended to all rural districts. Household surveys by the National Thus, it offers a unique opportunity for Council of Applied Economic Re- programme evaluation. search have been filling this need since This research report addresses such NCAER’s inception in 1956.",129,en,mgnrega_rural_employment,government_document,2026-05-07,"[2, 8]",2,,high,text discusses crop yield and farm labour costs
f138f824,"The India challenging questions as who partici- Human Development Survey (IHDS), the pates in MGNREGA and whether it pro- basis for this report on MGNREGA, is vides the income protection against particularly useful because it is a panel poverty that it is designed to provide. what is its role in shaping the income the right track and make needed course security and well-being of men, women corrections. NCAER remains committed and children in rural households? How to collecting, providing and analysing is the availability of the programme af- scientific, independent and unbiased fecting the transformation of rural la- data that can help in this process.",105,en,mgnrega_rural_employment,government_document,2026-05-07,"[2, 8]",2,,high,text discusses crop yield and farm labour costs
298f6548,"As India continues its march towards economic prosperity, independent, rig- Shekhar Shah orous assessments of this type will be Director-General increasingly required to ensure that National Council of public policy and programmes stay on Applied Economic Research iv MAHATMA GANDHI NATIONAL RURAL EMPLOYMENT GUARANTEE ACT: A CATALYST FOR RURAL TRANSFORMATION Since 2000 India has experienced rapid an employment guarantee programme economic growth and a sharp decline in requires re-examination. But employment has grown far Research on M GNREGA’s reach, more slowly. And although agriculture functioning and consequences has contributes only 18% to the Indian econ- been hampered by lack of data on the omy, it continues to employ 47% of the rural economy before and after the workers. This large proportion disguises programme’s implementation.",124,en,mgnrega_rural_employment,government_document,2026-05-07,"[2, 8]",2,,high,text discusses crop yield and farm labour costs
bf067575,"Thus, unemployment, as it reflects crowding despite considerable passions for and of workers—particularly women—into against MGNREGA, empirical evidence seasonal or poorly paying work, such as about its efficacy remains limited at collecting forest produce. Most studies either cover a limited The Mahatma Gandhi National geographical area or rely on economet- Rural Employment Guarantee Act ric inferences using poorly suited data. ( MGNREGA) of 2005, which emerged In this report we use data from a sur- in response to this growing dilemma, vey of over 26,000 rural households that provides 100 days of work to any rural were interviewed twice, once in 2004– household that demands it. MGNREGA 05 before MGNREGA’s passage and incites strong passions.",115,en,mgnrega_rural_employment,government_document,2026-05-07,"[2, 8]",2,,high,text discusses crop yield and farm labour costs
946c57cd,"Activists de- again in 2011–12, after the programme manding the right to work see the pro- had been extended nationwide. gramme as a panacea for rural poverty, The India Human Development Sur- particularly if it can reach all sections of vey (IHDS), part of a collaborative pro- rural society. Many economists worry, gramme between the National Council however, about the programme’s in- of Applied Economic Research (NCAER) effectiveness and unintended conse- and University of Maryland, is the only quences, including labour shortages. large panel survey in India to interview This issue has become particularly the same households at two points in relevant in mid-2015. The poor rabi har- time.",109,en,mgnrega_rural_employment,government_document,2026-05-07,"[2, 8]",2,,high,text discusses crop yield and farm labour costs
4f1f1ab0,"Covering all states and union ter- vest of early 2015 may well extend into ritories except for Andaman, Nicobar the kharif season in late 2015. whether and Lakshadweep, it collected data on MGNREGA can alleviate rural distress income, employment and a variety of remains an open question. On the one dimensions of household well-being. hand, it provides a pro-poor mecha- It spanned 1,503 villages and also col- nism to deliver social safety nets with- lected data on village infrastructure, out complicated targeting of benefits. prevalent wages, and MGNREGA im- On the other hand, its potential side plementation. while the sample was na- effects may make it less effective than tionally representative at its inception in direct subsidies in the form of cash 2004–05, about 10% of the rural house- transfers.",130,en,mgnrega_rural_employment,government_document,2026-05-07,"[2, 8]",2,,high,text discusses crop yield and farm labour costs
cda98f17,"And given the rapid eco- holds were lost to follow up—some be- nomic transformation overtaking rural cause they migrated, others because India, the fundamental justification for they were unavailable for interview. However, a 90% recontact rate is consid- but for employers they are a source of ered quite high by international stand- competition for labour. we explore these ards, and the remaining sample com- conflicting perspectives in chapter 4. pares well on a variety of key parameters MGNREGA, by providing work on with other data sources such as the Cen- demand, creates employment opportu- sus and National Sample Surveys. nities during periods when other work MGNREGA, one of the most crea- is not available.",114,en,mgnrega_rural_employment,government_document,2026-05-07,"[2, 8]",2,,high,text discusses crop yield and farm labour costs
3e91d9bc,"And through bank pay- tively designed programmes in India, ments it also generates financial inclu- has a bottom-up, demand-driven struc- sion for non-banked households. Exam- ture with built-in social audits, a process ination of household debt in chapter 5 described in detail in chapter 1. Chap- finds that MGNREGA participation de- ter 2 explores programme participa- creases reliance of rural households on tion among individuals, households and moneylenders who charge usurious in- communities and suggests that although terest rates and improves these house- the programme is open to all interested holds’ ability to obtain formal credit. households, its structure makes it more MGNREGA also seems to be associated attractive to the poor than to the rich.",116,en,mgnrega_rural_employment,government_document,2026-05-07,"[2, 8]",2,,high,text discusses poverty alleviation and employment
7d5db999,"with lower child labour and better edu- Despite this pro-poor bent, MGNREGA cation outcomes for children. appeals to all sections of rural society MGNREGA offers equal wages to except for the richest fifth. MGNREGA men and women. women’s employ- seems to fail, however, in its geographic ment in MGNREGA is high, and for reach, with some states far more likely nearly half the women participants the to provide work under the programme programme provides the first oppor- than others. Local political economies tunity to earn cash income. Chapter 5 also affect programme implementation, also explores gender consequences creating tremendous variation between of MGNREGA participation and finds villages within the same state.",111,en,mgnrega_rural_employment,government_document,2026-05-07,"[4, 8]",8,,high,text discusses employment and wages
1ecaefff,"a substantial increase in women’s con- Although only 25% of the households trol over resources and improvement in in our sample participate in M GNREGA women’s ability to make independent and half of these earn less than ₹4,000 decisions about their health. a year, the programme provides an im- Despite its many positive out- portant source of income for the partic- comes, the programme remains lim- ipants, lifting many of them out of pov- ited in its reach. Although the poor are erty. Since M GNREGA work substitutes far more likely than the rich to work in for other possible activities, its poverty MGNREGA, nearly 70% of the poor re- reduction potential requires careful anal- main outside its purview. Chapter 6 ex- ysis, a topic we address in chapter 3.",130,en,mgnrega_rural_employment,government_document,2026-05-07,"[2, 8]",2,,high,text discusses poverty reduction and income support
d94245af,"plores this work rationing and argues Chapter 4 examines the transfor- that unless the programme expands its mation of rural labour markets over the reach, its benefits will remain limited. period of MGNREGA implementation. One of the challenges facing Our results show that on the surface, MGNREGA in the coming years is MGNREGA has virtually no impact on likely to be its fundamental philosophy. rural employment patterns since it fails Should M GNREGA simply provide a so- to add to the number of days that indi- cial safety net? Or should it also improve viduals work. But it seems to attract in- productivity by building infrastructure? dividuals who were previously employed Our concluding chapter discusses this in less productive work, thereby raising and other challenges facing M GNREGA.",128,en,mgnrega_rural_employment,government_document,2026-05-07,"[2, 8]",2,,high,text discusses rural employment and farm labour costs
b84df656,"Views on public works programmes differ. For workers, these programmes provide a new opportunity, Sonalde Desai viii MAHATMA GANDHI NATIONAL RURAL EMPLOYMENT GUARANTEE ACT: A CATALYST FOR RURAL TRANSFORMATION This report is an integral part of a survey of high quality, that we might not broader project, India Human Devel- be able to reinterview the same house- opment Survey (IHDS), and the result holds and that our energy and funding of a 12-year collaboration between the would fail us between the two rounds of National Council of Applied Economic the survey. And hope that we were cre- Research (NCAER) and the University of ating a public resource that will bring its Maryland. This project began in a desire own reward.",120,en,mgnrega_rural_employment,government_document,2026-05-07,"[2, 8]",2,,high,text discusses crop yield and farm labour costs
0ac2d8bf,"to bear witness to the transformation Our fears were overblown; our hopes of Indian society by collecting ground- were exceeded beyond our imagina- level data. when the project began in tion. The IHDS today is a premier pub- 2003, we did not anticipate the nature lic resource being used by over 4,000 and magnitude of social, economic and users in academia, government and pri- policy changes India would undergo. vate sector worldwide. we expect that And yet even today, it feels as if this its use will only grow with the 2011–12 transformation has only just begun, and data just entering the public domain. we are poised to catch a wave whose we have been fortunate in our col- magnitude is unknown.",122,en,mgnrega_rural_employment,government_document,2026-05-07,"[2, 8]",2,,high,text discusses crop yield and farm labour costs
3071226c,"It is our hope to laborators, advisors, and funders. A document these changes as they affect large number of researchers, staff and the lives of people and to provide data students at both NCAER and University to strengthen intelligent policy design of Maryland have contributed to ensur- through the next decade. ing the quality of the data. Our inter- The IHDS, conducted in 2004–05 viewers and collaborating data collec- and 2011–12, is the only nationwide tion agencies have poured their hearts panel survey in India that covers both and souls into conducting interviews urban and rural households and is with multiple members of each house- spread across the length and breadth hold and making repeat visits to trace of the nation. It began in 2004–05 with the same households.",129,en,mgnrega_rural_employment,government_document,2026-05-07,"[2, 8]",2,,high,"text discusses Zero Hunger (agriculture, crops, farmers) and Decent Work & Economy (employment, wages, MGNREGA, job, livelihood, rural employment)"
7b30b1f1,"Space does not interviews of 41,554 households in 1,503 allow us to name all the researchers, villages and 971 urban blocks. These field investigators, and collaborating households were reinterviewed in agencies but a list is given at the end of 2011–12, including the households that this report. split from the original family but were Here we express particular thanks to still located in the same area, resulting two individuals without whom this en- in a survey of 42,152 households and terprise would not have succeeded: Mr. 204,577 individuals in 2011–12—includ- Surajit Baruah, who coordinated data ing 83% of the original households and entry and checking, and Ms. Deepa S., 2,134 new households. who kept the wheels moving during when we began this project, it was the course of this project.",130,en,mgnrega_rural_employment,government_document,2026-05-07,"[2, 8]",2,,high,text discusses crop yield and farm labour costs
7d7b5155,"we thank our with trepidation and hope: Trepidation home institutions NCAER and the Uni- that we would not manage to conduct a versity of Maryland for encouraging this work. we are particularly thankful to Foundation, while a grant from the NCAER Director-General Shekhar Shah Knowledge Partnership Programme for his constant support. (KPP) of the UK Government, imple- This work has been carried out since mented by IPE Global, provided sup- its inception under the guidance of an port to ensure early dissemination of advisory committee led by Dr. This support is gratefully Sen, chairman of the National Statistical acknowledged.",99,en,mgnrega_rural_employment,government_document,2026-05-07,"[2, 8]",2,,high,text discusses crop yield and farm labour costs
5bc55924,"The advisory com- Most of all we appreciate the grace mittee consists of eminent academics, and hospitality with which our respond- representatives of concerned ministries, ents shared their lives and experiences and members of civil society. we are time and again. In spite of the time bur- grateful for their unstinting support and den these interviews placed on them, constructive advice. their generosity has humbled us. we we received support from various hope that this report and other research ministries and departments of the gov- based on the IHDS data will contribute ernment of India throughout this survey. to public discourse in a way that rewards The erstwhile Planning Commission the faith they placed in us to communi- helped us frame the broad research cate their hopes and fears.",129,en,mgnrega_rural_employment,government_document,2026-05-07,"[2, 8]",2,,high,text discusses crop yield and farm labour costs
dc6ef789,"themes while providing logistical sup- Bruce Ross-Larson and the edito- port. Planning departments in different rial team at Communications Devel- states provided logistical support as opment Incorporated and Mr. we are particularly grateful to Singh Punia at NCAER were extremely the government of Assam for support- helpful in ensuring the quality of this re- ing our survey teams during a period of port. However, the responsibility for any political turmoil. errors of judgment and interpretation we thank our funders for their leap lies with the authors, but the three of us, of faith that the first large panel sur- as Principal Investigators of this project, vey in India was both feasible and de- take the sole responsibility for the qual- sirable. This report was prepared with ity of the data.",130,en,mgnrega_rural_employment,government_document,2026-05-07,"[2, 8]",2,,high,text discusses crop yield and farm labour costs
159a37af,"National Reeve Vanneman Institutes of Health (R01HD041455 and R01HD061048) and The Ford August 2015 x MAHATMA GANDHI NATIONAL RURAL EMPLOYMENT GUARANTEE ACT: A CATALYST FOR RURAL TRANSFORMATION PRI Panchayat Raj Institution PSU Primary sampling unit SAGs State Advisory Groups SAU Social Audit Unit SEGC State Employment Guarantee Council SEGF State Employment Guarantee Fund SET State Employment Team SGRY Sampoorna Gramin Rozgar Yoajana SHGs Self-Help Groups TPDS Targeted Public Distribution System xii MAHATMA GANDHI NATIONAL RURAL EMPLOYMENT GUARANTEE ACT: A CATALYST FOR RURAL TRANSFORMATION The Mahatma Gandhi National Rural by the Gram Panchayat, with at least Employment Guarantee Act (2005) aims 60 percent of the expenditure as wages.",107,en,mgnrega_rural_employment,government_document,2026-05-07,"[2, 8]",2,,high,text discusses crop yield and farm labour costs
8055f814,"to enhance livelihood security for all All workers must be allocated work adults willing to perform unskilled man- within five kilometers of their residences. ual labour in rural areas. Any household For those who must travel farther, a 10% is entitled to 100 days of employment in wage increment is provided to cover a financial year at a minimum daily wage transportation costs. If too few work- rate. work can be split among house- ers demand work within a given Gram hold members, but workers must be at Panchayat, the programme officer at the least 18 years old. block level must ensure that these work- The Act envisages not only an im- ers are accommodated in nearby areas.",118,en,mgnrega_rural_employment,government_document,2026-05-07,"[2, 8]",2,,high,text discusses rural employment and livelihood security
1225fcb7,"mediate livelihood (through employ- Thus, the Gram Panchayat and the pro- ing unskilled labour) but also long-term gramme officer at the block level (re- livelihood opportunities by creating sus- sponding to the intermediate Panchayat) tainable assets in rural areas. This con- have the primary responsibility for imple- tributes to enhancing national resources mentation of the programme. (through water conservation, drought The availability of funds rose about proofing, renovating water bodies, rural 25% between 2008–09 and 2009–10, connectivity and so forth) and further- but fell sharply after 2011–12. Funds use ing sustainable development. after 2010–11 has shown consistent im- MGNREGA’s planning process is provement. But completion of projects unique among India’s government pro- undertaken has not improved.",116,en,mgnrega_rural_employment,government_document,2026-05-07,"[2, 8]",2,,high,text discusses crop yield and farm labour costs
b739c12a,"As a demand-driven, rights- of works completed to total works taken based programme, it begins at the vil- up reached a peak at 51% in 2010–11 lage level. In a public meeting of the and fell sharply thereafter. One rea- village community, the Gram Sabha, son for this dismal performance seems individuals and households register to be the cumulative effect of projects their interest in obtaining work. This in- left incomplete while new projects were formation is consolidated by the low- added to the MGNREGA annual plan.",87,en,mgnrega_rural_employment,government_document,2026-05-07,"[2, 8]",2,,high,text discusses crop yield and farm labour costs
08d9a832,"est-level governance structure, the Improving technical capacity at the Gram Panchayat, which then prepares ground level for project formulation and a list of projects to submit to the inter- implementation will improve infrastruc- mediate Panchayat at the block level to ture creation under MGNREGA. get project sanction. Thus, the initiative for developing projects rests with local The poor are more likely government in response to grassroots to work in M GNREGA Once projects are approved at Before MGNREGA was launched, about the block level, at least 50 percent of 42% of the surveyed rural population MGNREGA works must be implemented was below the poverty line.",105,en,mgnrega_rural_employment,government_document,2026-05-07,"[2, 8]",2,,high,text discusses Zero Hunger and Decent Work & Economy
756b7e65,"Among the rural poor, 30% of households partici- states with a stronger programme, 60% pate in M GNREGA, compared with 21% of poor households participate, while of the non-poor. Among the house- in low-prevalence states barely 11% of holds in the top consumption quintile, poor households participate. Improv- only 10% participate. ing state-level implementation could These figures suggest that thus have a tremendous impact on the MGNREGA is far more likely to attract ability of poor households to obtain the poor than the non-poor. M GNREGA MGNREGA work. is also more likely to attract workers with lower education levels who cannot Understanding vulnerability find other work.",106,en,mgnrega_rural_employment,government_document,2026-05-07,"[2, 8]",2,,high,text discusses Zero Hunger and Decent Work & Economy
07a6c420,"Among households in which no adult is literate, about 30% of MGNREGA’s success depends on the households participate in MGNREGA, participation of the rural poor. But compared with only 13% in households to what extent do vulnerable house- in which at least one adult is a college holds participate in MGNREGA? MGNREGA discriminate against some MGNREGA is also important to the vulnerable and poor? How significant is non-poor: Three-fourths of MGNREGA MGNREGA income to participating vul- participating households are not poor. nerable and poor households? For these households, MGNREGA pro- Of rural households, 20.6% were vides an important source of income vulnerable or poor in 2011–12, of which during lean seasons or emergencies. 31% participated in MGNREGA.",117,en,mgnrega_rural_employment,government_document,2026-05-07,"[2, 8]",2,,high,text discusses Zero Hunger and Decent Work & Economy
f23759ff,"Since Unfortunately, 70% of the poor are not MGNREGA coverage of rural house- able to find work in MGNREGA, mostly holds was barely 24.4% in 2011–12, poor due to poor programme implementa- or vulnerable participants constitute no tion and work rationing. more than 6% of rural households. Still, The poor and the socially vulnerable MGNREGA’s 6% share of the rural poor (agricultural wage labourers, adivasis, means the poor represent nearly a quar- dalits and other backward classes and ter (24%) of its share of all rural house- landless, marginal and small farmers) holds. Although both vulnerable and have dominated MGNREGA participa- non-vulnerable households participate tion. And MGNREGA was instrumen- in MGNREGA, the proportion of vulner- tal in reducing poverty among these able households is greater among par- groups.",128,en,mgnrega_rural_employment,government_document,2026-05-07,"[2, 8]",2,,high,"text discusses poverty, agricultural wage labourers and farm labour costs"
3465bbd5,"The programme reduced pov- ticipants than among nonparticipants. erty overall by up to 32% and prevented 14 million people from falling into pov- MGNREGA in a changing erty. M GNREGA has had greater impact rural labour market in less developed areas, but low partic- ipation seems to constrain its potential while farming remains at the core of to alleviate poverty, especially in the rural Indian life, increasingly greater least developed areas and among so- proportions of men and women par- cially vulnerable groups. ticipate in non-farm work. The propor- why do the remaining 70% of the tion of men aged 15–59 working solely poor not participate in MGNREGA? in agriculture fell from 41% in 2004– One major explanation is that work is 05 to 31% in 2011–12.",127,en,mgnrega_rural_employment,government_document,2026-05-07,"[2, 8]",2,,high,text discusses crop yield and farm labour costs
e03b5e0f,"The decline for not easily available. More than 70% of women was smaller, from 40% to 35%. rural households in IHDS claim that they Many men and women combine farm did not participate in MGNREGA be- work with non-farm labour, even with- cause not enough work was available. Only 13% of rural men 2 MAHATMA GANDHI NATIONAL RURAL EMPLOYMENT GUARANTEE ACT: A CATALYST FOR RURAL TRANSFORMATION and 10% of rural women ages 15–59 the proportion of rural households work in MGNREGA. Average number relying on moneylenders fell from of days worked in MGNREGA is less 39% to 22% of households that took than four days at the population level.",109,en,mgnrega_rural_employment,government_document,2026-05-07,"[2, 8]",2,,high,text discusses crop yield and farm labour costs
8a77c805,out a loan; borrowing from money- Thus MGNREGA is a very small part of lenders in even low-intensity villages the rural labour market. About 45% of fell from 31% to 18%. female MGNREGA workers were either • Nonparticipating households in vil- not working or worked only on a fam- lages where neighbours participate ily farm in 2004–05. This suggests that saw the percentage of borrowing MGNREGA may well be the first oppor- from moneylenders fall from 38% to tunity many women have to earn cash 21%. Greater financial inclusion asso- income.,91,en,mgnrega_rural_employment,government_document,2026-05-07,"[2, 8]",2,,high,text discusses crop yield and farm labour costs
80adef4c,"ciated with MGNREGA programme Rural wages rose sharply between expansion may reduce the profits 2004–05 and 2011–12, but the increase and incentives for moneylenders has been greater at the top of the wage to continue to lend, reducing bor- distribution than at the bottom. Men’s rowing for participants and non- daily wages for agricultural work grew participants alike. by 50% between 2004–05 and 2011– • MGNREGA participants are most 12, those for women by 47%. Although likely to benefit, with those bor- growth in rural wages is somewhat rowing from moneylenders declin- higher in states with a higher level of ing from 48% to 27%.",105,en,mgnrega_rural_employment,government_document,2026-05-07,"[2, 8]",2,,high,text discusses crop yield and farm labour costs
6b742d2c,"The differ- MGNREGA participation, wage growth ence-in-difference—measuring the is spread throughout the country, and improvement among MGNREGA on the whole MGNREGA plays only a participants over their neighbours modest role in wage increases. from the same village who do not participate in MGNREGA—is as Reliance on moneylenders declining great as four percentage points. The ability to obtain work in emergencies Villages and households that partici- or in periods of great need seems to pate in MGNREGA started with a high reduce reliance on moneylenders. degree of reliance on moneylenders Substantial individual and social ef- for loans, and their use of moneylend- fects on patterns of borrowing from ers has fallen sharply.",111,en,mgnrega_rural_employment,government_document,2026-05-07,"[2, 8]",2,,high,text discusses crop yield and farm labour costs
c0aad856,"whereas 48% moneylenders result in a large total ef- of MGNREGA participants who had fect, reducing reliance on moneylend- obtained loans in the previous five years ers among MGNREGA households by borrowed from moneylenders in 2004– nine percentage points over low-inten- 05, only 27% did so in 2011–12. Borrow- sity villages. ing from moneylenders is typically a last This decline in “bad” borrowing is resort since their usurious rates—often accompanied by a rise in “good” bor- as high as 10% a month—make this an rowing from such sources as banks, extremely expensive form of credit, typ- credit societies and self-help groups. ically used only by poor households while formal credit rose for all house- who cannot qualify for formal credit.",120,en,mgnrega_rural_employment,government_document,2026-05-07,"[2, 8]",2,,high,text discusses Zero Hunger and Decent Work & Economy
4925ad85,"holds, the increase was particularly strik- This sharp reduction in borrowing ing for MGNREGA participants—from from moneylenders is due to several 24% to 34%, or nearly a 50% increase. factors: MGNREGA’s focus on direct payment • Overall financial inclusion has risen. to participants through formal sources Regardless of MGNREGA participa- may account for this. Once MGNREGA tion, between 2004–05 and 2011–12 workers open a bank account and learn to navigate formal banking systems, children attend school at some point they may more readily obtain formal in their lives. One of the most hopeful credit. indicators is the shrinking gaps in enrol- This transformation is also reflected ment by income, caste, religion and in the interest rates paid by house- gender. MGNREGA may have played holds.",125,en,mgnrega_rural_employment,government_document,2026-05-07,"[2, 8]",2,,high,text discusses crop yield and farm labour costs
2ffa25f5,"Average annual interest rates a role in closing these gaps. Children paid by borrowers in low-intensity vil- from MGNREGA households are more lages fell from 30% to 26% a year. This likely to attain higher education levels decline may stem from the striking and have improved learning outcomes credit expansion in rural India. But the than their peers from non- MGNREGA interest rate in MGNREGA villages for households. Other studies have con- both participants and nonparticipating firmed these results. neighbours fell even more. This decline Given the poverty of MGNREGA relates directly to a shift from high- households, it is not surprising that 6- to interest loans from moneylenders for all 14-year-old children from these house- households and a shift towards formal holds completed fewer classes—about credit for MGNREGA households.",130,en,mgnrega_rural_employment,government_document,2026-05-07,"[4, 8]",4,,high,text discusses education levels and employment
8603ef4a,"0.4 years of education fewer—than chil- As the credit climate improved for dren from low-participation villages, rural households, the proportion of and about 0.14 classes fewer than chil- households taking out loans also rose. dren from nonparticipant households in Some studies with small samples have MGNREGA villages before MGNREGA found that MGNREGA participation re- implementation. with rising enrol- duces debt burden. But IHDS instead ments, education levels for children in finds a slightly positive relationship be- all three groups grew between 2004–05 tween MGNREGA participation and a and 2011–12, but the MGNREGA house- household’s propensity to borrow.",97,en,mgnrega_rural_employment,government_document,2026-05-07,"[2, 8]",2,,high,text discusses Zero Hunger and Decent Work & Economy
716d5bc6,"The holds overshot nonparticipants within proportion of households that took out the same village and almost caught up any loan over the five years preceding with the children from low-participation the survey rose from 45% in 2004–05 to villages. 52% in 2011–12 in low-intensity villages what accounts for these im- but rose even faster, from 56% to 69%, provements in education outcomes? for MGNREGA households. MGNREGA income might be used for This growth in formal borrowing re- buying books or getting private tuition duces the amount of high-interest bor- for children, thereby improving their rowing that creates a long-term debt skills. But education expenditures, en- cycle. MGNREGA diminishes reliance rolment in private schools and access on bad debt and increases financial to private tutoring seem not to benefit inclusion.",129,en,mgnrega_rural_employment,government_document,2026-05-07,"[4, 8]",4,,high,text discusses education and employment
82173b8d,"And in the two years since from MGNREGA participation. while 2011–12, electronic payments into re- financial investments in children’s edu- cipients’ bank accounts have become cation have risen in MGNREGA house- the norm. So we expect to see an even holds, they have risen even more for greater expansion of formal credit nonparticipating families. among MGNREGA participants. In 2004–05, children from MGNREGA households spent on av- Children’s education improves erage four hours less a week in edu- cational activities than those in low-in- Rising school enrolment rates are one tensity villages and one hour less than of the greatest achievements of mod- their nonparticipating neighbours. By ern Indian society. Today almost all 2011–12, they had caught up.",117,en,mgnrega_rural_employment,government_document,2026-05-07,"[4, 8]",4,,high,text discusses education and employment
48619a17,"Perhaps 4 MAHATMA GANDHI NATIONAL RURAL EMPLOYMENT GUARANTEE ACT: A CATALYST FOR RURAL TRANSFORMATION MGNREGA helps reduce child labour, 80% in female participant households, thereby improving education out- whereas for all other households it rose comes. Although child labour is difficult by barely 10 percentage points. In 2011– to measure and available statistics show 12, women from households in which only a very small percentage of children women worked in MGNREGA were the participating in wage work, for children most likely to feel free to visit a health employed in these activities it presents centre alone. a substantial time burden. About six How do we explain these empow- percent of children ages 11–14 years ering effects of MGNREGA participa- were engaged in wage work in 2004–05 tion for women?",129,en,mgnrega_rural_employment,government_document,2026-05-07,"[2, 8]",2,,high,text discusses child labour and education
0e320b11,"Many of the female among M GNREGA households, but this MGNREGA participants were either proportion dropped to four percent in not employed in 2004–05 or employed 2011–12, while the proportion in the la- only on a family farm or in a family busi- bour force among nonparticipants held ness. MGNREGA provided them with steady at 2–3%. a unique opportunity to earn cash in- come, which was instrumental in em- MGNREGA participation powering them. MGNREGA’s impact limited For nearly 45% of the women workers by work rationing in MGNREGA, this may be their first cash earning activity. A vast quantity of Despite MGNREGA’s universal nature, Indian and international literature has not all interested households can get identified access to paid work as a key the full 100 days of work.",129,en,mgnrega_rural_employment,government_document,2026-05-07,"[2, 8]",2,,high,text discusses crop yield and farm labour costs
50cdbf16,"This phe- determinant of a rise in women’s bar- nomenon is called work rationing and gaining power within the household. occurs at different stages of the pro- Qualitative studies of women workers cess, including getting a job card, get- in MGNREGA note significant enhance- ting any work at all and getting the full ment in their self-esteem, power entitlement. Increasing participation, within the household and control over particularly in states with poor imple- resources. mentation, is required if MGNREGA is • In 2004–05 about 79% of women to achieve its full potential. from female participant households while a quarter of rural households had cash on hand.",106,en,mgnrega_rural_employment,government_document,2026-05-07,"[2, 8]",2,,high,text discusses Zero Hunger and Decent Work & Economy
8a7c88d7,"But by 2011–12 participate in the programme, nearly their access to cash had gone up to 60% of them would like to work more 93%, the highest in the four groups. days but are unable to find work. Of • Only nine percent of the women in the households that did not participate, this group had a bank account in 19% would have liked to participate but 2004–05. This proportion had risen could not find work. This widespread to 49% by 2011–12, far outstripping direct rationing affects all sections all other groups, among whom less of society—about 29% of all rural than 30% have a bank account. Given households—but is particularly perva- the emphasis of the programme on sive in some regions.",122,en,mgnrega_rural_employment,government_document,2026-05-07,"[2, 8]",2,,high,text discusses Zero Hunger and Decent Work & Economy
546b4b6d,"making direct bank payments, this is The rationing rate for days of work not surprising. But it also reflects a is high for all households but particu- tremendous increase in women’s fi- larly high for the poorest. In the lowest nancial inclusion. income quintile (2011–12 income), 92% The growth in women’s ability to of households experience rationing of freely seek health care rose from 66% to days of work, whereas only 88% of the highest income quintile do so.",79,en,mgnrega_rural_employment,government_document,2026-05-07,"[2, 8]",2,,high,text discusses Zero Hunger and Decent Work & Economy
61e439c2,"Among Will need to monitor M GNREGA’s interested households (those that ap- long-term impact plied for a job card and do not express lack of interest in MGNREGA work), Beyond the individuals that participate households in the lowest income quin- in the programme, MGNREGA affects tile worked only 23 days a year when the whole community. we have identi- they worked in MGNREGA, while those fied some of its impacts in this report, in the highest income quintile worked such as improvements in financial inclu- for 29 days. But much of this differ- sion and its effect on the use of mon- ence is due to the poor performance eylenders by both participating and of states like Bihar and Odisha, where nonparticipating households. Increased many poor people live.",128,en,mgnrega_rural_employment,government_document,2026-05-07,"[2, 8]",2,,high,text discusses crop yield and farm labour costs
e909004f,"This inequality is wage employment of women may bring somewhat moderated at the population with it longer-term changes in wom- level due to pro-poor targeting. while en’s empowerment and public visibility the middle-income quintiles work a few that may affect society as a whole. Most days more than the highest and the importantly, some planned programme lowest, these differences are slight—a changes, particularly investments in few days a year. high-quality infrastructure, may affect farm productivity and further improve incomes. To understand the impact of programme innovations will require longer-term monitoring and before- and-after data for the same villages and 6 MAHATMA GANDHI NATIONAL RURAL EMPLOYMENT GUARANTEE ACT: A CATALYST FOR RURAL TRANSFORMATION Mahatma Gandhi National Rural Employment Guarantee Act and Its Implementation Prem Vashishtha, P.K.",125,en,mgnrega_rural_employment,government_document,2026-05-07,"[2, 8]",2,,high,text discusses crop yield and farm labour costs
865fc684,"Ghosh, Omkar Joshi “The hungry millions ask for one These grassroots demands came as poem—invigorating food. They can- middle-income countries (Argentina, not be given it. And Chile and Mexico) and poor countries they can earn only by the sweat of their (Rwanda and Ethiopia) alike were ex- brow.” perimenting with their own versions of (Mahatma Gandhi, Young India, public works programmes.1 A growing 13th October, 1921, p. 326) economy combined with rising inequal- ity to make it politically desirable to im- Public works programmes are not plement a programme with broad ap- new.",93,en,mgnrega_rural_employment,government_document,2026-05-07,"[2, 8]",2,,high,text discusses Zero Hunger and Decent Work & Economy
a3baa272,"As early as 1870, public works peal, giving rise to the Mahatma Gandhi emerged as a safety net against fam- National Rural Employment Guarantee ines in India.1 with them arose the Act.4 desire to distinguish between pro- tective public works and productive Background and intent public works, since only productive public works were considered appro- The National Rural Employment Guar- priate for financing through borrow- antee Act (NREGA) was passed by ing.2 Since then, India has engaged in the parliament in 2005 and came several public works programmes, par- into force on February 2, 2006. It was ticularly in times of famine. The larg- renamed Mahatma Gandhi National est such experiment, the Maharashtra Rural Employment Guarantee Act Employment Guarantee Scheme (EGS), ( MGNREGA) in October 2009.",126,en,mgnrega_rural_employment,government_document,2026-05-07,"[2, 8]",2,,high,text discusses crop yield and farm labour costs
002e9d2e,"Prior began as a drought relief programme to MGNREGA, several programmes/ in the 1970s but continued as an anti- schemes had been initiated by the poverty programme. The EGS served Government of India for raising the pro- as a model for the advocacy of a rural ductive employment of unemployed employment programme in the early and underemployed rural labourers.5 2000s.",60,en,mgnrega_rural_employment,government_document,2026-05-07,"[2, 8]",2,,high,text discusses crop yield and farm labour costs
7cf7dcb4,"Following the 2000 drought in These programmes could not gener- Rajasthan, a strong people’s move- ate employment for rural labour on a ment emerged with a demand for jobs large enough scale to make a notice- to provide drought relief.3 In a separate able dent in unemployment and pov- but related development, the Supreme erty.6,7 In view of the declining elasticity Court of India also expressed an opin- of employment in agriculture and a rap- ion in response to public interest liti- idly rising rural work force, it became gation linking the right to food to the imperative to create a programme right to work and asked for speedy that would ensure a minimum level of implementation as well as expansion employment to rural unskilled labour- of Sampoorna Gramin Rozgar Yojana ers.",132,en,mgnrega_rural_employment,government_document,2026-05-07,"[2, 8]",2,,high,text discusses crop yield and farm labour costs
603608da,"with this intent, the Government of (Total Rural Employment Scheme), the India enacted the NREGA in 2005 (Box precursor of MGNREGA. 1.1).3,8 CHAPTER 1: MGNREGA AND ITS IMPLEMENTATION 9 Box 1.1 The Mahatma Gandhi National Rural Employment Guarantee Act of 2005 THE NATIONAL RURAL EMPLOYMENT GUARANTEE ACT OF 2005 No. 42 of 2005 [5th September, 2005.] An Act to provide for the enhancement of livelihood security of the households in rural areas of the country by providing at least one hundred days of guaranteed wage employment in every financial year to every household whose adult members volunteer to do unskilled manual work and for matters connected therewith or incidental thereto. Source: See Government of India 2005.",116,en,mgnrega_rural_employment,government_document,2026-05-07,"[2, 8]",2,,high,text discusses crop yield and farm labour costs
0770398e,"Mandate • The manual unskilled job pays the statutory minimum wage, thus help- The Act aims to enhance livelihood ing to stop labour exploitation.11 security for all adults willing to perform • An adult who has not received a job unskilled manual labour in rural areas. within 15 days of applying is entitled Any household is entitled to 100 days of to unemployment allowance. The employment in a financial year at a min- state government bears the fiscal imum wage rate as notified by the state burden for its failure to act on time government. work can be split among (Appendix A1.1).12 household members, but workers must • The programme follows a bot- be at least 18 years old.",119,en,mgnrega_rural_employment,government_document,2026-05-07,"[2, 8]",2,,high,text discusses livelihood security and rural employment
90b72bb0,"The Act takes tom-up approach of planning for a rights-based approach rather than employment creation, with substan- simply offering a market employment tial involvement of Panchayat Raj In- opportunity. The Act has a legal provi- stitutions (PRIs) as stakeholders (Ap- sion for claiming unemployment allow- pendix A1.2).13 ance if a household does not receive • The Act envisages not only imme- work within 15 days of applying for a job. diate livelihood (through employing MGNREGA seeks to achieve inclu- unskilled labour) but also long-term sive growth of rural areas by offering so- livelihood opportunities by creating cial protection and livelihood security. sustainable assets in rural areas.",106,en,mgnrega_rural_employment,government_document,2026-05-07,"[2, 8]",2,,high,text discusses crop yield and farm labour costs
961d46d0,"This This goal is facilitated through dem- aspect contributes to enhancing ocratic empowerment of those at the the national resource base (through bottom of rural society, especially dal- water conservation, drought proof- its, adivasis, and women. ing, renovating water bodies, rural connectivity and so forth) and fur- Highlights thering sustainable development. • Review, monitoring, effective im- MGNREGA has a bottom-up, demand- plementation and social audit are driven structure with the following integral parts of the Act. Strict vigi- features: lance over work progress and quality • MGNREGA legally guarantees em- through monitoring (with wide rep- ployment to any adult in rural areas resentation from different levels) and who is willing to undertake casual social audit brings transparency and manual/unskilled labour.10 This guar- accountability at almost every level.",127,en,mgnrega_rural_employment,government_document,2026-05-07,"[2, 8]",2,,high,text discusses crop yield and farm labour costs
206afca3,antee provides a minimum of 100 Legislation provides for the creation days of work combined for all the of the necessary institutions for this job-seeking adults in a household. systemic programme feature.14 10 MAHATMA GANDHI NATIONAL RURAL EMPLOYMENT GUARANTEE ACT: A CATALYST FOR RURAL TRANSFORMATION • MGNREGA operates like a centrally • Convergence: MGNREGA converges sponsored scheme with certain programmes/schemes with other built-in incentives to states.15 Most of departments and ministries (Appen- the cost (at least 75%) is covered by dix A1.4).,82,en,mgnrega_rural_employment,government_document,2026-05-07,"[2, 8]",2,,high,text discusses crop yield and farm labour costs
1e867a8a,"the central government and a small part by the states (Appendix A1.1).16 Phased implementation In both conceptualization and em- ployment generation, MGNREGA To cover the entire country as efficiently presents a big shift from a typical as possible, MGNREGA was imple- “relief-works mode” to an integrated mented in three stages, beginning in national resource management February 2006 with the 200 most back- (INRM) approach. It focuses on de- ward rural districts in India. In April veloping land and harnessing rain- 2007, 130 more districts were added, water through watershed manage- and the remaining 296 rural districts ment, resulting in sustainable gain in were added in September 2007. farm productivity and livelihood.",111,en,mgnrega_rural_employment,government_document,2026-05-07,"[2, 8]",2,,high,text discusses crop yield and farm labour costs
75fef8e5,"• MGNREGA optimizes resources MGNREGA governance structure by converging its works with other important schemes, thus avoiding MGNREGA’s governance structure pro- waste and inefficient utilisation of fi- vides various institutional bodies and nancial and human resources.17,18 key stakeholders from the village to the • A great merit of MGNREGA is its national level with roles and responsi- dynamic implementation strategy, bilities in planning, implementation and which provides feedback from the monitoring (Table 1.1).20,21 field on strengths and weaknesses in planning, revision and capacity.19 Planning • The central government and the MGNREGA’s planning process is states commit to informing people unique among India’s government pro- through the parliament and state grammes. As a demand-driven, rights- legislatures about M GNREGA status based programme, it begins at the vil- and progress.",128,en,mgnrega_rural_employment,government_document,2026-05-07,"[2, 8]",2,,high,text discusses crop yield and farm labour costs
483c5c5c,"In a public meeting of the village community, the Gram Sabha, Paradigm shift individuals and households interested in obtaining work register their inter- MGNREGA presents a big paradigm est. This information is consolidated by shift in four ways: the lowest-level governance structure, • Rights-based approach: M GNREGA Gram Panchayat, which then prepares a guarantees a minimum level of em- list of projects to submit to the interme- ployment and livelihood security to diate Panchayat at the block level to get households. Thus, the initiative for • Bottom-up approach: Formulation developing projects rests with the local and implementation of development government in response to grassroots plans follow a bottom-up approach demands (Appendix A1.2). at all three PRI tiers.",117,en,mgnrega_rural_employment,government_document,2026-05-07,"[2, 8]",2,,high,text discusses crop yield and farm labour costs
526da1e7,"mented by the Gram Panchayat, with at CHAPTER 1: MGNREGA AND ITS IMPLEMENTATION 11 Governing institution Panchayat Raj Institutions aspect Tier I Tier II Tier III State government Central government Main activity/ GS/GP Intermediate Panchayat/ • District Panchayat State government GoI, MoRD institution block level • DPC/ Deputy Supporting Help from CFTs for • PO DPO • SEGC • CEGC activity/ a cluster of GPs • CFTs • SEGF • NEGF expertise • APO (to ensure its plan is in sync (to check and approve if plan submitted is in (INRM and convergence ac- with MGNREGA provision) sync with M GNREGA provision) tivity to be taken up by CFTs) Main activity/ GP (muster rolls, Intermediate Panchayat District Panchayat State government (provide • MoRD institution registration, job DPC (labour budget) funds for SEGF, GRS, PO, • CEGC (empaneling PIA for state governments, cards) staff for CFTs) support for expertise and for innovation) Supporting • GRS (site PO DPC SEGC • CEGC (to advise MoRD, facilitate dissemination) activity/ management, (social audit unit, CFT) (Project sanction, (to advise state governments • Making rules and guidelines for M GNREGA) expertise execution of ratification and fixation on implementation, • Ensuring convergence with other work) of priority as provided dissemination of information, ministries and departments • Mate (for every by GS; appointing PIAs, achievements/shortcomings • NMT 50 workers) coordination of IEC, entry of M GNREGA) • PAG (measurements, in M GNREGAsoft) • Develop guidelines accounts, • Analyze issues in planning and generating implementation awareness among • Support to state governments in job seekers) implementation • Setting up advisory boards for high Main activity/ Village level: GP Blocks/intermediate District Panchayat SEGC CEGC institution GP level: GS Panchayat (monitor work of • Monitoring system • Establishing a control monitoring system Supporting GP: Preparation of PO (watch and register • DPC (monitor work of • Grievance redress • Review monitoring activity annual report cases of violation of POs, PIAs) • Preparing report on • Preparing annual report for MoRD to be M GNREGA norms) • POs MGNREGA to be presented presented to the parliament • Consolidation of block by the state government to plans the state legislature Note: APO, Assistant Programme Officer; CEGC, Central Employment Guarantee Council; CFT, Cluster Facilitation Team; DPC, District Programme Coordina- tor; DPO, District Project Officer; GoI, Government of India; GRS, Gramin Rozgar Sahayak; GS/GP, Gram Sabha/Gram Panchayat; IEC, Information, Education and Communication; INRM, Integrated National Resource Management; MoRD, Ministry of Rural Development; NEGF, National Employment Guarantee Fund; NMT, National Monitoring Team; PAG, Programme Advisory Group; PIA, Project/Programme Implementing Agencies; PO, Project Officer; SEGC, State Employment Guarantee Council; SEGF, State Employment Guarantee Fund.",438,en,mgnrega_rural_employment,government_document,2026-05-07,"[2, 8]",2,,high,text discusses crop yield and farm labour costs
4c159634,"Source: Authors’ compilation from Ministry of Rural Development 2013b. least 60 percent of the expenditure as and the programme officer at the block wages. All workers must be allocated level (responding to the intermediate work within 5 kilometers of their resi- Panchayat) have the primary responsi- dences. For those who must travel far- bility for implementation. ther, a 10% wage increment is provided to cover transportation costs. If too few Monitoring workers demand work within a given The programme has a variety of monitor- Gram Panchayat, the programme officer ing structures in place, ranging from local at the block level must ensure that civil society institutions that carry out these workers are accommodated in social audits to the district programme nearby areas.",122,en,mgnrega_rural_employment,government_document,2026-05-07,"[2, 8]",2,,high,text discusses crop yield and farm labour costs
275a171f,"Thus, the Gram Panchayat officer, State Employment Guarantee 12 MAHATMA GANDHI NATIONAL RURAL EMPLOYMENT GUARANTEE ACT: A CATALYST FOR RURAL TRANSFORMATION Level/tier of monitoring Agency responsible for monitoring • Village • Gram Panchayat (GP) • Gram Panchayat (also performs social audit) (annual report is prepared by GP) Tier II (Block/intermediate Panchayat) • Works done by GPs and other PIAs • Programme officer (PO) • GPs work for the entire block • Also registers case against those violating MGNREGA Act • Work of POs and PIAs • District Programme Coordinator (DPC) • MGNREGA’s work for the entire block • District Panchayat (also consolidates annual block plans) • Evaluating scheme within state • State Employment Guarantee Council (SEGC) • Monitoring redress mechanism (also prepares annual report to be presented in the state • Suggesting improvements in redress mechanism legislature by the state government) • Establishment of a central evaluation and monitoring system • Central Employment Guarantee Council (CEGC) • Reviewing monitoring and redress mechanism (also prepares annual report to be presented to the • Monitoring implementation of the Act parliament by the central government) Note: PIAs are project/programme implementing agencies.",188,en,mgnrega_rural_employment,government_document,2026-05-07,"[2, 8]",2,,high,text discusses crop yield and farm labour costs
27a25c81,"Source: Ministry of Rural Development 2013b. Council and Central Employment Guar- fell sharply after 2011–12 (Appendix antee Council (Table 1.2). These institu- A1.5). On the other hand, fund utilisa- tions monitor work progress and qual- tion after 2010–11 has shown consistent ity as well as payment. Final information improvement. But physical performance is collated into an annual report to the (completion of projects undertaken) people by the Ministry of Rural Devel- has not improved commensurately. opment (MoRD); detailed village-level The ratio of works completed to total information also is available on a special works taken up reached a peak at 51% programme website.22 in 2010–11 and fell sharply thereafter (Figure 1.1).",111,en,mgnrega_rural_employment,government_document,2026-05-07,"[2, 8]",2,,high,text discusses crop yield and farm labour costs
b7c84803,One reason for this dismal MGNREGA performance performance seems to be the cumula- tive effect of projects left incomplete The chapters that follow exam- while new projects were added to the ine MGNREGA performance from a MGNREGA annual plan. micro perspective by using the house- hold-level data of the India Human Job card and household participation Development Survey (IHDS) rounds I and Adult household members willing to II. This section provides an overview of perform manual unskilled labour can administrative data at the national level. register with Gram Panchayat and receive a job card within 15 days of reg- Financial and physical performance istration.,104,en,mgnrega_rural_employment,government_document,2026-05-07,"[2, 8]",2,,high,text discusses crop yield and farm labour costs
826c2af9,"The next step for a house- The availability of funds rose about 25% hold is to specify the maximum num- between 2008–09 and 2009–10,23 but ber of days along with details of the CHAPTER 1: MGNREGA AND ITS IMPLEMENTATION 13 % of available funds spent % of total works completed 2006–07 2007–08 2008–09 2009–10 2010–11 2011–12 2012–13 2013–14 Source: See Ministry of Rural Development 2012a, 2015. month it would be available for work. smaller northeastern states, except If MGNREGA implementation is per- Assam. The larger states with par- fect, all eligible households that apply ticipation rates at or close to the na- for a job card should receive job cards, tional average are Jharkhand, Kerala, and those who demand work should be Madhya Pradesh and Uttarakhand.",126,en,mgnrega_rural_employment,government_document,2026-05-07,"[2, 8]",2,,high,text discusses crop yield and farm labour costs
47e91ac0,"The larger states with significantly According to MoRD data, higher participation than the national MGNREGA implementation is almost average are Chhattisgarh (62.4%), Hi- perfect up to this stage. All who ap- machal Pradesh (38.5%), Rajasthan plied for a job card received one. Fur- (47.6%), Tamil Nadu (66.6%) and west thermore, 99.9% of households that de- Bengal (39.9%) (Appendix A1.6). manded work were allotted work. These • States with low MGNREGA partici- figures are not supported by large sam- pation fall into two categories, those ple surveys such as National Sample where other opportunities replace Surveys (NSS) (66th round, 2009–10) and demand for MGNREGA and those IHDS-II (2011–12).",107,en,mgnrega_rural_employment,government_document,2026-05-07,"[2, 8]",2,,high,text discusses crop yield and farm labour costs
49731831,"IHDS-II data show that where governance structure is poorly 48% of rural households applied for job developed and hence MGNREGA cards, but only 44% received them, and work is not available. Some of the NSSO data show that only about 81% richer states, such as Gujarat, Maha- of the households that demanded work rashtra and Punjab, may have higher were allotted work.25 market wages, lowering demand for MGNREGA work. Maharashtra, de- Participation rates spite its experience in implementing MoRD data show that the Employment Guarantee Scheme, • Participation varies widely across has a participation rate of 11.4%, far states.",99,en,mgnrega_rural_employment,government_document,2026-05-07,"[2, 8]",2,,high,text discusses rural employment and farm labour costs
ee4d6264,"Some of the smaller states and below the national average.26 Many union territories have much higher poor states also have low partici- participation rates than the 2011–12 pation rates, including states like national average. The same is true of Bihar (10.5%) that have suffered from 14 MAHATMA GANDHI NATIONAL RURAL EMPLOYMENT GUARANTEE ACT: A CATALYST FOR RURAL TRANSFORMATION poor programme implementation Part of the discrepancy between the in many fields. For these states, low administrative statistics and household MGNREGA participation represents survey–based statistics may arise from a lost opportunity to provide em- differences in recording data.",96,en,mgnrega_rural_employment,government_document,2026-05-07,"[2, 8]",2,,high,text discusses crop yield and farm labour costs
51d241db,"when ployment security to the poor.27 two brothers live in the same home, for • According to the official data, over- example, they may ask for two separate all MGNREGA participation has de- job cards. By contrast, NSS and IHDS-II clined over recent years, from 30.0% surveys define a household as individu- in 2011–12 to 27.8% in 2013–14 (Fig- als who reside and eat together. By this ure 1.2) The number of individu- definition, the two brothers in the exam- als who worked in MGNREGA has ple above are part of the same house- fallen from 5.06 crore in 2011–12 to hold or joint family. IHDS-II found that 4.79 crore in 2013–14.",112,en,mgnrega_rural_employment,government_document,2026-05-07,"[2, 8]",2,,high,text discusses crop yield and farm labour costs
54370974,"The number about five percent of the households of days worked for each household have more than one MGNREGA card. fell from a high of 54 days a year in So while IHDS-II records fewer house- 2009–10 to 43 days a year in 2011–12 holds as participating in MGNREGA but has recovered slightly to 46 days (24.4% against 30.0% in administrative a year in 2012–14 (Figure 1.3).28,29,30 data), it also records a greater number of days worked for each household (47 Administrative data overestimate days for a participating household ver- participation rates sus 43 days in administrative data).",98,en,mgnrega_rural_employment,government_document,2026-05-07,"[2, 8]",2,,high,text discusses crop yield and farm labour costs
fbebb8bb,"The corresponding figures from (66th round, 2009–10) and IHDS-II (2011–12) MGNREGA employment and its distribution are 24.2% and 24.4% respectively.25,31 while the NSS and IHDS-II estimates Employment trends are quite close, the MoRD estimate is An area of major concern should be the higher; the NSS 68th-round M GNREGA decline in absolute levels of M GNREGA participation rate may be lower due to employment and also the decline in the the way the questions are phrased.32 number of households benefiting from Participation rate (%) 2011–12 2012–13 2013–14 Source: See Ministry of Rural Development 2012a, 2013a, 2014. CHAPTER 1: MGNREGA AND ITS IMPLEMENTATION 15 Employment days per household 2006–07 2007–08 2008–09 2009–10 2010–11 2011–12 2012–13 2013–14 Source: See Ministry of Rural Development 2010, 2012a, 2013a, 2014.",125,en,mgnrega_rural_employment,government_document,2026-05-07,"[2, 8]",2,,high,text discusses crop yield and farm labour costs
813902b1,"The number of households receiv- protection.34 Action on these guidelines ing employment dropped from 5.26 is still to be observed at the ground crore in FY 2009–10 to only 4.79 crore level, however.35 in 2013–14. The corresponding guar- • Scheduled castes and tribes to- anteed employment levels were 283.59 gether achieved 145.19 crore em- crore and 220.22 crore days, respec- ployment days in 2009–10, which fell tively. Since this decline coincided with to 88.02 crore days in 2013–14, a de- a relatively slow period of growth in the cline of 64% in four years (Figure 1.4 Indian economy, it would be difficult to and Appendix A1.8).30 argue that other employment opportu- • As Box 1.2 documents, MGNREGA nities reduced demand for MGNREGA work is particularly important for work.",128,en,mgnrega_rural_employment,government_document,2026-05-07,"[2, 8]",2,,high,text discusses crop yield and farm labour costs
a4519167,"Employment days for each partic- women who often have fewer op- ipating household reached a peak at 54 portunities for other work than in 2009–10 and declined thereafter to men. Consequently, despite an ab- 46 in 2013–14 (Figure 1.3 and Appendix solute decline in MGNREGA partic- A1.7). ipation, the share of women in total employment has risen (Figure 1.5).33 Employment of vulnerable groups • The drop in total employment and MGNREGA guidelines require states to employment days per household, take special care of vulnerable groups along with the rising share of women (disabled, aged, single women, tribal in total employment, implies a fall- groups and so forth) by organizing them ing share of male employment. Rea- into labour groups to train them to artic- sons for this are not clear.",130,en,mgnrega_rural_employment,government_document,2026-05-07,"[2, 8]",2,,high,"text discusses Zero Hunger (agriculture, farm labour) and Decent Work & Economy (employment, MGNREGA)"
50da5abd,"Perhaps ulate demand for MGNREGA work and women find it easier to participate by keeping open some labour-intensive as the programme becomes familiar. work at all times to provide them with Or, diminishing MGNREGA oppor- work on demand. The guidelines also tunities combined with rising wages require job cards of a distinct colour to and opportunities in nonagricultural help provide these groups with special work, such as construction, may pull 16 MAHATMA GANDHI NATIONAL RURAL EMPLOYMENT GUARANTEE ACT: A CATALYST FOR RURAL TRANSFORMATION Share of MGNREGA employment (%) Scheduled caste/scheduled tribe 2006–07 2007–08 2008–09 2009–10 2010–11 2011–12 2012–13 2013–14 Source: See Ministry of Rural Development 2010, 2012a, 2013a, 2014.",109,en,mgnrega_rural_employment,government_document,2026-05-07,"[2, 8]",2,,high,text discusses crop yield and farm labour costs
0afc88e0,"Box 1.2 M GNREGA as a brick in building a livelihood But last year, no MGNREGA work was executed in the village. She faced a lot of problems running the household, because she did not have any land and other wage work did not provide her a sufficient number of days of employment. But this year work has started up again and she is looking forward to working in MGNREGA, which will also help her to pay back loans taken for her husband’s treatment and after his death. Because MGNREGA work hours are shorter than those in private labour, on MGNREGA work days she also finds some extra time to work on other small jobs and earn Kusum Bai Bunkar, age 44, is a dalit widow from Rajasthan.",128,en,mgnrega_rural_employment,government_document,2026-05-07,"[2, 8]",2,,high,text discusses Zero Hunger and Decent Work & Economy
c53b7ff0,"She married at age 15 and has two sons and one daughter. Her elder son married six years ago and set up his own home, and the younger daughter is married. So Kushum Bai lives with her un- married son, who works sometimes in a tent house where he works as caretaker managing rental of utensils and other items for wedding celebrations. Kusum Bai’s husband was paralysed six years ago and, de- spite treatment, died six months ago. while her husband was alive, she managed household needs by working in MGNREGA and in house construction (Kamatani) and by performing agri- cultural labour. She had some savings, but it was spent within Source: Interviews by IHDS staff. Names and photographs were changed to the first three years of her husband’s illness.",130,en,mgnrega_rural_employment,government_document,2026-05-07,"[2, 8]",2,,high,text discusses agricultural labour and household income
a05bde5a,"protect respondents’ privacy. CHAPTER 1: MGNREGA AND ITS IMPLEMENTATION 17 Share of MGNREGA employment (%) 2006–07 2007–08 2008–09 2009–10 2010–11 2011–12 2012–13 2013–14 Source: Authors’ calculations from Ministry of Rural Development 2010, 2012a, 2013a, 2014. men away from MGNREGA and into Wage-material ratio other activities if they are farther Almost all states except Jammu and away from the village. Kashmir meet the wage–material ratio norm of a minimum 60% of project cost.",72,en,mgnrega_rural_employment,government_document,2026-05-07,"[2, 8]",2,,high,text discusses crop yield and farm labour costs
559f992c,"Days of employment and At the national level, the wage share wage expenditure was more than 72% of the project cost: 72.2% in 2011–12, 76.4% in 2012–13 and Although the average employment 75.6% in 2013–14 (Figure 1.7).36 generated per household is far below the maximum of 100 days per house- Share of administrative cost hold per year, a small proportion of According to MGNREGA guidelines, households is still able to achieve this administrative costs should not exceed target (Figure 1.6). At the national level, 6% of project cost. Most states and no more than 3.5% of households could union territories observe this norm (Fig- get 100 days of employment in 2013–14, ure 1.8).",113,en,mgnrega_rural_employment,government_document,2026-05-07,"[2, 8]",2,,high,text discusses crop yield and farm labour costs
d291ee7b,"Andhra Pradesh is the only 3.2% in 2012–13 and less than 3% (2.83%) large state where administrative costs in 2011–12. The mean level of employ- as part of project costs were as high as ment per household in the past three 10.45% in 2012–13 and 9.37% in 2013– years (2011–12, 2012–13 and 2013–14) 14. In some small union territories, this has been 41 days nationally. Only a few proportion is abnormally high. At the states (Andhra Pradesh, Bihar, Mahar- national level, the administration cost is ashtra and Tamil Nadu) have done bet- less than 5%.30 ter than the national average consist- Based on the summary of M GNREGA ently during the past three years.",114,en,mgnrega_rural_employment,government_document,2026-05-07,"[2, 8]",2,,high,text discusses crop yield and farm labour costs
1311c547,"But performance in Box 1.3, two major con- this does not necessarily indicate bet- cerns with MGNREGA’s performance ter-than-average performance in gen- are: erating employment: Bihar and Maha- • A substantial decline in participa- rashtra rank very low in proportion of tion rate and overall employment households participating in M GNREGA. 18 MAHATMA GANDHI NATIONAL RURAL EMPLOYMENT GUARANTEE ACT: A CATALYST FOR RURAL TRANSFORMATION Proportion of households completing 100 days of work (%) dhra Pra desh Assa m Biha r hhattis garh Gujarat Haryana Hi m d Kash mir Jharkhan d Karnataka K la hya Pra desh Maharashtra O disha Punja b Rajasthan Ta mil Na d u ttar Pra desh Uttarakhan Note: All figures cover up to December of the financial year.",123,en,mgnrega_rural_employment,government_document,2026-05-07,"[2, 8]",2,,high,text discusses crop yield and farm labour costs
17500b53,"Evaluation of Pradhan Mantri Ujjwala Yojana (PMUY) in Six States of India Indian Institute of Technology, Kanpur Respirer Living Sciences Pvt. Principal Investigator Dr. Sachchida Nand Tripathi Professor, Department of Civil Engineering Co-Principal Investigator Respirer Living Sciences Pvt. Implementation Research- Health Systems Strengthening (IR-HSS) Platform National Health Systems Resource Centre cigarette, hookah)?’ in the State of Rajasthan for the classified categories. village?’, in the State of Rajasthan for the classified categories. related health problem’, in the State of Bihar for the classified categories. cooking person been affected post LPG (PMUY)’, in the State of Bihar for the classified categories. illnesses in you or your family members, in comparison to that of other fuel’, in the State of Bihar for the classified categories.",122,en,pm_ujjwala_clean_energy,government_document,2026-05-07,"[2, 8]",2,,high,text discusses health and employment related to LPG subsidies
4f6d667b,"respiratory illnesses among the villagers since using LPG under PMUY ‘, in the State of Bihar for the classified categories. cooking using LPG in comparison to other fuel like kerosene, fuel wood, coconuts, cow dung cakes etc.? ‘, in the State of Bihar for the classified categories. since using LPG?’, in the State of Bihar for the classified categories. LPG connection (PMUY)?’, in the State of Bihar for the classified categories. cooking using LPG in comparison to other fuel like kerosene, fuel wood, coconuts, cow dung cakes etc.?’, in the State of Bihar for the classified categories. since the use of LPG?’, in the State of Bihar for the classified categories. between High outdoor cylinder vs low indoor chulha.",119,en,pm_ujjwala_clean_energy,government_document,2026-05-07,"[7, 8]",7,,high,text discusses clean energy and employment
522e42c6,"industry (Brick kiln, smelters, forging, foundry, fertilizer plant), power plants or expressways?’, in the State of Bihar for the classified categories. /Mosquito coils, Incense sticks, heating elements and other, in the State of Bihar for the classified categories. cigarette, hookah)?’, in the State of Bihar for the classified categories. village?’, in the State of Bihar for the classified categories. related health problem’, in the State of Uttar Pradesh for the classified categories. cooking person been affected post LPG (PMUY)’, in the State of Uttar Pradesh for the classified categories. in the home been affected post LPG (PMUY)’, in the State of Uttar Pradesh for the classified categories. of respiratory illnesses among the villagers since using LPG under PMUY’, in the State of Uttar Pradesh for the classified categories.",128,en,pm_ujjwala_clean_energy,government_document,2026-05-07,"[2, 8]",2,,high,text discusses health impacts of LPG adoption under PMUY
59ce9814,"illnesses in you or your family members, in comparison to that of other fuel like kerosene, fuel wood, coconuts, cow dung cakes etc.?’, in the State of Uttar Pradesh for the classified categories. cooking using LPG in comparison to other fuel like kerosene, fuel wood, coconuts, cow dung cakes etc.?’, in the State of Uttar Pradesh for the classified categories. since using LPG?’, in the State of Uttar Pradesh for the classified categories. since LPG connection (PMUY)?’, in the State of Uttar Pradesh for the classified compared to other fuel?’, in the State of Uttar Pradesh for the classified categories. since the use of LPG?’, in the State of Uttar Pradesh for the classified categories. comparison between High indoor cylinder vs low indoor chulha.",124,en,pm_ujjwala_clean_energy,government_document,2026-05-07,"[7, 8]",7,,high,text discusses clean energy and employment
ac900a7a,"industry (Brick kiln, smelters, forging, foundry, fertilizer plant), power plants or expressways?’, in the State of Uttar Pradesh for the classified categories. /Mosquito coils, Incense sticks, heating elements and other’, in the State of Uttar Pradesh for the classified categories. cigarette, hookah)?’, in the State of Uttar Pradesh for the classified categories. village?’, in the State of Uttar Pradesh for the classified categories. related health problem’, in the State of Jharkhand for the classified categories. cooking person been affected post LPG (PMUY)’, in the State of Jharkhand for the classified categories. in the home been affected post LPG (PMUY)’, in the State of Jharkhand for the classified categories. of respiratory illnesses among the villagers since using LPG under PMUY’, in the State of Jharkhand for the classified categories.",128,en,pm_ujjwala_clean_energy,government_document,2026-05-07,"[2, 8]",2,,high,text discusses health problems related to cooking and LPG usage
7d71d312,"since the use of LPG’, in the State of Jharkhand for the classified categories. doctor for family members experiencing respiratory issues since LPG connections in the last six months’, in the State of Jharkhand for the classified categories. illnesses in you or your family members, in comparison to that of other fuel’, in the State of Jharkhand for the classified categories. between High indoor cylinder vs low indoor chulha. /Mosquito coils, Incense sticks, heating elements and other.’, in the State of Jharkhand for the classified categories. cigarette, hookah)?’, in the State of Jharkhand for the classified categories. village?’, in the State of Jharkhand for the classified categories.",107,en,pm_ujjwala_clean_energy,government_document,2026-05-07,"[7, 8]",7,,high,text discusses clean energy and employment
9a9f7c7c,"related health problem’, in the State of Madhya Pradesh for the classified cooking person been affected post LPG (PMUY)’, in the State of Madhya Pradesh for the classified categories. the home been affected post LPG (PMUY)’, in the State of Madhya Pradesh for the classified categories. of respiratory illnesses among the villagers since using LPG under PMUY’, in the State of Madhya Pradesh for the classified categories. doctor for family members experiencing respiratory issues since LPG connections in the last six months’, in the State of Madhya Pradesh for the classified categories. since the use of LPG’, in the State of Madhya Pradesh for the classified categories.",107,en,pm_ujjwala_clean_energy,government_document,2026-05-07,"[3, 8]",3,,high,text discusses health issues and employment
ceb8a63e,"illnesses in you or your family members, in comparison to that of other fuel’, in the State of Madhya Pradesh for the classified categories. The PI and collaborator gratefully acknowledge the financial support provided by the National Health Systems Resource Centre and the Ministry of Health and Family Welfare (MoHFW), Government of India, to conduct this research. The authors are grateful to the Technical Advisory Group [Dr. Rajani Ved (Former-ED, NHSRC); Dr. Yuvraj (Joint Secretary, NHM, MoHFW); Dr. Neha Dumka (Lead Consultant, KMD, NHSRC), Dr. Poornima Prabhakaran (Head-Environmental Health & Additional Professor, Public Health Foundation of India); Dr. Bratati Banerjee, (Professor, Maulana Azad Medical College); Dr. Sanjay Rai (Centre for Community Medicine, AIIMS); Dr.",114,en,pm_ujjwala_clean_energy,government_document,2026-05-07,"[2, 8]",2,,high,text discusses crop yield and farm labour costs
0de41e87,"Debajit Palit (Rural Energy & Livelihoods Division, TERI)], and the MoHFW for helpful insights throughout the project, especially during the formation of the questionnaire for survey. We thank Maj Gen (Prof) Atul Kotwal, Executive Director, NHSRC and Knowledge Management Division, NHSRC for undertaking the dipstick survey and supporting the evaluation. We are thankful to ED, NHSRC for reviewing the report, providing valuable input and support in finalization of the report. We acknowledge the support from the Ministry of Petroleum and Natural Gas (MoPNG) for sharing the PMUY state and village level data set. The contributions of all project staff and students are gratefully acknowledged.",104,en,pm_ujjwala_clean_energy,government_document,2026-05-07,"[7, 8]",7,,high,text discusses clean energy and employment
2cbb5c57,"The authors also gratefully acknowledge Professor Neeraj Misra, Department of Mathematics & Statistics, IIT Kanpur, who made significant contributions to the statistical analysis done in this project. The project titled, “Evaluation of Pradhan classified based on the primary fuel used Mantri Ujjwala Yojana (PMUY) in 6 states of for cooking. From all the survey responders, India” was executed by IIT Kanpur with the the households using the LPG (Liquified help of Respirer Living Sciences Pvt. Petroleum Gas) as a primary fuel for cooking The project was sponsored by Ministry of were identified based on the responses Health and Family Welfare, Government of received to the survey questions linked to the India with the support of National Health cooking fuel used, accessibility of LPG, and Systems Resource Centre (NHSRC).",128,en,pm_ujjwala_clean_energy,government_document,2026-05-07,"[7, 8]",7,,high,text mentions LPG as a primary fuel for cooking
0c832af9,"The ability to refill LPG cylinder at present and key objectives of this project were to assess in the last six months. Out of 2366 surveyed the health status of PMUY beneficiaries with households, more than 72 %, i.e., 1716 regards to their respiratory health and out households were found to be using LPG as of pocket expenditure on care seeking, air a primary fuel for cooking. More than 40% quality levels inside and near the homes of of the LPG users have reported significant PMUY beneficiaries and any improvement (p<0.05) improvement in the general health in quality of life among the beneficiaries of of the primary cooking person.",109,en,pm_ujjwala_clean_energy,government_document,2026-05-07,"[7, 8]",7,,high,text discusses clean energy and employment
c4778c42,"55% of the surveyed LPG users have reported a lesser number of episodes for A multi-language large-scale survey was the occurrence of the respiratory illnesses in undertaken in 6 States viz., Rajasthan, Bihar, themselves and their family members post- Jharkhand, Uttar Pradesh, Madhya Pradesh, LPG (PMUY) connections. Around 44% and West Bengal. A total of 2366 households of LPG users have reported a significant have been surveyed, as follows, Rajasthan (p<0.05) decrease in respiratory illnesses 401 households, Bihar 409 households, among the villagers using LPG under the Jharkhand 399 households, Uttar Pradesh 405 households, Madhya Pradesh 395 households and West Bengal 357 The infiltration of clean fuel, i.e., LPG through households.",111,en,pm_ujjwala_clean_energy,government_document,2026-05-07,"[7, 8]",7,,high,text discusses clean energy and employment
1b6a1630,"Apart from the survey, PM2.5 PMUY, have increased the LPG users in the data was also collected from the villages villages. Thus, in order to analyse the health with 16 Low-Cost Sensor based Air Quality benefits on the community and surrounding, devices installed in each State. This low-cost two villages, i.e., one having the highest sensor data has provided additional support and one having the lowest number of LPG to the survey objectives. Three months’ data connections under PMUY in each studied was collected for analysis. The aggregated state, were also analysed separately based data from all six states was analysed for on the number of the PMUY connections measuring overall health improvement and the fuel type.",117,en,pm_ujjwala_clean_energy,government_document,2026-05-07,"[7, 8]",7,,high,text discusses clean energy and employment
ca3bdb31,"To analyse the state-wise and change in the quality of life of the results, we have divided the households PMUY beneficiaries. The households were surveyed into four categories based on type of primary cooking fuel being used and The survey questionnaire consisted of 69 number of PMUY roll-out in the area. For questions and was translated into native e.g.: Rajasthan High LPG Primary means language of the respective states.",69,en,pm_ujjwala_clean_energy,government_document,2026-05-07,"[2, 8]",2,,high,text discusses food security and employment
72b50539,"The group of households using LPG as primary survey responses from Rajasthan, Bihar and fuel for cooking in a village which had the Uttar Pradesh provides a strong evidence highest number of beneficiaries of PMUY for improvement in the overall health of in that state (thereby having the highest people in households using LPG from density of PMUY beneficiaries in the state) PMUY, while the three States of Jharkhand, roll- out in Rajasthan. The categories are: Madhya Pradesh and West Bengal show mild improvement. Rajasthan Low • High LPG Primary Village: Households Chulha category reported no noticeable from the high LPG connection village improvement while all other categories who use LPG as primary fuel.",114,en,pm_ujjwala_clean_energy,government_document,2026-05-07,"[7, 8]",7,,high,text discusses clean energy and employment
1fc943b1,show significant improvement in terms of • High LPG Secondary Village: House- general health of primary cooking person holds from the high LPG connection post LPG adoption from PMUY. More village who use a combination of LPG than 8% of respondents in Rajasthan High and other cooking fuel. LPG Primary have shown improvement with respect to the general health of other • Low LPG Village: Households from the people in the home post LPG. Occurrence low LPG connection village who use of respiratory illnesses among the villagers LPG as their primary fuel. since using LPG under PMUY has decreased • Low Chulha Village: Households from significantly (p<0.05) for Rajasthan High the low LPG connection village who use LPG Primary and Secondary categories. chulha and solid fuel.,126,en,pm_ujjwala_clean_energy,government_document,2026-05-07,"[7, 8]",7,,high,text discusses clean energy and employment
045533ed,"General health of the primary cooking The idea behind selecting a “High LPG” person post LPG has improved significantly and “Low LPG” village from each of the 6 for Bihar High LPG Primary & Secondary states is that clean air is a shared ‘common’ and Bihar Low LPG. UP Low Chulha shows resource and air pollution from one significantly higher percent of respiratory household affects others in the immediate related health problem in the family. Hence, in a “Low LPG” village, General health of the primary cooking even though a household may have moved person has improved significantly for to using LPG as its primary cooking fuel, Jharkhand Low LPG and Jharkhand Low the health impact of clean air on members LPG Chulha.",123,en,pm_ujjwala_clean_energy,government_document,2026-05-07,"[7, 3]",7,,high,text discusses clean energy and health impact
217b11db,General health of other people of that household will be fully realised only in the home has improved significantly for when other neighbouring households also Jharkhand Low LPG and Jharkhand Low start using LPG. The “High LPG” villages LPG Chulha. More than 60% of responses were selected to capture this collective effect for all the categories except Jharkhand Low of clean air at the village level. Chulha share that they have decreased number of visits to doctors since the use of for sources of air pollution on general health LPG. More than 11% of respondents in both of the respondents but the tracking of these Madhya Pradesh (MP) Low Chulha and MP confounders was beyond the scope of this Low LPG have respiratory related health project. problem in the family.,130,en,pm_ujjwala_clean_energy,government_document,2026-05-07,"[7, 8]",7,,high,text discusses clean energy and employment
640f7fe0,"10% of respondents The survey also quantified some of the in West Bengal Low LPG indicate having challenges encountered in LPG refills with respiratory related health problem which is respondents indicating they had to travel significantly higher as compared to others. outside the village to get their LPG refills After further analysis we have found that done. The survey data showed that around in three states (Rajasthan, Uttar Pradesh 29% of the LPG users still get their LPG and Bihar), for the PMUY high village cylinder refill from outside the village.",91,en,pm_ujjwala_clean_energy,government_document,2026-05-07,"[7, 8]",7,,high,text discusses LPG and clean energy
48a4a226,"More (high number of PMUY connection) when than 38% of the LPG users had refilled their people are using LPG as primary source of LPG cylinders only 0-2 times in the last six cooking, their general health has improved months. Around 47% of the LPG users have by almost 50% more than in comparison reported refilling cost as a limiting factor for with low PMUY village. Regarding direct LPG cylinder refilling. Also, the number of effect like reported respiratory problem, refills undertaken by Low LPG households we have observed an average of 2 to 5 was substantially less as compared to those times more reported respiratory problems in High LPG villages.",111,en,pm_ujjwala_clean_energy,government_document,2026-05-07,"[7, 8]",7,,high,text discusses clean cooking and employment
5b51252b,"in villages where PMUY connection is low In terms of exposure of PM2.5 particles to compared with high PMUY villages for the the primary cooking person, the low-cost above mentioned three states. For example, sensor analysis data shows high PMUY in Rajasthan, reported respiratory illness for connection villages indoor environment PMUY high villages is only 1.2%, whereas have 10 to 20 percent less average exposure for low connection villages it is 19.2%. than the low connection village. This value For the States of Jharkhand and Madhya becomes highly significant considering Pradesh, we have observed an improvement of 10%. The study results were evaluated for different income groups as a socio- The results of the project clearly show that economic confounder.",120,en,pm_ujjwala_clean_energy,government_document,2026-05-07,"[7, 8]",7,,high,text discusses clean energy and employment
44a60b25,"The health benefits PMUY was effective in positively impacting from PMUY were found consistent for all the health of its beneficiaries in the Indian the income groups surveyed which signified villages. The health survey analysis and the that benefits of PMUY on the health were air quality data collected in such a project can not constrained based on income categories. be communicated to the PMUY beneficiaries Industrial emissions, crop/residue burning to encourage more continued use of LPG and smoking may substitute as confounder cylinders by existing PMUY beneficiaries. Background low and middle-income Asian countries around 1.5 billion people, i.e.",99,en,pm_ujjwala_clean_energy,government_document,2026-05-07,"[2, 8]",2,,high,text discusses crop yield and farm labour costs
ae93ac6a,"around 68% Household air pollution (HAP) has now of the global population, are still depends become a global threat for human health, on unclean fuel for cooking (Health as more than 3.8 million annual deaths Effects Institute, State of Global Air 2018). were reported globally (World Health Moreover, the World Health Organisation Organisation, 2018). As per the global (WHO) 2018 report highlighted that around burden of disease (GBD), 2019 estimates, 59% population still rely on unclean fuel for the HAP is 9th leading cause of global their daily cooking in traditional cook stoves deaths. Around 2.31 million deaths were (WHO, 2018). India is home to more than reported from long-term exposure to HAP 24 Crore households out of which about caused due to solid fuel burning in kitchens.",128,en,pm_ujjwala_clean_energy,government_document,2026-05-07,"[3, 7]",3,,high,text discusses health effects of unclean fuel for cooking
318b17dd,"10 Crore households are still deprived of However, In India the age-standardized clean cooking fuel such as LPG and have to rates of deaths attributable to HAP was rely on firewood, coal, dung – cakes etc. as lowest (i.e., 60/100,000) as compared primary source of cooking fuels. The smoke to other South-Asian countries (Health from burning such fuels causes alarming Effects Institute and Institute for Health household pollution and adversely affects Metrics and Evaluation´s Global Burden the health of women & children causing of Disease project, 2020). In India alone several respiratory diseases/ disorders.",94,en,pm_ujjwala_clean_energy,government_document,2026-05-07,"[7, 3]",3,,high,text discusses health effects of household pollution
bd6cba99,"around 1.67 million deaths were reported to As per a WHO report, smoke inhaled by air pollution in 2019, out of which around women from unclean fuel is equivalent 0.61 million deaths were reported from to burning 400 cigarettes in an hour. In HAP (Pandey et al., 2021). HAP is primarily addition, women and children must go caused due to incomplete combustion of through the drudgery of collecting fire wood unclean fuels, such as agricultural residue, (Umapathy and Sreeramulu, 2019). The cow dung cakes, and wood burning in Pradhan Mantri Ujjwala Yojana (PMUY) kitchens.",94,en,pm_ujjwala_clean_energy,government_document,2026-05-07,"[7, 8]",7,,high,text discusses clean energy and employment
f98cd92e,"HAP is predominant in rural parts aims to safeguard the health of women & of the country, where biomass burning is children by providing them with a clean commonly used fuel for cooking due to its cooking fuel – LPG, so that they don’t have to easy access and unaffordability of the cleaner compromise their health in smoky kitchens fuel such as LPG. Around 49% of the global or wander in unsafe areas for collecting population (3.8 billion people) are still using firewood. PMUY was launched by Hon’ble biomass, coal and kerosene for cooking their Prime Minister Shri Narendra Modi on May food on daily basis. In the rural parts of the 1st, 2016 in Ballia, Uttar Pradesh.",118,en,pm_ujjwala_clean_energy,government_document,2026-05-07,"[7, 8]",7,,high,text discusses clean cooking fuel and energy access
9d46cd69,"The exposure to HAP also depends on symptoms of some diseases such as asthma factors such as characteristics of the may show up, be aggravated, or worsened. houses, geographic location, exposure time, The likelihood of immediate reactions to socioeconomic condition of the households, indoor air pollutants depends on several ventilation, and design of the kitchen, along factors including age and pre-existing with the fuel type used. Several studies have medical conditions. In some cases, whether found that the exposure to HAP severely a person reacts to a pollutant depends affected the human health, spatially the on individual sensitivity, which varies cooking person (Parikh et al., 2020; Shi et tremendously from person to person. Some al., 2016; Idavain et al., 2019; Swiston et al., people can become sensitized to biological 2008).",130,en,pm_ujjwala_clean_energy,government_document,2026-05-07,"[2, 8]",2,,high,text discusses health and employment impacts of indoor air pollution
b0e125d6,"The smoke emission from incomplete or chemical pollutants after repeated or and inefficient combustion of unclean fuels high-level exposures. generates several hazardous pollutants such as fine particulate matters, volatile organic Certain immediate effects are similar to compounds, CO, CO2, O3, SO2 and NO2 in those from colds or other viral diseases, indoor micro environments, deteriorating so it is often difficult to determine if the the indoor air quality (IAQ) of the houses. symptoms are a result of exposure to indoor The IAQ refers to the air quality within and air pollution. For this reason, it is important around buildings and structures, especially to pay attention to the time and place as it relates to the health and comfort of symptoms occur. If the symptoms fade or building occupants.",128,en,pm_ujjwala_clean_energy,government_document,2026-05-07,"[2, 8]",2,,high,text discusses health and employment impacts of air pollution
76531831,"Understanding and go away when a person is away from the controlling common pollutants indoors area, for example, an effort should be made can help reduce your risk of indoor health to identify indoor air sources that may be concerns. Health effects from indoor air possible causes. Some effects may be made pollutants may be experienced soon after worse by an inadequate supply of outdoor exposure or, possibly, years later. air coming indoors or from the heating, cooling, or humidity conditions prevalent Some health effects may show up shortly after a single exposure or repeated exposures to a pollutant. These include irritation of the Other health effects may show up either years eyes, nose, and throat, headaches, dizziness, after exposure has occurred or only after and fatigue.",127,en,pm_ujjwala_clean_energy,government_document,2026-05-07,"[3, 8]",3,,high,text discusses health effects of indoor air pollution
dc381bd1,"Such immediate effects are long or repeated periods of exposure. These usually short-term and treatable. Sometimes effects, which include some respiratory the treatment is simply eliminating the diseases, heart disease and cancer, can be person’s exposure to the source of the severely debilitating or fatal. It is prudent to pollution if it can be identified. Soon after try to improve the indoor air quality in your exposure to some indoor air pollutants, home even if symptoms are not noticeable. While pollutants commonly found in probability of reporting Acute Respiratory indoor air can cause many harmful effects, Illness (ARI) relative to exclusive users of there is considerable uncertainty about polluting fuels, with larger effects (10.7%) what concentrations or periods of exposure in rural households.",123,en,pm_ujjwala_clean_energy,government_document,2026-05-07,"[7, 8]",7,,high,text discusses clean energy and employment
fb19fa89,"The probability of are necessary to produce specific health ARI in households using improved stoves problems. People also react very differently and mixed fuel use was also lower in rural to exposure to indoor air pollutants. Further households, by 2.9% and 2.8%, respectively research is needed to better understand (Lamichhane et al., 2017). which health effects occur after exposure to A number of recent studies have reported the average pollutant concentrations found the reduction in HAP and reducing the in homes and which occurs from the higher health risk while using the clean fuel such as concentrations that occur for short periods LPG.",103,en,pm_ujjwala_clean_energy,government_document,2026-05-07,"[7, 8]",7,,high,text discusses clean energy and employment
53db6251,"For example, Deepthi et al., (2019) have estimation of respiratory dosage and indoor Exposure to indoor pollution from solid PM concentrations for the households in cooking fuel, mainly as biomass, causes rural areas of Telangana states of India. an estimated 925,000 deaths yearly in The study found the high levels of dosage India today (Smith and Pillarisetti, 2017). (1181.4 to 5891.7 μg) in households using The number of people most affected—700 biomass as compared to LPG households. million to 800 million—has not declined Furthermore, the indoor kitchens have in 30 years, despite considerable economic reported 10.6 times higher concentration development and the growth of clean fuel than outdoor kitchens in rural settings. use for the middle class. An efficient way Chowdhury et al.",123,en,pm_ujjwala_clean_energy,government_document,2026-05-07,"[2, 8]",2,,high,"text discusses indoor pollution and its impact on rural areas, highlighting the need for clean energy and decent work"
253e8b8d,"(2019) have found that the of reducing indoor pollution significantly is elimination of household use of kerosene by using LPG for cooking. This is especially and biomass burning in India may reduce applicable for rural households in India, the PM2.5 exposure up to 17.5% in terms where the primary reason for using unclean of average annual ambient concentrations. fuel is lack of means to afford clean fuel. Thus, Similarly, Parikh et al. (2020) evaluated the the PMUY scheme had been introduced prevalence of respiratory illness among to combat this problem by issuing LPG women exposed to HAP in rural parts of cylinders to ‘below poverty line’ families India. The study found that the exposure in India.",116,en,pm_ujjwala_clean_energy,government_document,2026-05-07,"[7, 8]",7,,high,text discusses clean energy and employment
1aab2c92,"This policy was expected to affect to nitric oxide was significantly higher in approximately 5 crore households. women exposed to biomass burning as compared to the households using LPG It is well established that the use of clean for their energy needs. Recently, the study fuel and improved stoves is a means conducted by Islam et al. (2021) have to lower harmful emissions from solid found that use of clean cooking fuels may fuels (Capuno et al., 2018). Children from significantly reduce HAP and decrease households using LPG had a 5.0% lower the prevalence of stunting in children up percent of the deaths occur in children under to 4 percent.",110,en,pm_ujjwala_clean_energy,government_document,2026-05-07,"[7, 8]",7,,high,text discusses clean energy and its impact on household emissions
a2e2632a,"There is also evidence that age five years because of pneumonia, which vulnerability also increases at lower incomes overall accounts for 12 percent of total child due to poorer nutrition, adaptive ability and deaths in India. other immune deficiencies. The studies have The Government of India has under-taken found significant correlation between usage several policy initiatives to address HAP of unclean cooking fuel and adverse health through improved biomass combustion, effects related to HAP (Chattopadhyay et al., beginning in the 1980s with a failed 2021). The study conducted by Balakrishnan National Programme on Improved Chulhas et al.",97,en,pm_ujjwala_clean_energy,government_document,2026-05-07,"[3, 8]",3,,high,text discusses health effects and employment
5e8de2b8,"(2013) have monitored fine particulates (Kulshreshtha et al., 2008) and continuing in with respect to indoor air pollution in kitchen 2010 with a National Biomass Cookstoves of Madhya Pradesh and West Bengal; it was Initiative. More recently, two innovative and found that PM2.5 concentrations varied programs—the Give It Up (GIU) and from 179µg/ m3 to 590µg/ m3 caused due Smokeless Village (SV) campaigns—are to burning of different solid fuels. Similarly, seeking to bring clean cooking via LPG Gautam et al. (2013) examined 55 families to the rural poor (Smith and Pillarisetti, in three villages in Haryana and found that 2017).",100,en,pm_ujjwala_clean_energy,government_document,2026-05-07,"[7, 8]",7,,high,text discusses clean energy and employment
093d51c0,"GIU, encourages better-off Indian the various fuels used were in the following households to voluntarily give up their order: PNG, LPG, kerosene, shrub/farm LPG subsidies and redirects those subsidies one-for-one to below- poverty-line (BPL) Indian Status on Cooking Fuel families, and SV, connects every household in a village to LPG, in close collaboration In India, the reliance on solid fuels and with India’s three national oil companies. the estimated related burden of disease In mid-2016, Prime Minister Narendra are pronounced. An estimated 770 million Modi introduced Pradhan Mantri Ujjwala individuals—approximately 70 percent of Yojana (PMUY), a program to extend the the total population (Smith and Pillarisetti, GIU and SV campaigns by making free LPG 2017)—living in 160 million households connections available to all BPL households.",125,en,pm_ujjwala_clean_energy,government_document,2026-05-07,"[7, 8]",7,,high,text discusses clean energy and employment
90a5e953,"continue to use solid fuels as a primary These programs have the potential to energy source for cooking (Chengappa et al., substantially reduce the mortality and 2007). Among all risk factors contributing to morbidity associated with the use of solid ill health in India, exposure to HAP from fuels for cooking, if one assumes near- cooking ranks second for mortality, with complete transitions to clean fuels (Smith approximately 0.925 million premature and Pillarisetti, 2017). The mitigation deaths yearly; it ranks third for disability- measures by Government of India and adjusted life years (DALYs), amounting to the aggressive campaigns has encouraged approximately 25 million lost DALYs per the people to use clean and resulted the year (Rumchev et al., 2017).",119,en,pm_ujjwala_clean_energy,government_document,2026-05-07,"[7, 8]",7,,high,text discusses clean energy and its impact on health
f87dbd99,"An estimated 4 reductions in the percentage of populations 99% as on 1st April 2021 in India from as exposed to HAP from 73% to 61% over the compared to 62% on 1st May 2016. This scheme last decade, i.e., from 2010 to 2019 (Health has benefitted approximately 92.7 million Effects Institute and Institute for Health households till January 2022 by providing the Metrics and Evaluation´s Global Burden of access to clean fuels (PMUY, 2022). Desease project, 2020). Thus, this project was undertaken to The PMUY is a flagship scheme of Ministry quantify the health impact of PMUY in six of Petroleum and Natural Gas (MoPNG), States of India.",109,en,pm_ujjwala_clean_energy,government_document,2026-05-07,"[2, 8]",2,,high,text discusses access to clean fuels and health benefits
26dd1f24,"This project was executed by Government of India, which intended to IIT Kanpur with the help of Respirer Living provide 80 million liquefied petroleum gas Sciences Pvt. The project was sponsored (LPG) connections to the rural and deprived by Ministry of Health and Family Welfare, households of India by March 2020. The GoI with the financial support of National successful implementation of the PMUY has Health Systems Resource Centre (NHSRC). helped in increasing the LPG coverage about The key objective of this project is to assess the following points: • Health status of PMUY beneficiaries with regards to their respiratory health and out of pocket expenditure on care seeking.",109,en,pm_ujjwala_clean_energy,government_document,2026-05-07,"[7, 8]",7,,high,text discusses clean energy and employment
81ad0c95,"• Quality of life among the beneficiaries of the PMUY in terms of amount of time saved in cooking and collecting firewood. • Experiences of beneficiaries in accessing and using the LPG. Design and Methodology A combination of digital survey-based tools these factors would add bias to the survey. and real-time Particulate Matter low-cost Based on the combination of these criteria sensor- based air quality monitoring devices and the data provided by Ministry of PNG, were used to evaluate the key objectives the six States were chosen for this study, of PMUY. The digital survey tool was i.e., Bihar, Jharkhand, Madhya Pradesh, developed using open-source community Rajasthan, Uttar Pradesh, and West Bengal. led mobile survey technologies.",116,en,pm_ujjwala_clean_energy,government_document,2026-05-07,"[7, 8]",7,,high,text discusses clean energy and employment
fff0b183,"PMUY connection villages The survey was conducted on basic Android phones and the digital questionnaire was State Highest PMUY Lowest translated into the native language of the Village (district) Connections state where the survey was conducted. The approval has been taken by the ethics (district) committee of IIT Kanpur. The consent was filled by the respondents with their digital Pradesh Nagar Giant (Gautam signature, and it was kept as the part of the questionnaire also. The respondents were randomly selected based on their availability Bihar Basmatiya Gaiaspur and the willingness to take part in the survey.",96,en,pm_ujjwala_clean_energy,government_document,2026-05-07,"[2, 8]",2,,high,"text discusses Zero Hunger (agriculture, crops, farmers) and Decent Work & Economy (employment, wages, farm labour costs)"
b17802ee,"The ethics were ensured by keeping Rajasthan Kasarwari Ramsingh the responses secure and confidential; and (Banswara) pura (Jaipur) keeping the recruitment of respondents Jharkhand Kachanpur Lupung voluntary, as mentioned in the consent form given to them, prior to the survey. The six states selected for this study had Pradesh (Hanumangarh), (Indore) the largest scale of PMUY roll-out (Table West Birghai Rajarhat 1). The selection was supported by PMUY Bengal (Uttar Dinajpur), (North 24 data made available to us at village level by Parganas) the Ministry of Petroleum and Natural Gas.",90,en,pm_ujjwala_clean_energy,government_document,2026-05-07,"[2, 8]",2,,high,text discusses food security and employment
b09482bf,"Another factor considered is that the villages Following the selection of States, an exhaustive with highest and lowest number of PMUY questionnaire was prepared for the survey, connections fall in easily accessible areas, in consultation with a Technical Advisory not prone to violence or political unrest, as Group (TAG), consisting of the following members: Dr. Rajani Ved, NHSRC; Dr. must be noted that the seasonal occurrence Yuvraj, Joint Secretary, NHM, MoHFW; Dr of acute disease in the studied households Neha Dumka (KMD NHSRC), Dr. Poornima was eliminated by clearly mentioning in Prabhakaran, Head-Environmental Health the questionnaire to exclude the seasonal & Additional Professor, Public Health occurrences and only asked about persistent Foundation of India; Dr. Bratati Banerjee, respiratory symptoms. Professor, Maulana Azad Medical College; PMUY Digital Survey Infrastructure was Dr.",130,en,pm_ujjwala_clean_energy,government_document,2026-05-07,"[2, 8]",2,,high,text discusses crop yield and farm labour costs
da20e70d,"Sanjay Rai, Centre for Community built by Respirer Living Sciences. The Medicine, AIIMS; Dr. Debajit Palit, Rural survey was conducted in local languages in Energy & Livelihoods Division, TERI. all the six States, with the data and analysis The questionnaire approved through the available in real-time as well as in online Institute Ethics Committee of IIT Kanpur and offline scenarios. The technology for was pre-tested in 60 households in Kanpur, the digital survey infrastructure was built Uttar Pradesh before conducting the actual using the Open Source framework from survey. Based on the feedback obtained KoBoToolbox. The survey data collection from the pretesting, the questionnaire was platform was set up on a cloud machine modified, and provisions were made to of Respirer Living Sciences.",123,en,pm_ujjwala_clean_energy,government_document,2026-05-07,"[2, 8]",2,,high,"text discusses Zero Hunger (agriculture, crops, farmers, food security) and Decent Work & Economy (employment, wages, MGNREGA, job, livelihood, rural employment)"
aebf88c1,"Data is saved facilitate support from local government in in Postgre SQL and automatic, periodic backups of was enabled. A large-scale survey was completed for The methodology used to analyse the survey 6 States included in this project, viz., responses includes the following steps: Rajasthan, Bihar, Jharkhand, Uttar Pradesh, Madhya Pradesh, and West Bengal. A total • Classify State Responses into villages of 2366 households have been surveyed, as with highest and lowest number of follows, Rajasthan 401 households, Bihar 409 households, Jharkhand 399 households, • Handling Multiple Choice Question Uttar Pradesh 405 households, Madhya Options as per priority Pradesh 395 households and West Bengal • Summarizing Survey Responses 357 households, the households were selected randomly for the survey.",119,en,pm_ujjwala_clean_energy,government_document,2026-05-07,"[2, 8]",2,,high,"text discusses Zero Hunger (agriculture, crops, farmers) and Decent Work & Economy (employment, wages, MGNREGA, job, livelihood, rural employment)"
43571dd3,"Further, • Identifying Applicable Health Questions we have identified in these six States which • Summarizing Survey Responses for villages have high PMUY connection and which villages have low number of • Summary of Inferences drawn for the PMUY connections. Then we performed the survey on these target villages over a 2-month period to quantify the clear impact The out pocket expenditure for care seeking of PMUY connection on these villages. It was analysed by the number of visits to the doctor since use of the LPG. While colocation for the EBAM data Vs Atmos data the quality of life of the households was (i.e., Low cost sensors used).",109,en,pm_ujjwala_clean_energy,government_document,2026-05-07,"[2, 8]",2,,high,text discusses health and employment
31d940f4,"The colocation analysed by assessing their responses for results are attached in APPENDIX C time spent on cooking, cleaning utensils, use of warm water usage and their ease of cooking. Apart from the survey, PM data had also been collected from the villages with 16 devices installed in each State. This low-cost sensor data provided additional support to the survey objectives. Three months’ data was collected for analysis. The new low-cost sensors (Atmos device, collect the PM concentrations in the studied households. These sensors work on laser- Statistical Analysis scattering principle to measure real-time The descriptive statistical analysis was PM mass concentrations. The sensors carried using 95% confidence interval measure the PM in range of 0–1000 µg/ m3, with ±1 µg/ m3 resolution and 1–10 s response time.",128,en,pm_ujjwala_clean_energy,government_document,2026-05-07,"[7, 8]",7,,high,text discusses clean cooking and energy
998b60fc,"These sensors have shown a significant reliability in accuracy based on the validation performed with the US Where p ̂ is the population proportion. EPA-approved Federal Reference Methods One Sample T-test was performed to based monitoring instruments. The quality examine the statistical significance of the of assurance of these sensors also been tested responses, assuming the null hypothesis: in the previous studies (Ballamajalu et there is no change in occurrence of al., 2018; Jha et al., 2021; Sahu et al., 2020). respiratory illness among the villagers since Previous studies have also reported the field using LPG under PMUY. The results were performance and calibrations of low-cost reported statistically significant only when sensors using simultaneous the test statistics P-value was found <0.05.",121,en,pm_ujjwala_clean_energy,government_document,2026-05-07,"[2, 8]",2,,high,text discusses crop yield and farm labour costs
27b6bcf7,"Gaussian process regression and simple All the statistical tests were performed using linear regression (Zheng et al., 2019, 2018). IBM SPSS Statistic 20. For quality control the study performed the Results and Discussion Overall Health Assessment and Change you noticed any change in the occurrence in the Quality of Life of respiratory illnesses among the villagers since using LPG under PMUY? (d) Have the A large-scale survey was carried out number of visits to doctors changed since for six states of India: Rajasthan, Bihar, the use of LPG? and (e) How do you find Jharkhand, Uttar Pradesh, Madhya the occurrence of respiratory illnesses in Pradesh, and West Bengal.",108,en,pm_ujjwala_clean_energy,government_document,2026-05-07,"[2, 8]",2,,high,text discusses health and employment
fc1e3afe,"A total of 2366 you or your family members, compared to households have been surveyed, including that of other fuel like kerosene, fuelwood, Rajasthan 401 households, Bihar 409 coconuts, cow dung cakes etc.? While filling households, Jharkhand 399 households, out the questionnaire, the respondents Uttar Pradesh 405 households, Madhya were asked to exclude seasonal occurrences Pradesh 395 households and West Bengal and only report persistent problems. More 357 households. The assessment for overall than 40% of the LPG users have reported health improvement and change in the significant (p<0.05) improvement in the quality of life of the PMUY beneficiaries general health of the primary cooking was carried out using the pooled data from person. About 33% of LPG users have also the studied states.",124,en,pm_ujjwala_clean_energy,government_document,2026-05-07,"[7, 8]",7,,high,text discusses clean energy and employment
08c471eb,"The respondents were reported improvement in the general health classified based on the primary fuel used for of other family members post-LPG (PMUY) cooking. From all the survey responders, the households using the LPG as a primary fuel for cooking were identified based on the The respondents’ perceptions of respiratory responses received for the survey questions health illnesses were analysed based on the linked to the cooking fuel used, accessibility responses to the respiratory health questions. of LPG, and ability to refill LPG cylinder at It was found that only 8% of the studied LPG present and in the last six months.",102,en,pm_ujjwala_clean_energy,government_document,2026-05-07,"[7, 3]",3,,high,text discusses health and medicine
d665e22d,"Of 2366 users have reported positively for having surveyed households, more than 72 %, i.e., any respiratory-related health problem in 1716 households, were found to be using their family. However, more than 14% of LPG as a primary fuel for cooking. LPG users have reported not being aware of such health-related illnesses in the family. The health assessment of PMUY Moreover, 55% of the surveyed LPG users beneficiaries was carried out based on the have reported a lesser number of episodes responses received for the health-related for the occurrence of the respiratory illnesses questions, i.e., (a) How has the general in themselves and their family members health of the primary cooking person been post-LPG (PMUY) connections. Among affected post-LPG (PMUY)?",120,en,pm_ujjwala_clean_energy,government_document,2026-05-07,"[7, 3]",7,,high,text discusses clean energy and health impacts
9c4dc9d0,"(b) How has the the studied LPG users, around 40% have general health of other people in the home also reported a decrease in the number of been affected post-LPG (PMUY)? (c) Have visits to doctors since using LPG as primary difference in cleaning of utensils since using cooking fuel. The occurrence of respiratory LPG? c) Has warm water usage changed illnesses among the villagers was assessed since the LPG connection (PMUY)? Around based on the individual response from the 99% of the LPG users have reported less time surveyed households. Around 44% of LPG spent in cooking using LPG compared to users have reported a significant (p<0.05) other fuels.",110,en,pm_ujjwala_clean_energy,government_document,2026-05-07,"[7, 8]",7,,high,text discusses clean cooking and employment
17be8d39,"Similarly, 97% of the LPG users decrease in respiratory illnesses among the have reported ease of utensils cleaning after villagers since using LPG under the PMUY using PMUY LPG connection for cooking. However, only 14 % of LPG users have reported an increase in warm water usage The assessment for change in PMUY since using LPG, indicating usage of warm beneficiaries’ quality of life was carried water has not changed suggestively post- out based on the responses received for the LPG. The health and quality of the life- questions a) How much time do you have to related questions, along with the percentage spend for cooking using LPG in comparison responses from LPG users, are shown in to other fuels like kerosene, fuelwood, coconuts, cow dung cakes etc.?",128,en,pm_ujjwala_clean_energy,government_document,2026-05-07,"[7, 8]",7,,high,text discusses clean energy and employment
4c7b742f,b) Is there any 1 How has the general health of the Deteriorated 0.3 primary cooking person been affect- Improved 40.4 ed post-LPG (PMUY)? Same 57.3 2 How has the general health of other Deteriorated 0.2 people in the home been affected Improved 33.1 post-LPG (PMUY)? Same 64.3 3 How do you find the occurrence of Lesser number of episodes 54.5 respiratory illnesses in you or your More number of episodes 0.2 family members in comparison to Same 27.0 that of other fuel? No response 18.2 4 Have the number of visits to Decreased 39.7 doctors changed since the use of Increased 0.9 5 Have you noticed any change in the Decreased 43.9 occurrence of respiratory illnesses Increased 0.2 among the villagers since using LPG No change 44.6 under PMUY?,130,en,pm_ujjwala_clean_energy,government_document,2026-05-07,"[3, 8]",3,,high,text discusses health and employment impacts of LPG adoption
6bf2842b,"No response 11.4 6 How much time do you have to Less time 99.1 spend for cooking using LPG in More time 0.1 comparison to other fuels? Same time 0.5 7 Is there any difference in cleaning of Easier to clean 97.3 utensils since using LPG? Harder to clean 0.1 8 Has the usage of warm water Decreased 8.2 changed since LPG connection Increased 12.2 The state-wise assessment was also carried Moreover, around 99% of the surveyed LPG out for the health improvement of surveyed users from Jharkhand having respiratory LPG users. The highest percentage of pos- illness in the family have reported fewer itive responses for the improvement in the episodes of respiratory-related illness since general health of the primary cooking per- using LPG as primary cooking fuel.",129,en,pm_ujjwala_clean_energy,government_document,2026-05-07,"[7, 8]",8,,high,text discusses clean energy and its impact on health
df7043dd,"Similar- son was reported from the West-Bengal vil- ly, 89%, 68% and 46% of the surveyed LPG lages, i.e., 96% of the surveyed LPG users of users from Rajasthan, Bihar, and Madhya West-Bengal, followed by Madhya Pradesh, Pradesh, respectively, have also reported a i.e., 48% of the surveyed LPG users from lesser number of episodes of respiratory ill- Madhya Pradesh villages. The state-wise nesses in themselves and their family mem- percentage responses for the general health bers post LPG connection. The state-wise of the primary cooking person are shown in percentage responses for the occurrence of The infiltration of clean fuel, i.e., LPG The state-wise responses for the status of through PMUY, have increased the LPG respiratory-related health problems in the users in the villages.",125,en,pm_ujjwala_clean_energy,government_document,2026-05-07,"[7, 8]",7,,high,text discusses clean energy and employment
15bfb3a4,"A significant health family showed that around 15% of the sur- improvement has been reported by the indi- veyed LPG users from Bihar have positively vidual households who are using LPG as a reported respiratory-related health in their primary cooking fuel, as previously reported family. Similarly, 11% of LPG users from in this report. Furthermore, in order to anal- Jharkhand and 7% of LPG users from Ut- yse the health benefits on the community tar Pradesh have also reported positively to and surrounding, two villages, i.e., one hav- respiratory-related illnesses in the family.",93,en,pm_ujjwala_clean_energy,government_document,2026-05-07,"[2, 8]",2,,high,"text discusses health benefits of LPG usage, impacting Zero Hunger and Decent Work & Economy"
f7e57b12,"ing the highest and one having the lowest While only 6%, 5% and 2% of respondents number of LPG connections under PMUY in from Madhya Pradesh, Rajasthan and West each studied state, were also analysed sep- Bengal, respectively, responded positively arately based on the number of the PMUY to respiratory-related illness in the family. connections and the fuel type. To analyse the • High LPG Primary Village: Households state-wise results, the surveyed households from the high LPG connection village were classified into four categories based on who use LPG as a primary fuel. the type of primary cooking fuel being used • High LPG Secondary Village: House- and the number of PMUY roll- outs in the holds from the high LPG connection vil- area.",124,en,pm_ujjwala_clean_energy,government_document,2026-05-07,"[7, 8]",7,,high,text discusses LPG connections and PMUY
25e6cb20,"For e.g., Rajasthan High LPG Primary lage who use a combination of LPG and means the group of households using LPG (Liquified Petroleum Gas) as a primary fuel • Low LPG Village: Households from the for cooking in a village which had the high- low LPG connection village who use est number of beneficiaries of PMUY in that LPG as their primary fuel. state (thereby having the highest density of PMUY beneficiaries in the state) roll-out in • Low Chulha Village: Households from Rajasthan. The categories are: the low LPG connection village who use chulha and solid fuel. Rajasthan • How has the general health of the pri- mary cooking person been affected post For the State of Rajasthan, a total number of 401 survey responses were obtained.",128,en,pm_ujjwala_clean_energy,government_document,2026-05-07,"[7, 8]",7,,high,text discusses clean energy and employment
c8ea575a,"Among these, 50.2% were from the village with high • How has the general health of other peo- PMUY connections and 49.8% were from ple in the home been affected post LPG the village with low PMUY connectivity. From all the survey responders, 56.9% sur- • Have you noticed any change in occur- veys were taken by the primary Cooking rence of respiratory illnesses among the person of the family, of which 98.75% were villagers since using LPG under PMUY? women of the household. 45% of the house- holds had 4-5 family members and 30% had • Have the number of visits to doctors 6-7 family members. For 94.5% of the fami- changed since the use of LPG?",118,en,pm_ujjwala_clean_energy,government_document,2026-05-07,"[2, 8]",2,,high,text discusses health and employment impacts of LPG use
4bb5575d,"lies, there was only one bread-earner in the • How do you find occurrence of respira- family. Only 4% had two bread-earners. The tory illnesses in you or your family mem- detailed distributions for these figures are bers, in comparison to that of other fuel available in appendix A. like kerosene, fuel wood, coconuts, cow Health analysis: The questions considered dung cakes etc.? (Please exclude season- for health analysis in Rajasthan are given be- al occurrences and ask about persistent • Does anyone in the family have respira- tory related health problem?",92,en,pm_ujjwala_clean_energy,government_document,2026-05-07,"[2, 8]",2,,high,text discusses Zero Hunger and Decent Work & Economy
f861890d,"cooking fuel and combinations for the villages is given in the Appendix A) Category High LPG High LPG Secondary Low LPG Village Low Chulha Primary Village Village Village % Responders in 33.1 16.96 21.20 28.68 The details for each question and its responses are shown in the figures below. Question 1: Does anyone in the family have respiratory related health problem? related health problems’, in the State of Rajasthan for the classified categories. More than 29% of respondents in Rajasthan Low Chulha category have respiratory health related problem in the family.",91,en,pm_ujjwala_clean_energy,government_document,2026-05-07,"[7, 8]",7,,high,text discusses clean energy and employment
6a3b021a,"Rajasthan Low Chulha category shows no improvement while all other show improvement in terms of general health of primary cooking person post LPG Question 3: How has the general health of other people in the home been affected post LPG in the home been affected post LPG (PMUY)’, in the State of Rajasthan for the classified More than 8% of respondents in Rajasthan High LPG Primary have shown improvement with respect to the general health of other people in the home post LPG. Question 4: Have you noticed any change in occurrence of respiratory illnesses among the villagers since using LPG under PMUY? of respiratory illnesses among the villagers since using LPG under PMUY ‘, in the State of Rajasthan for the classified categories.",124,en,pm_ujjwala_clean_energy,government_document,2026-05-07,"[7, 8]",7,,high,text discusses clean cooking and employment
dda47c6e,"Occurrence of respiratory illnesses among the villagers since using LPG under PMUY has decreased (p<0.05) for Rajasthan High LPG Primary and Secondary categories. Question 5: Have the number of visits to doctors changed since the use of LPG? since the use of LPG’, in the State of Rajasthan for the classified categories. Number of visits to doctors has changed for both categories Low and High involving LPG as fuel since the use of LPG. Question 6: How do you find occurrence of respiratory illnesses in you or your family mem- bers, in comparison to that of other fuel? illnesses in you or your family members, in comparison to that of other fuel’, in the State of Rajasthan for the classified categories.",121,en,pm_ujjwala_clean_energy,government_document,2026-05-07,"[7, 8]",7,,high,text discusses LPG usage and its impact on health
dc5a90b0,"Rajasthan Low LPG and Rajasthan High LPG Primary as well as secondary have lesser number of episodes related to occurrence of respiratory illnesses. Question 7: How much time do you have to spend for cooking using LPG in comparison to other fuel like kerosene, fuel wood, coconuts, cow dung cakes etc.? cooking using LPG in comparison to other fuel like kerosene, fuel wood, coconuts, cow dung cakes etc.’ in the State of Rajasthan for the classified categories. The time for the cooking has reduced for Rajasthan Low LPG and High LPG Primary as well as secondary category households. Question 8: Is there any difference in cleaning of utensils since using LPG? utensils since using LPG’ in the State of Rajasthan for the classified categories.",124,en,pm_ujjwala_clean_energy,government_document,2026-05-07,"[7, 8]",7,,high,text discusses clean energy and employment
82bdc5dc,Rajasthan Low LPG and Rajasthan High LPG Primary as well as secondary have reported ease in cleaning of utensils since using LPG. Question 9: Has the usage of warm water changed since LPG connection (PMUY)? LPG connection (PMUY)’ in the State of Rajasthan for the classified categories. Only 5 – 6% of respondents from Rajasthan Low LPG and Rajasthan High LPG Primary has reported increase in usage of warm water since using LPG connection (PMUY). Question 10: What is your experience in cooking with LPG compared to other fuel? LPG compared to other fuel’ in the State of Rajasthan for the classified categories. Around 80% -90% of respondents from Rajasthan Low LPG and Rajasthan High LPG villages have experienced ease in cooking with LPG.,124,en,pm_ujjwala_clean_energy,government_document,2026-05-07,"[7, 8]",8,,high,text discusses LPG usage and employment
ead6cf22,"Out of Pocket Expenditure on care seeking Question 11: Have the number of visits to doctors changed since the use of LPG? changed since the use of LPG?’ in the State of Rajasthan for the classified categories. The out of pocket expenditure on care with respect to number of visits to doctors decreased around 30% to 60% for Rajasthan High LPG and Rajasthan Low LPG, respectively. Analysis of Particulate Matter from the installed Low-Cost Sensors comparison between High district cylinder vs low district chulha The average concentrations of PM in the studied high_LPG district was 37.02±9.12 µg/m3 whereas it was 68.88±39.73 µg/m3 in low_LPG district houses.",106,en,pm_ujjwala_clean_energy,government_document,2026-05-07,"[7, 8]",7,,high,text discusses clean energy and employment
ceaf1dab,"It is worthwhile to note that the other factors such as the use of mosquito coils, heating elements, smoking and incense sticks burning in the studied houses has also contributed to the measured indoor PM2.5 con- centrations. In Rajasthan, more than 10% of the studied houses in the high LPG primary cat- egory were close to the industry (Fig. Moreover, around 80% of the respondents of high LPG primary category has reported the presence of smoking person in the house on daily ba- sis (Fig. 18) and more than 30% households has reported use of incense sticks also (Fig. Question 12: Is the place of work at or close to any industry (Brick kiln, smelters, forging, foundry, fertilizer plant), power plants or expressways?",123,en,pm_ujjwala_clean_energy,government_document,2026-05-07,"[7, 8]",7,,high,text discusses clean energy and employment
e6b079cf,"[If clarification is required, please read out the list of 17 recognized industries given by CPCB]. industry (Brick kiln, smelters, forging, foundry, fertilizer plant), power plants or expressways?’ in the State of Rajasthan for the classified categories. Question 13: Do you use any of the following inside the rooms? /Mosquito coils, Incense sticks, heating elements and other. /Mosquito coils, Incense sticks, heating elements and other’ in the State of Rajasthan for the classified categories. Question 14: Are there any smokers in the family (Bidi, cigarette, hookah)? cigarette, hookah)?’ in the State of Rajasthan for the classified categories. Question 15: Is waste and crop burning common in the village? village?’, in the State of Rajasthan for the classified categories.",118,en,pm_ujjwala_clean_energy,government_document,2026-05-07,"[2, 8]",2,,high,text discusses crop yield and farm labour costs
0a3e04cc,"Rajasthan High LPG primary and secondary were found free from waste and crop burning b. Bihar LPG connection village who use a combination of LPG and other cooking For the State of Bihar, a total number of 412 survey responses were obtained. Among these, 51% were from the village with high • Low LPG Village: The group of PMUY connections and 49% were from the households from the low LPG connection village with low PMUY connectivity. From village who use LPG as their primary all the survey responders, 73.3% surveys cooking fuel. were taken by the primary cooking person • Low Chulha Village: The group of of the family, of which 98.06% were women households from the low LPG connection of the household.",123,en,pm_ujjwala_clean_energy,government_document,2026-05-07,"[2, 8]",2,,high,text discusses crop yield and farm labour costs
bccfd98d,"40% of the households had village who use chulha and solid fuel for 4-5 family members and 32% had 6-7 family members. For 85% of the families, there was only one bread-earner in the family. Only Health analysis: The questions considered 11% had two bread-earners. The detailed for health analysis in Bihar are given below: distributions for these figures are available in appendix A. • Does anyone in the family have respiratory related health problem?",75,en,pm_ujjwala_clean_energy,government_document,2026-05-07,"[2, 8]",2,,high,text discusses Zero Hunger and Decent Work & Economy
a25b05bd,"Based on the number of data and responses obtained, the survey households have been • How has the general health of the divided into four categories: primary cooking person been affected • High LPG Primary Village: The group of households from the high LPG • How do you find occurrence of connection village who use LPG as their respiratory illnesses in you or your primary cooking fuel. family members, in comparison to that of other fuel like kerosene, fuel wood, • High LPG Secondary Village: The coconuts, cow dung cakes etc.?",91,en,pm_ujjwala_clean_energy,government_document,2026-05-07,"[2, 8]",2,,high,text discusses health and employment
dab17760,"group of households from the high fuel and combinations for the villages is given in Appendix A) Category High LPG High LPG Secondary Low LPG Village Low Chulha Primary Village Village Village % Responders in 26.16 3.91 20.29 28.61 The details for each question and its responses are shown in the figures below. Question 1: Does anyone in the family have respiratory related health problem? respiratory related health problem’, in the State of Bihar for the classified categories. Categories Bihar low LPG and Bihar High LPG Primary have relatively less respiratory related health problem in the family.",97,en,pm_ujjwala_clean_energy,government_document,2026-05-07,"[7, 8]",8,,high,text discusses employment and livelihood
7c4f9348,"Question 2: How has the general health of the primary cooking person been affected post cooking person been affected post LPG (PMUY)’, in the State of Bihar for the classified General health of the primary cooking person post LPG has improved significantly for Bihar High LPG Primary & Secondary and Bihar Low LPG. Question 3: How do you find occurrence of respiratory illnesses in you or your family members, in comparison to that of other fuel? illnesses in you or your family members, in comparison to that of other fuel’, in the State of Bihar for the classified categories. More than 52% of respondents belonging to Bihar Low Chulha category have same occurrence of respiratory illnesses.",116,en,pm_ujjwala_clean_energy,government_document,2026-05-07,"[3, 8]",3,,high,text discusses health and employment impacts of LPG adoption
dbd88e68,"Question 4: Have you noticed any change in occurrence of respiratory illnesses among the villagers since using LPG under PMUY? of respiratory illnesses among the villagers since using LPG under PMUY ‘, in the State of Bihar for the classified categories. More than 75% of respondents belonging to Bihar_High_LPG_Primary and Secondary category have shown significant (T-test statistics, p<0.05) decrease in occurrence of respiratory illnesses among villagers since using LPG. Question 5: How much time do you have to spend for cooking using LPG in comparison to other fuel like kerosene, fuel wood, coconuts, cow dung cakes etc.? cooking using LPG in comparison to other fuel like kerosene, fuel wood, coconuts, cow dung cakes etc.? ‘, in the State of Bihar for the classified categories.",124,en,pm_ujjwala_clean_energy,government_document,2026-05-07,"[7, 8]",7,,high,text discusses clean energy and employment
80c5940d,"The time for the cooking has reduced for Bihar Low LPG and Bihar High LPG Primary as well as secondary category households. Question 6: Is there any difference in cleaning of utensils since using LPG? utensils since using LPG?’, in the State of Bihar for the classified categories. Bihar Low LPG and Bihar High LPG have reported ease in cleaning of utensils since using Question 7: Has the usage of warm water changed since LPG connection (PMUY)? LPG connection (PMUY)?’, in the State of Bihar for the classified categories. Only 15 – 7% of respondents from Bihar High LPG Primary and Bihar Low LPG has reported increase in usage of warm water since using LPG connection (PMUY).",117,en,pm_ujjwala_clean_energy,government_document,2026-05-07,"[7, 8]",7,,high,text discusses clean energy and employment
3fc5b384,"Question 8: What is your experience in cooking with LPG compared to other fuel? cooking using LPG in comparison to other fuel like kerosene, fuel wood, coconuts, cow dung cakes etc.?’, in the State of Bihar for the classified categories. Around 80% -90% of respondents from Bihar High LPG and Bihar Low LPG villages have experienced ease in cooking with LPG. Out of Pocket Expenditure on care seeking Question 9: Have the number of visits to doctors changed since the use of LPG? changed since the use of LPG?’, in the State of Bihar for the classified categories. The out of pocket expenditure on care with respect to number of visits to doctors decreased around 40% for Bihar High LPG and Bihar Low LPG.",124,en,pm_ujjwala_clean_energy,government_document,2026-05-07,"[7, 8]",7,,high,text discusses clean energy and its impact on employment
40d969bf,"Analysis of Particulate Matter from the installed Low-Cost Sensors between High outdoor cylinder vs low indoor chulha. The average concentrations of PM2.5 in the studied high_LPG district was 113.22±49.19 µg/ m3 whereas it was 120.52±75.89 µg/ m3 in low_LPG district houses. It is worthwhile to note that the other factors such as the use of mosquito coils, heating elements, smoking and incense sticks burning in the studied houses has also contributed to the measured indoor PM2.5 concentrations. In Bihar, more than 95% of the studied houses in the low LPG category were close to the industry.",96,en,pm_ujjwala_clean_energy,government_document,2026-05-07,"[7, 8]",7,,high,text discusses clean energy and employment
f4653697,"Moreover, around 17.6% of the respondents of high LPG primary category has reported the presence of smoking person in the house on daily basis and more than 48% households has reported use of incense sticks also (Fig. It was observed that the high _LPG primary and secondary village did not report any waste and residue burning while more than 90% of the respondent of low chulha and low LPG villages have responded positively for waste and residue burning. Question 10: Is the place of work at or close to any industry (Brick kiln, smelters, forging, foundry, fertilizer plant), power plants or expressways? [If clarification is required, please read out the list of 17 recognized industries given by CPCB].",118,en,pm_ujjwala_clean_energy,government_document,2026-05-07,"[7, 8]",7,,high,text discusses clean energy and employment
ed4a37d3,"PRADHAN MANTRI FASAL BIMA YOJANA (PMFBY) - To provide insurance coverage and financial support to the farmers in the event of failure of any of the notified crop as a result of natural calamities, - To stabilise the income of farmers to ensure their continuance in farming. - To encourage farmers to adopt innovative and modern agricultural practices. - To ensure flow of credit to the agriculture sector.",68,en,pmfby_crop_insurance,government_document,2026-05-07,"[2, 8]",2,,high,text discusses crop yield and farm labour costs
fc396790,"IMPLEMENTING AGENCY (IA): The Scheme shall be implemented through a multi-agency framework by selected insurance companies under the overall guidance & control of the Department of Agriculture, Cooperation & Farmers Welfare (DAC&FW), Ministry of Agriculture & Farmers Welfare (MoA&FW), Government of India (GOI) and the concerned State in co-ordination with various other agencies; viz Financial Institutions like Commercial Banks, Co-operative Banks, Regional Rural Banks and their regulatory bodies, Government Departments viz. Agriculture, Co-operation, Horticulture, Statistics, Revenue, Information/Science & Technology, Panchayati Raj etc. DAC&FW has designated/empanelled Agriculture Insurance Company of India(AIC) and some private insurance companies presently to participate in the Government sponsored agriculture /crop insurance schemes based on their financial strength, infrastructure, manpower and expertise etc. The empanelled private insurance companies at present are 1) ICICI-Lombard General Insurance Company Ltd.",130,en,pmfby_crop_insurance,government_document,2026-05-07,"[2, 8]",2,,high,text discusses crop yield and farm labour costs
3a72e661,2) HDFC-ERGO General Insurance Company Ltd. 3) IFFCO-Tokio General Insurance Company Ltd. 4) Cholamandalam MS General Insurance Company Ltd. 5) Bajaj Allianz General Insurance Company Ltd. 6) Reliance General Insurance Company Ltd. 7) Future Generali India Insurance Company Ltd. 8) Tata-AIG General Insurance Company Ltd. 9) SBI General Insurance Company Ltd. 10) Universal Sompo General Insurance Company Ltd. The selection of insurance company from amongst the empanelled insurance companies to act as IA shall be done by the concerned State Government for implementation of the scheme in their State.,89,en,pmfby_crop_insurance,government_document,2026-05-07,"[2, 8]",2,,high,text discusses crop yield and farm labour costs
dddc2c83,"Such selection of IA shall be done from amongst the designated / empanelled companies which shall be be initially pre-qualified , strictly on the basis of, experience, existence of infrastructure in the area and quality of services like coverage of farmers & area, pay-outs in terms of quantum & timely settlement thereof, willingness to do publicity & awareness campaigns etc. The final selection of IA from amongst the pre-qualified insurance companies shall be done based on the lowest weighted premium quoted by a pre-qualified company for all notified crops within the cluster of districts 4.",95,en,pmfby_crop_insurance,government_document,2026-05-07,"[2, 8]",2,,high,text discusses crop yield and farm labour costs
66968cd3,"MANAGEMENT OF THE SCHEME: The existing State Level Co-ordination Committee on Crop Insurance (SLCCCI), Sub- Committee to SLCCCI, District Level Monitoring Committee (DLMC) already overseeing the implementation & monitoring of the ongoing crop insurance schemes like National Agricultural Insurance Scheme (NAIS), Weather Based Crop Insurance Scheme(WBCIS), Modified National Agricultural Insurance Scheme(MNAIS) and Coconut Palm Insurance Scheme(CPIS) shall be responsible for proper management of the Scheme. IA shall be an active member of SLCCCI and District Level Monitoring Committee (DLMC) of the scheme.",82,en,pmfby_crop_insurance,government_document,2026-05-07,"[2, 8]",2,,high,text discusses crop yield and farm labour costs
41600d8f,"UNIT OF INSURANCE: The Scheme shall be implemented on an ‘Area Approach basis’ i.e., Defined Areas for each notified crop for widespread calamities with the assumption that all the insured farmers, in a Unit of Insurance, to be defined as ‘Notified Area’ for a crop, face similar risk exposures, incur to a large extent, identical cost of production per hectare, earn comparable farm income per hectare, and experience similar extent of crop loss due to the operation of an insured peril, in the notified area. Defined Area (i.e., unit area of insurance) is Village/Village Panchayat level by whatsoever name these areas may be called for major crops and for other crops it may be a unit of size above the level of Village/Village Panchayat.",124,en,pmfby_crop_insurance,government_document,2026-05-07,"[2, 8]",2,,high,text discusses crop yield and farm labour costs
9f92d703,"In due course of time, the Unit of Insurance can be a Geo-Fenced/Geo-mapped region having homogenous Risk Profile for the notified crop. For Risks of Localised calamities and Post-Harvest losses on account of defined peril, the Unit of Insurance for loss assessment shall be the affected insured field of the individual farmer. CROPS AND NOTIFIED AREA: 6.1. CROPS: The Scheme can cover all the Crops for which past yield data is available and grown during the notified season, in a Notified Area and for which yield estimation at the Notified Area level will be available based on requisite number of Crop Cutting Experiments (CCEs) being a part of the General Crop Estimation 6.2. NOTIFIED AREA: Notified Area is the Unit of Insurance decided by the State Govt.",127,en,pmfby_crop_insurance,government_document,2026-05-07,"[2, 8]",2,,high,text discusses crop yield and farm labour costs
733de174,"for notifying a Crop during a season. The size of the Unit of Insurance shall depend on the area under cultivation within the unit. For major crops, the Unit of Insurance shall ordinarily be Village/Village Panchayat level and for minor crops may be at a higher level so that the requisite number of CCEs could be conducted during the notified crop season. States may notify Village / Village Panchayat as insurance unit in case of minor crops too if they so desire. FARMERS TO BE COVERED: All farmers growing notified crops in a notified area during the season who have insurable interest in the crop are eligible.",107,en,pmfby_crop_insurance,government_document,2026-05-07,"[2, 8]",2,,high,text discusses crop yield and farm labour costs
4339f000,"COMPULSORY COVERAGE: The enrolment under the scheme, subject to possession of insurable interest on the cultivation of the notified crop in the notified area, shall be compulsory for following categories of farmers: 7.1.1. Farmers in the notified area who possess a Crop Loan account/KCC account (called as Loanee Farmers) to whom credit limit is sanctioned/renewed for the notified crop during the crop season. Such other farmers whom the Government may decide to include from time to 7.2. VOLUNTARY COVERAGE: Voluntary coverage may be obtained by all farmers not covered in 7.1 above, including Crop KCC/Crop Loan Account holders whose credit limit is not renewed. RISKS TO BE COVERED & EXCLUSIONS: 8.1. RISKS: Following risks leading to crop loss are to be covered under the scheme :- 8.1.1.",127,en,pmfby_crop_insurance,government_document,2026-05-07,"[2, 8]",2,,high,text discusses crop yield and farm labour costs
729ae73c,"YIELD LOSSES (standing crops, on notified area basis): Comprehensive risk insurance is provided to cover yield losses due to non-preventable risks, such (i) Natural Fire and Lightning (ii) Storm, Hailstorm, Cyclone, Typhoon, Tempest, Hurricane, Tornado etc. (iii) Flood, Inundation and Landslide (iv) Drought, Dry spells (v) Pests/ Diseases etc. PREVENTED SOWING (on notified area basis):- In cases where majority of the insured farmers of a notified area, having intent to sow/plant and incurred expenditure for the purpose, are prevented from sowing/planting the insured crop due to adverse weather conditions, shall be eligible for indemnity claims upto a maximum of 25% of the sum-insured.",103,en,pmfby_crop_insurance,government_document,2026-05-07,"[2, 8]",2,,high,text discusses crop yield and farm labour costs
6b525e13,"POST-HARVEST LOSSES (individual farm basis): Coverage is available upto a maximum period of 14 days from harvesting for those crops which are kept in “cut & spread” condition to dry in the field after harvesting, against specific perils of cyclone / cyclonic rains, unseasonal rains throughout the country. LOCALISED CALAMITIES (individual farm basis): Loss / damage resulting from occurrence of identified localized risks i.e. hailstorm, landslide, and Inundation affecting isolated farms in the notified area. EXCLUSIONS: Risks and Losses arising out of following perils shall be excluded:- War & kindred perils, nuclear risks, riots, malicious damage, theft, act of enmity, grazed and/or destroyed by domestic and/or wild animals, In case of Post–Harvest losses the harvested crop bundled and heaped at a place before threshing, other preventable 9.",127,en,pmfby_crop_insurance,government_document,2026-05-07,"[2, 8]",2,,high,text discusses crop yield and farm labour costs
94394d3b,"SUM INSURED / LIMIT OF COVERAGE: In case of Loanee farmers under Compulsory Component, the Sum Insured would be equal to Scale of Finance for that crop as fixed by District Level Technical Committee (DLTC) which may extend up to the value of the threshold yield of the insured crop at the option of insured farmer. Where value of the threshold yield is lower than the Scale of Finance, higher amount shall be the Sum Insured. Multiplying the Notional Threshold Yield with the Minimum Support Price (MSP) of the current year arrives at the value of sum insured. Wherever Current year’s MSP is not available, MSP of previous year shall be adopted.",112,en,pmfby_crop_insurance,government_document,2026-05-07,"[2, 8]",2,,high,text discusses crop yield and farm labour costs
22437e6e,"The crops for which, MSP is not declared, farm gate price established by the marketing department / board shall be adopted. Further, in case of Loanee farmers, the Insurance Charges payable by the farmers shall be financed by loan disbursing office of the Bank, and will be treated as additional component to the Scale of Finance for the purpose of obtaining loan. For farmers covered on voluntary basis the sum-insured is upto the value of Threshold yield i.e threshold yield x (MSP or gate price) of the insured crop. 10.1 The Actuarial Premium Rate (APR) would be charged under PMFBY by IA. DAC&FW/States will monitor the premium rates considering the basis of Loss Cost (LC) i.e.",116,en,pmfby_crop_insurance,government_document,2026-05-07,"[2, 8]",2,,high,text discusses crop yield and farm labour costs
9fa420f8,Claims as % of Sum Insured (SI) observed in case of the notified crop(s) in notified unit area of insurance (whatsoever may be the level of unit area) during the preceding 10 similar crop seasons (Kharif / Rabi) and loading for the expenses towards management including capital cost and insurer’s margin and taking into account non-parametric risks and reduction in insurance unit size etc..,64,en,pmfby_crop_insurance,government_document,2026-05-07,"[2, 8]",2,,high,text discusses crop yield and farm labour costs
458dfa94,"The rate of Insurance Charges payable by the farmer will be as per the charges payable by farmer 1 Kharif Food & Oilseeds crops (all 2.0% of SI or Actuarial rate, cereals, millets, & oilseeds, whichever is less 2 Rabi Food & Oilseeds crops (all 1.5% of SI or Actuarial rate, cereals, millets, & oilseeds, whichever is less 3 Kharif & Annual Commercial / Annual 5% of SI or Actuarial rate, Rabi Horticultural crops whichever is less 10.2 The difference between premium rate and the rate of Insurance charges payable by farmers shall be treated as Rate of Normal Premium Subsidy, which shall be shared equally by the Centre and State.",111,en,pmfby_crop_insurance,government_document,2026-05-07,"[2, 8]",2,,high,text discusses crop yield and farm labour costs
b85e699a,"10.3 AIC shall calculate LC premium rates (till an Independent Agency/TSU takes over) based on latest available yield data in month of February for Kharif crops and August for Rabi crops as per requirement of the States and shall provide to DAC&FW/Concerned States before invitation for premium bidding. would invite all the empanelled insurance companies to quote their actuarial premium rates for the notified crop(s) in the notified insurance unit area, Indemnity Level, Threshold Yields, Sum Insured etc. as indicated by the State for the season. 10.5 For more effective implementation, selection of Implementing Agency (IA) may be made through adopting the cluster approach under which bunch of about 15-20 good & bad districts / areas with reference to risks will be bid out.",124,en,pmfby_crop_insurance,government_document,2026-05-07,"[2, 8]",2,,high,text discusses crop yield and farm labour costs
d8092ced,"This will facilitate the uniform distribution of the risks among the participating insurance companies and will avoid selection of districts / areas according to company’s choice. In case of smaller States, the whole State shall be assigned to one IA. This is also expected to take care of districts which have traditionally had high actuarial premiums for crops due to high risk. Selection of IA may be made for 10.6 The designated / empanelled companies participating in bidding have to bid the premium rates for all the crops notified / to be notified by the State Govt. and non-compliance will lead to rejection of company’s bid. 10.7 The insurance coverage in terms of number of farmers & hectare-age should be at least at the previous season's level.",127,en,pmfby_crop_insurance,government_document,2026-05-07,"[2, 8]",2,,high,text discusses crop yield and farm labour costs
84c964af,"Risk will be shared by IA and the Government as follows: The liability of the Insurance companies in case of catastrophic losses computed at the National level for an agricultural crop season, shall be upto 350% of total premium collected (farmer share plus Govt. subsidy) or 35% of total Sum Insured (SI), of all the Insurance Companies combined, whichever is higher. The losses at the National level in a crop season beyond this ceiling shall be met by equal contribution (i.e. on 50:50 basis) from the Central Government and the concerned State Governments. ESTIMATION OF CROP YIELD: The State/UT Govt. will plan and conduct the requisite number of Crop Cutting Experiments (CCEs) for all notified crops in the notified insurance units in order to assess the crop yield.",128,en,pmfby_crop_insurance,government_document,2026-05-07,"[2, 8]",2,,high,text discusses crop yield and farm labour costs
0a2613c1,"The State / UT Govt. will maintain single series of Crop Cutting Experiments (CCEs) and resultant Yield estimates, both for Crop Production estimates and Crop Insurance. Crop Cutting Experiments (CCE) shall be undertaken per unit area /per crop, on a sliding scale, as indicated below: Sl. INSURANCE UNIT Minimum no. of CCEs required to be 2. Taluka / Tehsil / Block 16 3. Mandal/Hobli/ Phirka / Revenue 10 4. Village / GramPanchayat/Patwar- 4 for major crops, 8 for other crops However, a Technical Advisory Committee (TAC) comprising representatives from Indian Agricultural Statistical Research Institute (IASRI), National Sample Survey Organization (NSSO), Ministry of Agriculture & Farmers Welfare (GoI) and implementing agencies shall dispose/decide the issues relating to CCEs and all other technical matters.",122,en,pmfby_crop_insurance,government_document,2026-05-07,"[2, 8]",2,,high,text discusses crop yield and farm labour costs
aa927fed,"Inputs from RST/satellite imagery would also be utilized in optimizing the sample size of CCEs. Use of Mobile Phone Technology to improve Yield-data Quality & Timeliness It has been felt that process of CCEs currently being conducted for estimating yield is lacking in reliability and speed which affects the claims settlement. There is a need to have good quality, timely and reliable yield-data. For addressing this problem, video/image capture of crop growth at various stages and transmission thereof with CCE data on a real time basis utilizing mobile communication technology with GPS time stamping, can improve data quality, / timeliness and support timely claim processing and payments. States and insurance companies shall utilise this technology for the purpose. The cost of using technology etc.",124,en,pmfby_crop_insurance,government_document,2026-05-07,"[2, 8]",2,,high,text discusses crop yield and farm labour costs
e33c3a34,"for conduct of CCEs etc will be shared between Central Government and State/U.T. Governments on 50:50 basis, wherever necessary, subject to a cap on total funds to be made available by Central Government for this purpose based on approximate cost of procuring hand held devices/Smart phones and 13. INDEMNITY LEVEL (IL) and THRESHOLD YIELD (TY) : 13.1. Three levels of Indemnity, viz., 70%, 80% and 90% corresponding to crop Risk in the areas shall be available for all crops. The Threshold Yield (TY)shall be the benchmark yield level at which Insurance protection shall be given to all the insured farmers in an Insurance 13.3.",104,en,pmfby_crop_insurance,government_document,2026-05-07,"[2, 8]",2,,high,text discusses crop yield and farm labour costs
5596ccc9,"The Threshold Yield for a crop in an Insurance Unit shall be based on average yield of last seven years excluding two years of declared calamity if any, multiplied by the level of indemnity of the area. (cid:1845)(cid:1873)(cid:1865)[(cid:1838)(cid:1853)(cid:1871)(cid:1872) 7 (cid:1851)(cid:1857)(cid:1853)(cid:1870)(cid:1871) (cid:1867)(cid:1858) (cid:1851)(cid:1861)(cid:1857)(cid:1864)(cid:1856) ((cid:1865)(cid:1861)(cid:1866)(cid:1873)(cid:1871) (cid:1872)(cid:1875)(cid:1867) (cid:1866)(cid:1867)(cid:1872)(cid:1861)(cid:1858)(cid:1861)(cid:1857)(cid:1856) (cid:1855)(cid:1853)(cid:1864)(cid:1853)(cid:1865)(cid:1861)(cid:1872)(cid:1877) (cid:1877)(cid:1857)(cid:1853)(cid:1870)(cid:1871) (cid:1861)(cid:1858) (cid:1853)(cid:1866)(cid:1877))] (cid:1872)ℎ(cid:1870)(cid:1857)(cid:1871)ℎ(cid:1867)(cid:1864)(cid:1856) (cid:1851)(cid:1861)(cid:1857)(cid:1864)(cid:1856) = (cid:1850) (cid:1838)(cid:1857)(cid:1874)(cid:1857)(cid:1864) (cid:1867)(cid:1858) (cid:1835)(cid:1866)(cid:1856)(cid:1857)(cid:1865)(cid:1866)(cid:1861)(cid:1872)(cid:1877) 5−7 ( (cid:1853)(cid:1871) (cid:1872)ℎ(cid:1857) (cid:1855)(cid:1853)(cid:1871)(cid:1857) (cid:1865)(cid:1853)(cid:1877) (cid:1854)(cid:1857)) 14. CALENDER OF ACTIVITY: The time-lines for coverage, submission of yield data, price data etc. shall be decided by the SLCCCI strictly keeping in mind the onset of monsoon, sowing period, crop cycle The seasonality discipline shall be same for loanee and non-loanee farmers. The cut-off date is uniform for both loanee and non-loanee cultivators.",118,en,pmfby_crop_insurance,government_document,2026-05-07,"[2, 8]",2,,high,text discusses crop yield and farm labour costs
a5a16a03,"Keeping in view the prevailing agro-climatic conditions, rainfall distribution/irrigation water availabilities, sowing pattern etc. the SLCCCI, in consultation with the insurance company shall fix seasonality disciplines of the coverage and other activities in such a way that it doesn’t encourage adverse selection or moral hazards. Broad seasonality discipline is given in the chart below. State wise details of seasonality will be provided in the Operational Guidelines to be issued by DAC&FW. 1 Issuance of Administrative February August Instructions by Government of India 2 Conduct of SLCCCI meeting to decide March September for notification of Crops and Notified areas, limits of Sum Insured and adoption of Level of Indemnity etc.",109,en,pmfby_crop_insurance,government_document,2026-05-07,"[2, 8]",2,,high,text discusses crop yield and farm labour costs
02750987,3 Loaning period (loan sanctioned) for April to July October to Loanee farmers covered on December 4 Cut-off date for receipt of Proposals of 31 July 31 December farmers (loanee & non-loanee). 5 Cut-off date for receipt of Declarations Within 15 working Within 15 working of Loanee farmers covered on days for loanee days for loanee compulsory basis & non-loanee farmers and seven farmers and farmers covered on Voluntary basis working days for seven working from Bank branches to Respective non-loanee farmers days for non- Nodal Offices. after cut-off date loanee farmers 6 Cut-off date for receipt of Declarations Within two working Within two of farmers covered on Voluntary basis days after receiving working days after from designated Insurance Agent(s) to declaration/ receive Insurance Companies premium.,126,en,pmfby_crop_insurance,government_document,2026-05-07,"[2, 8]",2,,high,text discusses crop yield and farm labour costs
4ad5f1c5,"declaration/ 7 Cut-off date for receipt of Declarations Within seven Within seven of Loanee farmers covered on working days from working days from compulsory basis & non-loanee receipt of receipt of farmers covered on Voluntary basis Declarations by the Declarations by from Respective Nodal Offices of Respective Nodal the Respective Banks to Insurance Company Offices of Banks. Nodal Offices of 8 Cut-off date for receipt of yield data Within a month Within a month from final harvest from final harvest 15. PROCEDURE FOR ASSESSMENT, PROCESSING AND APPROVAL OF 15.1. Yield losses at Notified Area level: Once the Yield Data is received from the State/UT Govt. as per the prescribed cut-off dates, claims will be processed, approved and settled by IA.",120,en,pmfby_crop_insurance,government_document,2026-05-07,"[2, 8]",2,,high,text discusses crop yield and farm labour costs
80f59c07,"If the ‘Actual Yield’ (AY) per hectare of the insured crop for the defined area [on the basis of requisite number of Crop Cutting Experiments (CCEs)] in the insured season, falls short of the specified threshold yield(TY) Yield’ (RY), all the insured farmers growing that crop in the defined area are deemed to have suffered shortfall in their yield. The Scheme seeks to provide protection against such contingency to all insured farmers of an Insurance Unit. Claim Pay-outs based on Yield losses shall be calculated as per the following (cid:1845)ℎ(cid:1867)(cid:1870)(cid:1872)(cid:1858)(cid:1853)(cid:1864)(cid:1864) (cid:1861)(cid:1866) (cid:1851)(cid:1861)(cid:1857)(cid:1864)(cid:1856) (cid:1829)(cid:1864)(cid:1853)(cid:1861)(cid:1865)(cid:1871) (cid:1842)(cid:1853)(cid:1877)(cid:1867)(cid:1873)(cid:1872) = ×(cid:1845)(cid:1873)(cid:1865) (cid:1835)(cid:1866)(cid:1871)(cid:1873)(cid:1870)(cid:1857)(cid:1856) (cid:1846)ℎ(cid:1870)(cid:1857)(cid:1871)ℎ(cid:1867)(cid:1864)(cid:1856)(cid:1851)(cid:1861)(cid:1857)(cid:1864)(cid:1856) (cid:1845)ℎ(cid:1867)(cid:1870)(cid:1872)(cid:1832)(cid:1853)(cid:1864)(cid:1864) (cid:1861)(cid:1866) (cid:1851)(cid:1861)(cid:1857)(cid:1864)(cid:1856) = ((cid:1846)ℎ(cid:1870)(cid:1857)(cid:1871)ℎ(cid:1867)(cid:1864)(cid:1856) (cid:1851)(cid:1861)(cid:1857)(cid:1864)(cid:1856)−(cid:1827)(cid:1855)(cid:1872)(cid:1873)(cid:1853)(cid:1864) (cid:1851)(cid:1861)(cid:1857)(cid:1864)(cid:1856)) 15.2.",106,en,pmfby_crop_insurance,government_document,2026-05-07,"[2, 8]",2,,high,text discusses crop yield and farm labour costs
a9764afd,"Assessment of prevented Sowing: The adverse weather conditions shall be defined in the notification and shall be captured by notified weather station/s in the District. The extent of claims payable will be decided on the basis of weather data recorded at the notified weather station/s for the purpose. The crop-wise scale of payment, upto a maximum of 25% of Sum Insured shall be worked out by IA based on a notified pay-out structure on the occurrence of pre-declared events such as month-wise deficit in aggregate rainfall during a specified period assessed through Reference Weather Stations tagged for the Notified / Group of Notified Area. The insurance coverage shall cease to operate for the crop in the notified area.",118,en,pmfby_crop_insurance,government_document,2026-05-07,"[2, 8]",2,,high,text discusses crop yield and farm labour costs
558b9338,"The cover is available during Kharif season for recognised rain-fed areas and crops. The data provider will be notified by the SLCCCI. Localized Calamity Loss Assessment: 15.3.1. Loss assessment and modified indemnity procedures in case of occurrence of localized perils, such as hailstorm, landslide, flood, and inundation shall be for a cluster of affected farms or affected village and the settlement of claims, if any, will be each insured farmer covered under assessment. The District Administration will assist IA in assessing the extent of loss. Post-Harvest Loss Assessment: 15.4.1. Loss assessment and indemnity procedures in case of occurrence of Post- Harvest Loss shall be for a cluster of affected farms or affected village and the settlement of claims, if any, will be each insured farmer covered under assessment.",128,en,pmfby_crop_insurance,government_document,2026-05-07,"[2, 8]",2,,high,text discusses crop yield and farm labour costs
ec5ba79a,"The District Administration will assist IA in assessing the extent of loss. On-Account Payment of Claims due to Mid-Season Adversity: 15.5.1. In case of adverse seasonal conditions during crop season viz. floods, prolonged dry spells, severe drought, unseasonal rains, IA in consultation with concerned State Government/UT based on agro meteorological data/ satellite imagery or any other proxy indicator will decide about crops/ areas for which on account payment will be made, not exceeding 25% of likely claims. Appraisal of mid-season adversity and quantum of on-account payment will be established jointly by Government of India/concerned State Government/UT and IA.",98,en,pmfby_crop_insurance,government_document,2026-05-07,"[2, 8]",2,,high,text discusses crop yield and farm labour costs
a69658a4,"On account payment will be implemented only in those districts/notified areas where such proxy indicators can be established and will be considered for payment and only if the expected yield during the season is likely to be less than 50% of normal yield. IA shall process the claims liability assessed as per above mentioned methodology and approve the claims. PROCEDURE FOR SETTLEMENT OF CLAIMS: 16.1. For coverage through Banks:-The claim amount along with particulars will be released to the individual Nodal Banks. The Banks at the grass-root level, in turn, shall credit the accounts of the individual farmers and display the particulars of beneficiaries on their notice board. The Banks shall provide individual farmer wise details claim credit details to IA and shall be incorporated in the centralised 16.2.",129,en,pmfby_crop_insurance,government_document,2026-05-07,"[2, 8]",2,,high,text discusses crop yield and farm labour costs
5c2f83a5,"For coverage through other insurance intermediaries: The claim amount will be released electronically to the individual Insured Bank Account. Some areas in the past have reported excess insurance coverage vis-à-vis planted acreage, leading to ‘over’ insurance. Ideally the discrepancy should be handled at farm level to protect the interest of farmers with genuine insurance coverage. However, in the absence of digitized farm records on a GIS platform, it would be cumbersome to physically verify each farm. For the time-being, it is to be addressed as follows: - Wherever the ‘acreage discrepancy’ is likely, the acreage insured at IU level shall be compared with average planted acreage of past three years, and the difference will be treated as ‘excess’ insurance coverage.",120,en,pmfby_crop_insurance,government_document,2026-05-07,"[2, 8]",2,,high,text discusses crop yield and farm labour costs
9d0481e1,"- Sum insured may be scaled down in the ratio the average of three years’ actual planted acreage bears to the insured acreage for the given crop. - Claims shall be calculated on the scaled down sum insured - Premium shall be retained by the insurance company for the portion of sum insured Once the individual farms (plots / survey numbers) are digitized and available on a GIS platform, it is possible to overlay the crop cover as derived using satellite imagery on the GIS platform to identify the crop and estimate the cropped area on each farm. This should lead to identifying the acreage discrepancy at individual farm level. MANAGEMENT OF THE SCHEME AND REVIEW: 17.1.",117,en,pmfby_crop_insurance,government_document,2026-05-07,"[2, 8]",2,,high,text discusses crop yield and farm labour costs
21488f4b,"Government of India shall issue operational guidelines and modalities, which may be appended from time to time, for implementation of the scheme provisions with detailed steps and processes involved, terms and condition applicable, roles and responsibilities of various agencies involved in execution of the scheme and roles and responsibilities of other related stakeholders. These operational modalities shall be considered as part of the scheme. The scheme may be reviewed periodically and additions, deletions and modifications of the provisions may be done as deemed necessary. During each crop season, the agricultural situation will be closely monitored in the implementing States / Union Territories.",102,en,pmfby_crop_insurance,government_document,2026-05-07,"[2, 8]",2,,high,text discusses crop yield and farm labour costs
0aadb7a2,"The State / UT Department of Agriculture and district administration shall set up a District Level Monitoring Committee (DLMC), who will provide fortnightly reports of Agricultural situation with details of area sown, seasonal weather conditions, pest incidence, stage of crop failure (if any) etc. The operation of the Scheme will be reviewed annually, and modifications as may be required would be introduced. Periodic Appraisal Reports on the Scheme would be prepared by Ministry of Agriculture, the Government of India / 18. PUBLICITY & AWARENESS: 18.1. Adequate publicity needs to be given in all the villages of the notified districts/ areas.",100,en,pmfby_crop_insurance,government_document,2026-05-07,"[2, 8]",2,,high,text discusses crop yield and farm labour costs
32a20132,"All possible means of electronic and print media, farmer’s fair, exhibitions including SMS messages, short films, and documentaries shall be utilized to create and disseminate awareness, benefits and limitations of the Scheme among the cultivators and the agencies involved in implementing the Scheme. Agriculture/Cooperation Department of the States in consultation with IA shall work out appropriate Plan for adequate awareness and publicity three months prior to the start of coverage period. IA shall also assist the State Government/ UT in capacity building for effective implementation of the scheme and organize training workshops/sensitization programme for various stakeholders. PMFBY is a replacement scheme of NAIS / MNAIS, and hence exempted from Service Tax liability of all the services involved in the implementation of the scheme.",123,en,pmfby_crop_insurance,government_document,2026-05-07,"[2, 8]",2,,high,text discusses crop yield and farm labour costs
05886994,"USE OF INNOVATIVE TECHNOLOGY: DAC&FW shall carry out pilots in select areas, in collaboration with various States/UTs, national and international research organisations / institutes, IMD, insurance companies, reinsurers etc. to make use of available technology in the fields of remote sensing, aerial imagery, satellites etc. that can help in acreage estimation, crop health / loss estimation, quicker yield estimation etc. with reduced manpower & infrastructure. With development of number of satellites with high resolution images orbiting the Earth, there have been great improvements in satellite imagery products. It has been reasonably proven the satellite imagery can help in demarcating the cropped areas into clusters on the basis of crop health. This feature can be successfully used to target the CCEs within the Insurance Unit (IU).",125,en,pmfby_crop_insurance,government_document,2026-05-07,"[2, 8]",2,,high,text discusses crop yield and farm labour costs
af797a6e,"Thus satellite imagery can help in ‘smart sampling’ of CCEs. While an IU with heterogeneous crop health may need standard sample of CCEs, for eg. 4 CCEs per Village / Village Panchayat for major crops, the more homogenous IU may need a lower sample size, say 2 CCEs. This is expected to minimize the total CCEs needed by about 30-40%. States should progressively adopt this technique in generating After proven strong correlation between RST / Satellite Imageries results and yield estimates through CCEs, States may use the technologies in estimating the crop yields at IU level, subject to the satisfaction of Central and State Governments and insurance companies with the accuracy of the yield estimates to service the claims.",119,en,pmfby_crop_insurance,government_document,2026-05-07,"[2, 8]",2,,high,text discusses crop yield and farm labour costs
02c2dfac,"The integrity of CCEs will be verified by use of GPRS enabled Mobile phones with cameras/smart phones. These phones will also help in addressing the problem of area discrepancy by capturing pictures of standing crops and will also help in quicker, accurate estimation of yields. Such technologies, after due consideration of pilot results by the Government shall be included in the Scheme. All state government shall use technology initiatives in the conduct and supervision of CCEs to provide the yield data with minimum delay to IA for quick processing of the claims. The state governments shall also use technology initiatives in the reporting of loss reports for on-account claim settlement, Claim intimations for Localized calamity and Post-Harvest losses. A centralized repository shall be maintained.",124,en,pmfby_crop_insurance,government_document,2026-05-07,"[2, 8]",2,,high,text discusses crop yield and farm labour costs
de7d212e,"Appropriate application (web based, app based etc.) would be developed by NIC. The State Government, IA, Banks, Insurance Intermediaries shall use this applications for inputting various operational data like notification related data, individual farmer wise insurance coverage and claims details, crop loss details etc. REVIEW OF THE SCHEME State Governments will review the performance of the scheme after one year and point out corrections, if any, required in any of the provisions of the scheme to Weather Based Crop Insurance Scheme (WBCIS):- The structure of farmer’s premium under WBCIS will be at par with the proposed PMFBY. Also, the Criteria of selection of Implementing Agency and area allocation will be same as PMFBY. Existing Premium Subsidy Structure Sr.",118,en,pmfby_crop_insurance,government_document,2026-05-07,"[2, 8]",2,,high,text discusses crop yield and farm labour costs
a7c0df12,Premium Slab Subsidy by Central and State Government on 50 : 50 basis No. and premium payable by farmer 1. > 2 - 5% 25% subsidy subject to minimum net premium of 2% 3. > 5 – 8 % 40% subsidy subject to minimum net premium of 3.75% 4. > 8% 50% subsidy subject to minimum net premium of 4.8% and maximum net premium of 6% payable by farmers.,69,en,pmfby_crop_insurance,government_document,2026-05-07,"[2, 8]",2,,high,text discusses crop yield and farm labour costs
c549e103,"Revised Premium Subsidy Structure The rate of Insurance Charges payable by the farmer will be as per the following table: charges payable by farmer 1 Kharif Food & Oilseeds crops (all 2.0% of SI or Actuarial rate, cereals, millets, & oilseeds, whichever is less 2 Rabi Food & Oilseeds crops (all 1.5% of SI or Actuarial rate, cereals, millets, & oilseeds, whichever is less 3 Kharif & Annual Commercial / Annual 5% of SI or Actuarial rate, Rabi Horticultural crops whichever is less Unified Package Insurance Scheme (UPIS) 1. Nature of the Scheme: 1.1 Unified Package Insurance Scheme aims at providing financial protection to citizens associated in agriculture sector, thereby ensuring food security, crop diversification and enhancing growth and competitiveness of agriculture sector besides protecting farmers from financial risks.",129,en,pmfby_crop_insurance,government_document,2026-05-07,"[2, 8]",2,,high,text discusses crop yield and farm labour costs
0048f6da,The cover will be for one full year except for Crop Insurance (which will be bi-annual separately for Kharif and Rabi seasons) renewable from year to year. The scheme would be offered / administered through AIC & empanelled General Insurance Companies willing to offer the product on similar terms with necessary approvals and allocation of area on pilot basis. The Loanee farmers will be covered through Banks/Financial Institutions whereas non- loanee farmer shall be covered through banks and/or insurance intermediaries. a) This policy is designed to take care of the insurance needs of farmers associated with agriculture activities. This policy provides yield based crop insurance to the farmer based on his ownership rights of land and sown crop.,118,en,pmfby_crop_insurance,government_document,2026-05-07,"[2, 8]",2,,high,text discusses crop yield and farm labour costs
d846493a,"b) It covers both the personal assets of the farmer like the dwelling & its contents (Fire), the other assets which help him in earning his livelihood such as Agricultural Pump Sets, and Agriculture Tractor owned by farmer. c) The policy also provides protection to farmer and his/her family members in case of the Accidental Death / Disablement, accidental insurance protection of farmer’s school/college going children and provisioning of education fee to the students in case of death of parent. d) Life insurance protection to the farmer and his/her family members. e) The policy will be issued for a period up to 1 year. Salient Features and Benefits: 1.",109,en,pmfby_crop_insurance,government_document,2026-05-07,"[2, 8]",2,,high,text discusses crop yield and farm labour costs
850b5807,"The farmers package policy will be underwritten by the General Insurance Companies empanelled by DAC&FW under crop insurance programmes and/or designated by this Department or through GIC Companies having tie-up with concerned F.I./Banks for non-crop sections of the policy. The policy contains 7 Sections. Crop Insurance is mandatory. However, farmers have to choose at least two other sections also to avail the applicable subsidy under crop insurance section. In case of crop insurance, applicable Farmer’s share of premium ranging between 1.5% to 5% based on their insured crops is payable by farmer & in case Actuarial premium is more, the Government will provide subsidy equivalent to the difference between Actuarial premium and premium paid by farmer.",116,en,pmfby_crop_insurance,government_document,2026-05-07,"[2, 8]",2,,high,text discusses crop yield and farm labour costs
0fd6a16b,The crop insurance is based on area approach whereas all other sections are on individual 4. If the farmers already availed any insurance policy of similar nature and sum insured not less than as mentioned in the policy than they would be exempted from taking such section(s). However details of such policy would be provided in 5. The rates above are indicative & subject to the concurrence of the insurers. Sum Insured and premium rates are provisionally taken and may change according to the risk(s). The detailed section wise tentative sum insured and applicable premium for the farmer(s) are in the proposal forms enclosed at Annexure-I 8. The above premium rates are without service tax which is likely to be exempted.,121,en,pmfby_crop_insurance,government_document,2026-05-07,"[2, 8]",2,,high,text discusses crop yield and farm labour costs
0effc940,"The Section – wise details of the scheme are as under: CROP INSURANCE :- PMFBY/WBCIS/ – State can choose any of these two BUILDING AND CONTENTS INSURANCE (FIRE AND ALLIED PERILS) The indemnity under this section is based on declared sum insured basis (first loss The Company will indemnify the Insured in respect of loss of or damage to the Contents/Buildings whilst contained in the insured premises by: a) Fire, Lighting, Explosion of gas in domestic appliances, b) Bursting and overflowing of water tanks, apparatus or pipes, c) Aircraft or articles dropped therefrom, d) Riot, Strike, or Malicious Act, e) Earthquake, (Fire and / or Shock) Subsidence and Landslide (including Rockslide) f) Flood, inundation, storm, tempest, typhoon, hurricane, tornado or cyclone.",121,en,pmfby_crop_insurance,government_document,2026-05-07,"[2, 8]",2,,high,text discusses crop yield and farm labour costs
7ec74931,"The Company shall not be liable in respect of: a) Loss or damage by burglary and / or housebreaking or theft where any member of the insured’s family is concerned as principal or accessory. b) Loss of or damage to articles of consumable nature. c) Loss of or damage to money, securities, stamps, stamp collections, bullion, livestock, motor vehicles and pedal cycles. d) Loss of or damage to deeds, bonds, bills of exchange, promissory notes, shares and stock certificates, business books, manuscripts, documents of any kind, unset precious stones and Jewelry and Valuable.",93,en,pmfby_crop_insurance,government_document,2026-05-07,"[2, 8]",2,,high,text discusses crop yield and farm labour costs
0be25dd8,"Personal Accident Insurance (Coverage as per Pradhan Mantri Suraksha Bima Yojana) DETAILS OF THE SCHEME: The scheme will be a one year cover, renewable from year to year, Accident Insurance Scheme offering accidental death and disability cover for death or disability on account of an accident. The scheme would be offered / administered through Public Sector General Insurance Companies (PSGICs) and other General Insurance Companies willing to offer the product on similar terms with necessary approvals and tie up with Banks for this purpose. Participating banks will be free to engage any such insurance company for implementing the scheme for their subscribers. Scope of coverage: All savings bank account holders in the age 18 to 70 years in participating banks will be entitled to join.",125,en,pmfby_crop_insurance,government_document,2026-05-07,"[2, 8]",2,,high,text discusses crop yield and farm labour costs
c55de23f,"In case of multiple saving bank accounts held by an individual in one or different banks, the person would be eligible to join the scheme through one savings bank account only. Aadhar would be the primary KYC for the bank account. Enrollment Modality / Period: The cover shall be for the one year period stretching from 1 June to 31 May for which option to join / pay by auto-debit from the designated savings bank account on the prescribed forms will be required to be given by 31 May of every year, extendable up to 31 August. Joining subsequently on payment of full annual premium may be possible on specified terms.",111,en,pmfby_crop_insurance,government_document,2026-05-07,"[2, 8]",2,,high,text discusses crop yield and farm labour costs
3b180176,"However, applicants may give an indefinite / longer option for enrollment / auto-debit, subject to continuation of the scheme with terms as may be revised on the basis of past experience. Individuals who exit from the scheme at any point may re-join the scheme in future years through this modality. New entrants into the eligible category from year to year or currently eligible individuals who did not join earlier shall be able to join in future years while the scheme is continuing.",82,en,pmfby_crop_insurance,government_document,2026-05-07,"[2, 8]",2,,high,text discusses crop yield and farm labour costs
d2774ba2,"Benefits: As per the following table: Table of Benefits Sum Insured Total and irrecoverable loss of both eyes or loss of use of hands or feet or loss of sight of one eye and loss of use of Total and irrecoverable loss of sight of one eye or loss of Premium: Rs.12/- per annum per member. The premium will be deducted from the account holder’s savings bank account through ‘auto debit’ facility in one installment on or before 1 June of each annual coverage period under the scheme. However, in cases where auto debit takes place after 1 June, the cover shall commence from the first day of the month following the auto debit.",114,en,pmfby_crop_insurance,government_document,2026-05-07,"[2, 8]",2,,high,text discusses crop yield and farm labour costs
76929516,"Eligibility Conditions: The savings bank account holders of the participating banks aged between 18 years (completed) and 70 years (age nearer birthday) who give their consent to join / enable auto-debit, as per the above modality, will be enrolled into the scheme. In case of Joint Account holders, both the account holders are eligible to join on payment of premium for each account holders. Master Policy Holder: Participating Bank will be the Master policy holder on behalf of the participating subscribers. A simple and subscriber friendly administration & claim settlement process shall be finalized by the respective general insurance company in consultation with the participating Banks.",106,en,pmfby_crop_insurance,government_document,2026-05-07,"[2, 8]",2,,high,text discusses crop yield and farm labour costs
ff58bf19,"Termination of cover: The accident cover for the member shall terminate on any of the following events and no benefit will be payable there under: 1) On attaining age 70 years (age nearest birthday). 2) At the time of renewal, closure of account with the Bank or insufficiency of balance to keep the insurance in force. 3) In case a member is covered through more than one account and premium is received by the Insurance Company inadvertently, insurance cover will be restricted to one only and the premium shall be liable to be forfeited.",94,en,pmfby_crop_insurance,government_document,2026-05-07,"[2, 8]",2,,high,text discusses crop yield and farm labour costs
938c6699,"4) If the insurance cover is ceased due to any technical reasons such as insufficient balance on due date for renewal or due to any administrative issues, the same can be reinstated on receipt of full annual premium, subject to conditions that may be laid down. During this period, the risk cover will be suspended and reinstatement of risk cover will be at the sole discretion of 5) Participating banks will deduct the premium amount in the same month when the auto debit option is given, preferably in May of every year, and remit the amount due to the Insurance Company in that month itself. The scheme, subject to the above, will be administered as per the standard procedure stipulated by the Insurance Company.",124,en,pmfby_crop_insurance,government_document,2026-05-07,"[2, 8]",2,,high,text discusses crop yield and farm labour costs
582ff9c1,"The data flow process and data proforma will be It will be the responsibility of the participating bank to recover the appropriate annual premium from the account holders within the prescribed period through ‘auto-debit’ Enrollment form / Auto-debit authorization in the prescribed proforma shall be obtained and retained by the participating bank. In case of claim, the Insurance Company may seek submission of the same. Insurance Company reserves the right to call for these documents at any point of time.",80,en,pmfby_crop_insurance,government_document,2026-05-07,"[2, 8]",2,,high,text discusses crop yield and farm labour costs
d3aad064,"The experience of the scheme will be monitored on yearly basis for re-calibration etc., Appropriation of Premium: 1) Insurance Premium to Insurance Company: Rs.10/- per annum per member 2) Reimbursement of Expenses to BC/Micro/Corporate/Agent : Rs.1/- per annum 3) Reimbursement of Administrative expenses to participating Bank: Rs.1/- per The scheme is liable to be discontinued prior to commencement of a new future renewal date if circumstances so require. Agriculture Pumpset Insurance (Upto 10 Horse Power) The Insurance covers the Centrifugal pump sets (electrical and diesel) upto 10 Horsepower capacity which are used for agricultural purposes only.",96,en,pmfby_crop_insurance,government_document,2026-05-07,"[2, 8]",2,,high,text discusses crop yield and farm labour costs
b5795520,"b) /Burglary (due to violent forcible entry provided the pump set is kept in a locked c) Mechanical / electrical d) Riot, Strike, malicious damage SPECIFIC EXCLUSION TO AGRICULTURAL PUMPSET INSURANCE a) Normal wear & tear, gradual deterioration due to atmospheric condition or otherwise. b) Wilful act or gross negligence of the Insured or his representatives. c) Faults existing at the time of commencement of insurance and known to the Insured or his representative. d) Loss or damage for which the manufacturer or supplier of property is responsible either by law or under contract. e) Cost of dismantling, transport to workshop and back as also cost of re-erection.",108,en,pmfby_crop_insurance,government_document,2026-05-07,"[2, 8]",2,,high,text discusses crop yield and farm labour costs
2176591a,"In the event of any occurrence which might give rise to a claim under this Section, the a) immediately notify the Policy issuing Office of the Company by telephone or telegram as well as in writing giving an indication as to the nature and extent of loss b) take reasonable steps within his power to minimise / restrain the loss or damage c) preserve the damaged or defective parts and make them available for inspection by an Official or Surveyor of the Company.",83,en,pmfby_crop_insurance,government_document,2026-05-07,"[2, 8]",2,,high,text discusses crop yield and farm labour costs
6895ebe0,"d) furnish all such information and documentary evidences as the Company may e) the Company shall not be liable for any loss or damage on which notice and completed claim form have not been received by the Company within 14 days of its The liability of the Company under this Section in respect of any item of property sustaining damage for which indemnity is provided, shall cease if the same item is kept in operation without being repaired to the satisfaction of the Company.",84,en,pmfby_crop_insurance,government_document,2026-05-07,"[2, 8]",2,,high,text discusses crop yield and farm labour costs
81e018cd,"AGRICULTURAL TRACTORS INSURANCE As per the provisions, terms, exceptions, conditions and endorsements as per standard Covers the insured against loss or damage to the Agriculture Tractor by fire, explosion, self-ignition or lightning, burglary, housebreaking, theft, riot and strike, earthquake, fire and shock, inundation, typhoon, hurricane, storm, tempest, cyclone, hailstorm, frost, landslide/rockslides by accidental external means, malicious act, terrorism activity while in transit by road, rail, inland waterway. Also provides coverage against death or permanent disablement of the driver, due to an accident while driving the Tractor insured during any one policy period. Legal Liability to Third Parties: - Compensates for death/ bodily injury to third parties up to in the event of tractor being involved in an accident as per M.V.",121,en,pmfby_crop_insurance,government_document,2026-05-07,"[2, 8]",2,,high,text discusses crop yield and farm labour costs
10796f84,"A) If at any time during the currency of this policy the parent / guardian/ student named in the schedule shall sustain any bodily injury resulting solely and directly from accident caused by external violent and visible means and if such injury shall within six calendar months of the occurrence be the sole and direct cause of death or total and irrecoverable loss of two limbs or two eyes or 100% Permanent Total Disablement (permanently totally and absolutely disable the parent /guardian from engaging in any employment or occupation of any description whatsoever) then the company shall pay to the insured Student or parent / guardian as the case may be the capital sum insured stated in the B) In addition to the above benefit mentioned under (A) (if liability is admitted under clause A above) the student shall be reimbursed for the unexpired period of study, the tuition fee, development expenses, boarding and lodging charges and other insured expenses (excluding payments made prior to accident and / or overdue payments as on date of accident) on actual basis subject to the maximum limits as stated in the schedule of benefit.",191,en,pmfby_crop_insurance,government_document,2026-05-07,"[2, 8]",2,,high,text discusses Zero Hunger (crop insurance) and Decent Work & Economy (farm labour costs)
32521cf7,If at any time during the currency of this policy the insured Student shall sustain any bodily injury resulting solely and directly from accident caused by external violent and visible means and if such injury shall within six calendar months of the occurrence be the sole and direct cause of death or total and irrecoverable loss of two limbs or two eyes or 100% Permanent Total Disablement (permanently totally and absolutely disable the insured student from engaging in any employment or occupation of any description whatsoever) then the company shall pay to the parent / guardian or insured Student as the case may be the capital sum insured stated in the schedule of benefits.,114,en,pmfby_crop_insurance,government_document,2026-05-07,"[3, 8]",3,,high,text discusses health insurance for students
39027829,"Subject to the terms, conditions & exclusions the Company undertakes that if during the period stated in the Policy any insured student contracts any disease or suffers from any illness or sustains any bodily injury through accident, and takes treatment at any Nursing Home/Hospital in India as an inpatient, the Company will pay to the Insured Person such expenses as are reasonably and necessarily incurred subject to the limits prescribed but not exceeding the Sum Insured in any one period of insurance stated against that person in the policy. (as per Pradhan Mantri Jeevan Jyoti Bima Yojna (PMJJBY) 1. 2,00,000 per member 2.",103,en,pmfby_crop_insurance,government_document,2026-05-07,"[3, 8]",3,,high,text discusses health insurance for farmers
90cb5426,"To be provided by Life Insurance Companies a) In these Rules, the following words and expressions shall unless repugnant to the context, have the following meanings:- b) “THE SCHEME” shall mean ‘PRADHAN MANTRI JEEVAN JYOTI BIMA YOJANA’ for the Savings Bank Account Holders of ‘BANK’. c) “THE RULES"" shall mean the Rules of the Scheme as set out below and as amended from time to time. d) “THE MEMBER” shall mean a Savings Bank Account Holder who has been admitted to benefits of the Scheme and on whose life an assurance has been or is to be effected in accordance with these Rules.",103,en,pmfby_crop_insurance,government_document,2026-05-07,"[2, 8]",2,,high,text discusses crop yield and farm labour costs
f70094b5,e) “TERMINAL DATE” shall mean in respect of each Member the Annual Renewal Date following the date on which member completes the age of 55 or the member closes his account with the Bank or discontinuance of premium payment whichever f) “THE ASSURANCE” shall mean the particular Assurance to be effected on the life of g) “THE BENEFICIARY” shall mean the person or persons who has/have been appointed by the Member as Nominee and whose name or names have been entered in the Bank Records. The savings bank account holder of the participating banks aged between 18 years (completed) and 50 years (age nearer birthday) and who have given the consent to join the scheme during the ‘enrollment period’ are eligible to join the scheme.,125,en,pmfby_crop_insurance,government_document,2026-05-07,"[2, 8]",2,,high,text discusses crop yield and farm labour costs
cd7a6875,"Age as recorded by the Bank as per the Age Proof submitted by the Savings Bank Satisfactory evidence of health as required by the insurance company shall be furnished by every eligible member, at the time of his entry into the Scheme, after the ‘Enrollment Period’, as incorporated in the “Consent-cum- Declaration Form” for Premium to be deducted from member’s SB Account. The premium is Rs.330/- plus Service Tax (if payable) irrespective of date of entry i.e. during enrollment period or after that date during the first year. Renewal premium is chargeable as per the rate decided from time to time on Annual Renewal dates.",105,en,pmfby_crop_insurance,government_document,2026-05-07,"[2, 8]",2,,high,text discusses crop yield and farm labour costs
885144e5,"TERMINATION OF ASSURANCE: The Assurance on the life of a Member shall terminate on an Annual Renewal Date upon happening of any of the following events and no benefit will become payable thereunder:-On attaining age 55 years (age nearest birthday) on annual renewal Closure of account with the Bank or insufficiency of balance to keep the insurance in If the insurance cover is ceased due to any technical reasons such as insufficient balance for payment of premium on due date of renewal, the same can be reinstated after the grace period on receipt of premium and a satisfactory statement of good RESTRAINT ON ANTICIPATION OR ENCUMBRANCE : The benefits assured under the Scheme are strictly personal and cannot be assigned, charged or alienated in any way.",126,en,pmfby_crop_insurance,government_document,2026-05-07,"[2, 8]",2,,high,text discusses crop yield and farm labour costs
f8f995a6,"DISCONTINUANCE OR AMENDMENT OF THE SCHEME: The “Bank” or Insurance Company reserves the right to discontinue the Scheme at any time or to amend the Rules thereof on any Annual Renewal Date subject to giving one month’s notice. Any amendment to the Rules of the Scheme will be done based on mutual agreement between Insurance Company and “Bank”. All Assurances issued under the Scheme shall be Indian Contracts. They will be subject to Indian Laws including the Insurance Act, 1938 as amended, the Income Tax Act, 1961 and to any legislation subsequently introduced. All benefits under the Scheme arising out of death of any Member shall be payable in Indian Rupees.",111,en,pmfby_crop_insurance,government_document,2026-05-07,"[2, 8]",2,,high,text discusses crop yield and farm labour costs
2999ddf2,"GENERAL CONDITIONS AND DEFINITIONS FOR ALL SECTIONS Every notice and communication to the Company required by this Policy shall be in writing to the Policy issuing Office of the Company. This Policy shall be void and all premium paid hereon shall be forfeited to the Company in the event of misrepresentation, misdescription or non-disclosure of any material The Insured shall take all reasonable steps to safeguard the property insured against any loss or damage. The Insured shall exercise reasonable care that only competent employees are employed and shall take all reasonable precautions to prevent all accidents and shall comply with all statutory or other regulations.",105,en,pmfby_crop_insurance,government_document,2026-05-07,"[2, 8]",2,,high,text discusses crop yield and farm labour costs
89c77ae2,"Cancellation: (Except Sections-1,3&8- PMFBY/WBCIS, PMSBY & PMJJBY) The Policy may be terminated at the request of the Insured in which case the Insurance Company will retain the premium for the period this Policy has been in force at the short period scales of rates, subject to the retention of minimum premium of Rs. No refund of premium shall be made if a claim is reported in the policy. The details of the cancellation procedure are as per guidelines.",78,en,pmfby_crop_insurance,government_document,2026-05-07,"[2, 8]",2,,high,text discusses crop yield and farm labour costs
b5de5443,"i) The Insured shall upon the occurrence of any event giving rise or likely to give rise to a claim under this Policy: a) In the event of theft lodge forthwith a complaint with the Police and shall take all practicable steps to apprehend the guilty person or persons and to recover the b) Give immediate notice thereof to the Company and shall within Fourteen (14) days thereafter furnish to the Company at his own expense detailed particulars of the amount of the loss or damage, together with such explanation and evidence to substantiate the claim as the Company may reasonably require.",102,en,pmfby_crop_insurance,government_document,2026-05-07,"[2, 8]",2,,high,text discusses crop yield and farm labour costs
da015c96,"ii) If the Insured or member of the Insured’s family comprising the Insured’s spouse and children shall die, notice of death shall be given by the legal representative(s) forthwith. All certificates information and evidence whether from a Medical Attendant or otherwise required by the Company shall be furnished at the expense of the Insured or his legal representatives and shall be in such form and of such nature as the Company may prescribe..",73,en,pmfby_crop_insurance,government_document,2026-05-07,"[2, 8]",2,,high,text discusses crop yield and farm labour costs
a0e5773f,"iii) The Insured shall upon the occurrence of any event giving rise or likely to give rise to a claim under the Policy give immediate notice thereof to the Company and shall forward to the Company forthwith every written notice or information of any verbal notice of claim and shall send to the Company any writ, summons or other legal process issued or commenced against the Insured and shall give all necessary information and assistance to enable the Company to settle or resist any claim or to institute proceedings. The Insured shall not incur any expenses in making good any claim without the prior consent of the Company and shall not negotiate, pay, settle, admit or repudiate any claim without such consent.",122,en,pmfby_crop_insurance,government_document,2026-05-07,"[2, 8]",2,,high,text discusses crop yield and farm labour costs
337d48cd,"In the event of any loss damage liability or expenses covered by this Policy there shall be any other insurance covering the same loss damage liability or expenses, whether effected by the Insured or not this Policy shall pay only so much of the excess of such loss damage liability or expenses as is not recoverable under such other insurance subject always to the limitations of this Policy. If any claim under this Policy shall in any respect be fraudulent or if any fraudulent means or devices are used by the Insured or any one acting on the Insured’s behalf to obtain any benefit under this Policy, all benefits under the Policy shall be forfeited.",115,en,pmfby_crop_insurance,government_document,2026-05-07,"[2, 8]",2,,high,text discusses crop yield and farm labour costs
4e275dbb,"The Company may at its option reinstate/replace or repair the property or premises lost or damaged or any part thereof instead of paying the amount of the loss or damage or may join with any other insurer in so doing but the Company shall not be bound to reinstate exactly or completely but only as circumstances permit and in reasonably sufficient manner and in no case shall the Company be bound to expend more in reinstatement than it would have cost to reinstate such property as it was at the time of occurrence of such loss or damage and not more than the Sum Insured by the If the property hereby insured shall at the time of any loss or damage be collectively of greater value than the Sum Insured thereon, then the Insured shall be considered as being his own insurer for the difference, and shall bear a ratable proportion of the loss or damage accordingly.",157,en,pmfby_crop_insurance,government_document,2026-05-07,"[2, 8]",2,,high,text discusses crop yield and farm labour costs
fc2d5f1c,"Every item insured, if more than one, of the Policy, shall be separately subject to this condition. Grievance Redressal Mechanism To address any grievance/ complaint under the scheme, a committee consisting of District Agriculture Officer (Nodal Officer), representatives of implementing insurance company and bank/ financial institution shall be constituted. The working of the grievance committee will be monitored by District Level Monitoring Committee (DLMC) under the chairmanship of District Magistrate.",70,en,pmfby_crop_insurance,government_document,2026-05-07,"[2, 8]",2,,high,text discusses crop yield and farm labour costs
60e59fe0,"Observance of Terms and Conditions: The due observance and fulfillment of the terms, conditions and endorsement of this Policy in so far as they relate to anything to be done or complied with by the Insured shall be a condition precedent to any liability of the Company to make any payment The Company shall not be liable in respect of: 1. Loss or damage, liability or expenses whether directly or indirectly, occasioned by happening through or arising from any consequences of war, invasion, act of foreign enemy, hostilities (whether war be declared or not) civil war, rebellion, revolution, insurrection, mutiny, military, or usurped power or civil commotion or loot or pillage in 2. Loss or damage caused by depreciation or wear and tear 3.",124,en,pmfby_crop_insurance,government_document,2026-05-07,"[2, 8]",2,,high,text discusses crop yield and farm labour costs
410c102c,Consequential loss of any kind or description. a) Loss or damage directly or indirectly caused by or arising from or in consequence of or contributed to by nuclear weapons material. b) This Insurance does not cover loss or damage directly or indirectly caused by or arising from or in consequence of or contributed to by ionising radiation or contamination by radioactivity from any nuclear fuel or from any nuclear waste from the combustion of nuclear fuel. For the purpose of Condition 4 (b) only combustion shall include any self-sustaining process of nuclear fission. PROPOSAL – CUM – POLICY SCHEDULE Address of Policy Issuing Office Period of Insurance (both days inclusive): SECTION DESCRIPTION OF PROPERTY UM 1. Crop Presuming average holding of 1.5 60000 Farmers Rs.,125,en,pmfby_crop_insurance,government_document,2026-05-07,"[2, 8]",2,,high,text discusses crop yield and farm labour costs
07fa3890,1500 Insurance hectare with tentative Sum Insured of (Rs.30000 premium (approx) (Yield & Rs. 20000 per hectare per season of each liabilities Area Khasra No. Residential Building (covered Allied Perils on first loss basis) Rs.25000 Rs. 20 (covered on Sum Insured up to: Rs. 40 First loss Rs.75000 Rs. 60 Household Contents Rs. 20 (Excluding Jewelry) Rs.30000 Rs. Personal Name/ Age / Dt. Of Name of Accident Occupation birth Nominee Benefits (per member): Suraksha 1. Accidental death: Rs. Permanent total disablement: Rs. Loss of one limb/Eye: Rs. Applicable to Age group 18-70 4. Agriculture Pump Driving Unit Delivery Yr.of make Yr. Agriculture Cover required: Third Party / Insured’s Tractor Comprehensive declared gn. Type ve presumed IRDA Mar of hic Rs. Student Name of Age / Dt.,126,en,pmfby_crop_insurance,government_document,2026-05-07,"[2, 8]",2,,high,text discusses crop yield and farm labour costs
99094882,"Of Name of Safety Student Birth Nominee Benefits (for Parent/ Student): SI per 1. Accidental death: Rs. Permanent total disablement: Rs. Loss of one limb/Eye: Rs. Accidental Hospitalization: Rs. 5000 In case of death of Father or Mother, the Claim amount to be converted into FD in the name of student till attainment of 7. Life Name/ Age / Dt. 330 Insurance Occupatio Of birth Nominee 200000 per 1. 200000 per member 2. To be provided by Life Insurance companies NOTE: The liability of the Company does not commence until the proposal has been Total Premium ( *including Rs.",99,en,pmfby_crop_insurance,government_document,2026-05-07,"[2, 8]",2,,high,text discusses crop yield and farm labour costs
79343c6b,"5145* accepted by the Company and full premium Third Party cover forTractor) I/We hereby declare that the particulars contained herein are true and correct and that no material fact has been withheld, mis-stated or misrepresented and also that this proposal-cum-schedule form part of the company’s standard policy and shall be the basis of the contract between me/us and insurance company. I / We further declare that the sum Insured herein represent the full value of the property / persons / animals / birds / carts described herein. I do hereby assign the money payable in the event of my death by to further declare that his receipt shall be sufficient discharge to the Company. Place: Signature of the Proposer",119,en,pmfby_crop_insurance,government_document,2026-05-07,"[2, 8]",2,,high,text discusses crop yield and farm labour costs
ced0205f,"In India, Rural Road Connectivity, has been appreciated as a key component of Rural Development, which promotes access to economic and social services and generates increased agricultural incomes as well as strengthens rural livelihoods. In this context, Pradhan Mantri Gram SadakYojana (PMGSY), was launched in December, 2000 as a special intervention of the Government of India with the broad objective of ensuring sustainable poverty reduction. The scheme aims to provide good quality all-weather single connectivity to every eligible habitation. Rural roads are a state subject under the Constitution and as such are the basic responsibility of the states. However under the PMGSY, the construction of good quality and well-engineered roads are fully funded by the Government of India. Maintenance of these roads is the responsibility of the states.",128,en,pmgsy_rural_roads,government_document,2026-05-07,"[2, 8]",2,,high,text discusses agriculture and rural livelihoods
201f25b9,"The year 2013 saw the launch of PMGSY-II with the objectives of consolidating the existing rural road network and upgrading existing rural roads that provide connectivity to rural growth centres.PMGSY-II envisages sharing of construction costs between the Centre and the states with maintenance costs continuing to be funded fully by the states. Over the last decade and a half, the PMGSY has carved out a place for itself as a programme characterised by creation of good quality assets, effective management and technical proficiency by the National Rural Road Development Agency (NRRDA), along with capable state road agencies.",97,en,pmgsy_rural_roads,government_document,2026-05-07,"[2, 8]",2,,high,text discusses rural growth centres and farm labour costs
1e5a0baa,"Under PMGSY more than 4.50 lakh km of all-weather rural roads have been constructed targeting more than 1.67 lakh unconnected habitations of population more than 500 persons in plain areas and 250 persons in hilly areas, deserts and tribal areas. To sustain the benefits arising from this improved connectivity, NRRDA with funding support from respective states, has also introduced a mechanism of integrated 5 year maintenance of the roads constructed or upgraded under PMGSY. In a parallel initiative NRRDA has associated the International Labour Organisation (ILO), to propagate the essence of maintenance of created road assets to key stakeholders including road users, and to support the rural road agencies in 8 States for capacity building in implementing and executing maintenance activities.",121,en,pmgsy_rural_roads,government_document,2026-05-07,"[3, 8]",8,,high,text discusses rural employment and infrastructure development
9a5b5c28,"These include drafting a maintenance policy framework, producing a guide on rural roads maintenance, alternate contracting options in form of performance based contracts, involvement of community in maintenance activities, developing training materials and conducting training workshops on rural roads maintenance in 8 participating states for field engineers and contractors. In order to assess the effectiveness of its approach and efforts for maintenance of rural roads under PMGSY, NRRDA had also mandated the ILO to undertake an ‘Impact Assessment’ study of the improved road maintenance system in the 4States (Bihar, Jharkhand, Rajasthan and Uttar Pradesh).",94,en,pmgsy_rural_roads,government_document,2026-05-07,"[3, 8]",8,,high,text discusses employment and rural development
8d2fc4eb,"This study report submitted by the ILO, assesses comprehensively the impact of the maintenance (and non-maintenance) of PMGSY rural roads on socio- economic parameters in the influence area of the subject roads in terms of agricultural growth, income and employment generation, access to healthcare, education and on the poverty alleviation. It must be appreciated that PMGSY is a huge Central Investment in the State Sector as part of a poverty reduction strategy. This investment is likely to be useful only if the main rural road network, particularly the rural Core Network is maintained, for a long time in good condition.",100,en,pmgsy_rural_roads,government_document,2026-05-07,"[2, 8]",2,,high,text discusses crop yield and farm labour costs
5f6ec2a1,"In this context, empirical studies, like the present one are important because they provide evidence of such sustained maintenance of rural roads on access to markets, education and health care facilities as well as on–farm and off–farm activities. Such studies also serve as advocacy tools for long term investments in proper maintenance of rural road network. I would like to acknowledge the support of all those who wereassociated with conducting this study and development of this report, especially the ILO and its technical assistance team under the guidance of its Chief Technical Adviser Mr. Htun Hlaing, the ILO’s Rural Roads Maintenance Engineers and counterpart state officials in the four States and M/s CMI Social Research Centre, New Delhi which undertook this study on behalf of the ILO.",127,en,pmgsy_rural_roads,government_document,2026-05-07,"[2, 8]",2,,high,text discusses access to health care facilities and farm activities
7ecca3eb,"I would also place on record the valuable suggestions of my colleagues Ms. Manju Rajpal, IAS, (ex Director – RC) and Mr. Bhatia, Deputy Director, NRRDA during the course of this study. I sincerely believe, this impact assessment study would assist the rural road agencies in the eight participating states as well in all other states to guide and align their rural roads maintenance initiatives so as to effectively secure adequate and timely maintenance of all rural roads, not merely the PMGSY roads and improve maintenance practices so that benefits of access continue to remain available for our rural population on a sustainable basis.",104,en,pmgsy_rural_roads,government_document,2026-05-07,"[2, 8]",2,,high,text discusses rural roads and maintenance practices which is related to employment and livelihood
51494332,"(Rajesh Bhushan, IAS) Ministry of Rural Development ANM Auxiliary Nurse Midwife APL Above Poverty Line ASHA Accredited Social Health Activist BPL Below Poverty Line CHC Community Health Centre DLP Defect Liability Period DPR Detailed Project Report FGD Focus Group Discussions IAP Integrated Action Plan ILO International Labour Organization IRC Indian Roads Congress MGNREGA Mahatma Gandhi National Rural Employment MHRD Ministry of Human Resource Development MoRD Ministry of Rural Development NGO Non-Governmental Organization NRHM Nation Rural Health Mission NRRDA National Rural Roads Development Agency NUEPA National University of Educational Planning and O&M Operations & Maintenance PCI Pavement Condition Index PDS Public Distribution System PHC Public Health Centre PIU Programme Implementation Unit PMGSY Pradhan Mantri Gram Sadak Yojana PRI Panchayati Raj Institution PTR Pupil-Teacher Ratio PWD Public Works Department RIDF Rural Infrastructure Development Fund SBD Standard Bidding Document SDM Sub-Divisional Magistrate SDO Sub-Divisional Officer SLSC State Level Standing Committee SRRDA State Rural Roads Development Agency TA Technical Assistance ToR Terms of Reference VO Voluntary Organizations The potential of rural roads in transforming rural India has been well established by many impact assessment studies in the past.",184,en,pmgsy_rural_roads,government_document,2026-05-07,"[2, 8]",2,,high,text discusses crop yield and farm labour costs
df062542,"Road investments have made significant impact on reducing poverty, improving incomes and access to health and education facilities. In India the thrust on rural roads development was intensified by launching of the Pradhan Mantri Gram Sadak Yojana (PMGSY) in December, 2000. This scheme’s distinctive quality management system and provision of composite construction contract including maintenance have resulted in better quality roads across the country. State Governments, however have not been very judicious in effectively utilizing their budgets to target road maintenance and have been more inclined in building new roads ignoring the maintenance needs or existing rural roads.",98,en,pmgsy_rural_roads,government_document,2026-05-07,"[3, 8]",8,,high,text discusses employment and rural development
dd89675e,"It is believed that unless a strategic approach for rural road maintenance starting from adequate funding provisions to building capacities to making the local authorities more accountable is adopted, it will not be far when the benefits of these capital investments will be lost. Better planning and small investments in maintenance can multiply the rural roads’ impacts and give much higher returns on the investments made This study was commissioned by the International Labour Organization (ILO) under the technical assistance project for PMGSY with an objective to assess the impact of rural roads maintenance and to ascertain whether the benefits provided by the construction of the roads developed or not; and if the benefits do develop, whether these are sustained or not.",122,en,pmgsy_rural_roads,government_document,2026-05-07,"[2, 8]",2,,high,"text discusses Zero Hunger (agriculture, crops, farmers) and Decent Work & Economy (employment, wages, MGNREGA, job, livelihood, rural employment)"
b4e73aa2,"This impact assessment study was carried out in one district each of Bihar, Jharkhand, Rajasthan and Uttar Pradesh States covering two groups of sample units, rural roads which are maintained and in good operational conditions and rural roads which are not maintained and not in good condition. Households were interviewed; group discussions were conducted and based on the findings this report presents the impact of rural roads maintenance.  The concept of rural road connectivity is based on construction of all- weather roads. The continuity and uninterrupted connectivity has opened up flow of goods and services to the villages and regular and faster access to facilities outside the villages for the villagers. The real impact of rural roads is only possible when the round the year connectivity is sustained.",129,en,pmgsy_rural_roads,government_document,2026-05-07,"[2, 8]",2,,high,text discusses agriculture and employment
a86dbffe,"The study has found that in many habitations where the roads have not been maintained, the road access is disrupted for a substantial period thereby causing huge discomfort to the residence therein who actually got used to the improved access after construction  In many cases it was seen that road construction attracted very complementary investments made by people considering that these roads will be permanent and will remain operational forever. Poor or no maintenance has disrupted the road connectivity threatening the sustainability and returns of such investments causing loss and anxiety  When the roads were built many farmers shifted to crops which were considered feasible and more profitable with the new connectivity.",114,en,pmgsy_rural_roads,government_document,2026-05-07,"[2, 8]",2,,high,text discusses crop yield and farm labour costs
9e4aec46,"Though no significant loss has been inflicted on them so far but most of them were very apprehensive and concerned about poor maintenance  Most of the roads built in the rural areas resulted in significant savings in travel time and cost to reach the market. In habitations where roads were not maintained, these gains seem to have been lost to a large extent. Whereas habitations covered under the study have identical socio-economic conditions, the comparison of data from sample and control habitations reflects that more farmers are sourcing better agricultural inputs and services where the roads are maintained. The same was noticed in other allied activities like livestock and poultry  The study also brought out that post construction of rural roads, the employment scenario also improved significantly.",129,en,pmgsy_rural_roads,government_document,2026-05-07,"[2, 8]",2,,high,text discusses crop yield and farm labour costs
37c82e7f,More people were traveling outside the habitations for better employment opportunities but in the habitations where the road quality deteriorated the number of people traveling outside the habitations for seeking employment has  With the improved roads and better public transport facilities the travel time to the place of work reduced for many workers traveling outside the habitations on a daily basis. The respondents in control habitations where the roads were not maintained reported that these gains are lost now increasing their hardships. x Impact Assessment Study of Improved Rural Road Maintenance System  Many new income opportunities and small enterprises have flourished simply due to the rural roads.,109,en,pmgsy_rural_roads,government_document,2026-05-07,"[2, 8]",2,,high,text discusses Zero Hunger and Decent Work & Economy
8b0aa2e7,"The gains were found very impressive in the habitations where roads were maintained but in habitations where the roads were not maintained, the sustainability of these enterprises is  Access to health facilities also improved post construction of the road and very substantial and critically important time is saved. Not only people are travelling outside to access health facilities even more doctors and health workers are visiting these villages more frequently than before. Comparison of data shows that in the habitations connected by roads which are not maintained, the travel outside the habitations for visiting health facility was also much lower. These habitations also show poorer mother and child health indicators than the habitations where roads are maintained and operational.",120,en,pmgsy_rural_roads,government_document,2026-05-07,"[3, 8]",3,,high,text discusses health facilities and employment
5415008b," One of the most significant differences was seen was related to education parameters in the comparisons. More schools have come up in the sample habitations and more teachers per number of students were noticed in the habitations where roads are better maintained.  Overall improvements in other social impacts were also found in the habitations having better maintained roads. Based on these lessons, there is a need to develop a strategic framework to help guide the State Governments in investing in and implementing strategies to take advantage of the potential of rural roads development to accelerate social and economic development of rural areas in a sustained manner.",108,en,pmgsy_rural_roads,government_document,2026-05-07,"[4, 8]",4,,high,text discusses education and employment
1ce105fe,"Such a framework shall consist of many critical areas for strategic Effort should be made to involve the Gram Panchayats for management and maintenance of rural roads. This will not only develop ownership of the road assets but will also make them more responsible and accountable. Involvement of local communities and strategic interventions by the States will not only secure the assets but also multiply the positive impacts of rural roads and unleash the potential of rural India to harness their power for developing a strong nation. 1.1 India and rural roads Rural infrastructure has a direct link in improving livelihoods, health and productivity and reduced poverty.",107,en,pmgsy_rural_roads,government_document,2026-05-07,"[2, 8]",2,,high,text discusses crop yield and farm labour costs
448ad02a,"Investments made on infrastructure facilities which enhance productivity make a much more lasting impact on poverty reduction than unconditional subsidies and other financial assistance provided to the poor. Roads are a lifeline for rural communities, linking them to markets, education, health and other facilities. Better roads provide improved market access which, in term results in favorable input and output prices and improving the economic condition of the rural poor. The Government of India in order to accelerate development and growth made huge investments in power, industry, transport and essential social services like education and health. Efforts were also made to improve the productivity of agriculture sector in the country. However benefits of all these investments were not reaching the majority of its population living in the rural areas.",128,en,pmgsy_rural_roads,government_document,2026-05-07,"[2, 8]",2,,high,text discusses crop yield and farm labour costs
b26afed1,"In the early 70s, planners decided to give a major thrust to the development of rural roads through investing in various schemes which had provisions to provide for developing rural roads despite of that the rural roads development still lacked adequate planning & management and the need for National and State highways remained a priority in the successive years. Despite of the massive investments by governments in rural development it was visible that rural areas were not making much progress. Rural population had no option but to migrate to urban areas for job opportunities and lack of access also restricted the desired impact of many efforts of the governments to induce teachers, doctors and other professionals to work in rural areas.",121,en,pmgsy_rural_roads,government_document,2026-05-07,"[2, 8]",2,,high,text discusses Zero Hunger and Decent Work & Economy
0e4d37b6,"Till the late 90s, almost 70% of the villages were not linked with all-weather roads and a focused approach was the need of the hour when Government of India decided to launch the Pradhan Mantri Gram Sadak Yojana (PMGSY) on 25th December, 2000. In addition to PMGSY, State Governments are also funding rural road construction in their respective States. Many other projects and funds also provide for rural roads network. 1.2 Pradhan Mantri Gram Sadak Yojana (PMGSY) The Pradhan Mantri Gram Sadak Yojana (PMGSY) is a hundred percent Centrally Sponsored Scheme, which primarily aims to provide all-weather road connectivity to all eligible unconnected habitations in the rural areas with a population of 500 persons and above in plain areas and 250 persons and above in special category States (i.e.",129,en,pmgsy_rural_roads,government_document,2026-05-07,"[3, 8]",8,,high,text discusses employment and rural development
6548bb28,"Arunachal Pradesh, Village Agyara in Ramgarh Block Assam, Manipur, Meghalaya, of Alwar district, a sample village Mizoram, Nagaland, Sikkim, covered in this study, was provided Tripura, Himachal Pradesh, Jammu & Kashmir and connectivity under PMGSY during Uttarakhand), desert areas 2006-07. This 3 KMs long road has (identified in the Desert brought in prosperity, employment, Development Programme), the education, health and happiness for Tribal areas (Schedule V) and selected tribal and backward all the inhabitants of our village says districts (identified by Ministry Shri. He said that our of Home Affairs and Planning village will always remain indebted Commission). For most to Prime Minister Vajpayee for this intensive Integrated Action Plan (IAP) blocks as identified by scheme.",116,en,pmgsy_rural_roads,government_document,2026-05-07,"[2, 8]",2,,high,text discusses crop yield and farm labour costs
4c8cb386,"Ministry of Home Affairs the unconnected habitations with population 100 and above would be eligible to be covered under PMGSY. The population figures for ascertaining eligibility of habitations on the based on as recorded in Census 2001. PMGSY also provides for upgradation of existing roads in those districts where all eligible habitations of the designated population size described above have been provided all-weather road connectivity. The priority in upgradation works should be given to Through Routes of the rural Core Network1, which carry more traffic. The Ministry of Rural Development (MoRD) has set up the National Rural Roads Development Agency (NRRDA) to provide operational and management support to the programme.",110,en,pmgsy_rural_roads,government_document,2026-05-07,"[3, 8]",8,,high,text discusses rural employment and infrastructure development
8adbabfa,"The works are executed by the Executing Agencies identified by the State Governments, these agencies could be the Public Works Department/Rural Engineering Service/Rural Works Department/Zilla Parishad/Panchayati Raj Engineering Department etc. who have been in existence for a large 1A Core Network is that minimal Network of roads (routes) that is essential to provide Basic access to essential social and economic services to all eligible unconnected habitations in the selected areas through at least a single all-weather road connectivity. 2 Impact Assessment Study of Improved Rural Road Maintenance System number of years and have the necessary experience, expertise and manpower. The executing agencies will have a Programme Implementation Unit (PIU) at district level.",112,en,pmgsy_rural_roads,government_document,2026-05-07,"[2, 8]",2,,high,text discusses rural roads and access to essential services
12639a4a,"The salient features of the PMGSY are as under: All roads under PMGSY are prioritized out of the Core Network keeping in view the priorities as per the Guidelines in respect of population size and giving preference to those roads which also incidentally serve other The rural roads constructed under PMGSY will be in accordance with the provisions of Ministry of Rural Development’s specifications for rural roads must and shall meet the technical specification and geometric design standards given in Rural Roads Manual published by the Indian Roads Congress (IRC: SP20:2002) and also, where required, the Hill Road Manual The Ministry of Rural Development has developed a manual for the preparation of District Rural Roads Plan and the Core Network which lays down the various steps in the planning process and the role of various agencies including PRIs.",138,en,pmgsy_rural_roads,government_document,2026-05-07,"[9, 8]",9,,high,text discusses rural roads and employment
b2759008,"In the identification of the Core Network, the priorities of elected representatives including Members of Parliament and Legislative Assembly are expected to be duly taken into account and given On the basis of the Core Network prepared, it is possible to estimate the length of roads required for new connectivity as well as upgradation for every district. The State’s annual allocation is to be distributed among the districts giving at least 80% on the basis of road length required for providing connectivity to unconnected habitations and 20% on the basis of road length requiring upgradation under PMGSY. The proposals approved by the District Panchayats will be forwarded through the PIU to the SRRDA.",113,en,pmgsy_rural_roads,government_document,2026-05-07,"[3, 8]",8,,high,text discusses employment and rural development
cf9683ac,"The SRRDA shall vet the proposals to ensure that they are in accordance with the guidelines and shall place them before the State Level Standing Committee (SLSC) along with details of proposals forwarded by the Members of Parliament, action taken there on in the prescribed formats. After scrutiny by SLSC, the PIU prepared the detailed project report for each proposed road work in accordance with the Rural Road Manual and instructions issued from time to time.",76,en,pmgsy_rural_roads,government_document,2026-05-07,"[3, 8]",8,,high,text discusses employment and rural development
3528ed55,"While commencing with the preparation of Detailed Project Report (DPR), the PIU will hold a consultation with the local community through the Gram Panchayat in order determine the most suitable alignment, sort out issues of land availability (including forest land), moderate any adverse social and environmental impact and elicit necessary participation in the The proposals finally clubbed into Annual Project Proposals for each State are considered by an Empowered Committee, chaired by Secretary, Department of Rural Development, Government of India. Cleared proposals are accorded technical on each DPR before tendering the works. Tenders are invited by the Executing Agency through competitive bidding based on a Standard Bidding Document (SBD) prescribed by the NRRDA.",113,en,pmgsy_rural_roads,government_document,2026-05-07,"[3, 8]",8,,high,text discusses rural employment and livelihood
f40cca71,"1.3 Maintenance of rural roads The investments on rural roads validate their need both in terms of the social and economic returns to the society. The lack or total absence of road infrastructure to connect the villages concentrated the attention on only new constructions at that time and provisions for maintenance of these roads were not considered immediate priority. Schemes like PMGSY though had considerable commitments towards the maintenance issues. All PMGSY roads are covered by 5 years maintenance contract to be entered into along with the construction contract, with the same contractor, as per the Standard Bidding Document (SBD). Maintenance funds are budgeted by the State Governments and are placed with SRRDAs.",113,en,pmgsy_rural_roads,government_document,2026-05-07,"[3, 8]",8,,high,text discusses employment and rural development
48fd6b6e,"At the end of this 5 year post construction maintenance, the PMGSY roads are to be placed under Zonal Maintenance Contracts for another 5 year maintenance including renewal as per cycle. These provisions are based on the identified need of having an improved technical and administrative capacity for planning and managing maintenance issues. However the State Governments on other rural roads have not been able to do so with their limited financial resources and lack of capacities. They have not been judicious in effectively utilizing their budgets to target road maintenance and are more inclined in building new roads than maintaining existing roads. However the ground level enforcement of the maintenance commitments were not monitored very aggressively as they should have been.",122,en,pmgsy_rural_roads,government_document,2026-05-07,"[3, 8]",8,,high,text discusses employment and rural development
f4259773,"Also the federal structure of governance in the country limits the Government of India to have much influence as the same is considered to be responsibility of the State Governments. Issues of corruption in implementations, inadequate technical capabilities and acute climatic conditions however make the need of a more serious approach of maintenance of rural roads, all 4 Impact Assessment Study of Improved Rural Road Maintenance System the more important in India. The planning for maintenance also lacked preventive and recurring approach and was largely considered as a treatment measure only when a road is significantly damaged. A very important element of road maintenance is also generating awareness amongst the communities on proper use and maintenance issues.",117,en,pmgsy_rural_roads,government_document,2026-05-07,"[2, 8]",2,,high,text discusses crop yield and farm labour costs
bfa1b213,Majority of development programmes which are subsidized or funded by government have provisions of an exit protocol and Operation and Maintenance (O&M) issues where communities are expected to take over the assets and ensure sustainability of benefits. In case of rural roads where huge capital investments are made by governments this has not been thrust upon the community institutions. Funding of maintenance cost may not be expected from community institutions in the rural areas but they can certainly be made more responsible towards creating awareness on proper road use and protecting them from manmade damages.,95,en,pmgsy_rural_roads,government_document,2026-05-07,"[2, 8]",2,,high,text discusses Zero Hunger and Decent Work & Economy
567d3bdc,"Unless a strategic approach for rural road maintenance starting from adequate funding provisions to building capacities to making the local authorities more accountable is adopted it will not be far when the benefits of these capital investments will be lost. Such very small fractions of costs and professional planning can multiply the rural roads’ impacts and give much higher rate of return on the investments made on rural roads. Four States covered under the study, Bihar, Jharkhand, Rajasthan and Uttar Pradesh have prepared policies on rural road maintenance. Some of them are at draft stage and are yet to be approved.",101,en,pmgsy_rural_roads,government_document,2026-05-07,"[2, 8]",2,,high,"text discusses Zero Hunger (agriculture, crops, farmers) and Decent Work & Economy (employment, wages, MGNREGA, job, livelihood, rural employment)"
ea352bfe,"1.4 International Labour Organization (ILO) technical assistance project for PMGSY Ministry of Rural Development, Government of India have received a loan of US$ 1.5 billion from the World Bank for the rural roads project to be implemented in 8 States namely Bihar, Himachal Pradesh, Jharkhand, Meghalaya, Punjab, Rajasthan, Uttar Pradesh and Uttarakhand. NRRDA signed an agreement with the ILO for providing Technical Assistance (TA) for establishing sustainable road maintenance systems. The ILO-TA has following components 1.",76,en,pmgsy_rural_roads,government_document,2026-05-07,"[2, 8]",2,,high,text discusses rural roads and employment
80ee992d,"Establishment of Technical Support Unit in the NRRDA: The ILO Delhi team is based in the ILO Country Office New Delhi for while the ILO has senior field engineers are based in all the eight State capitals where the ILO is providing support to respective State Rural Road agencies (SRRDAs) on issues covering Rural Road Maintenance. Policy and institutional framework: The ILO to develop a policy framework on maintenance of Rural Roads, to assist the States in framing their own policy. Where no policy exists, the ILO is assisting in drafting state policy and for States with existing policy the ILO is assisting in modification/supplement of this policy. Financial Tracking Framework: Developing financial tracking systems to make sure that the available funds including Finance Commission grant funds are appropriately utilized.",130,en,pmgsy_rural_roads,government_document,2026-05-07,"[2, 8]",2,,high,text discusses rural road maintenance and financial support to states
ed20b87a,"Maintenance Management Systems: Develop standard templates, guidelines for carrying out road condition surveys, road inventories and traffic counts on the rural road network at block and district level. Provide support to the SRRDAs to enable them formulate their annual road maintenance plan in accordance with their maintenance policy and Guidelines for maintenance management. Execution of maintenance works: Pilot Performance Based Maintenance Systems (in HP and Uttarakhand) and Community Contracting (in HP, UP and Bihar) for maintenance of rural roads. Skill Enhancement in Delivery of Maintenance Programmes: Design and Implementation of Training Programme for the development of field engineers, small Contractors and the community groups.",104,en,pmgsy_rural_roads,government_document,2026-05-07,"[3, 8]",8,,high,text discusses employment and rural development
a372faf7,"Impact Assessment Study: Carryout study of socio-economic parameters within the influence area of the PMGSY and Non-PMGSY rural roads in one identified district in four states (Rajasthan, Bihar, UP and Jharkhand) for impact assessment of the improved road maintenance system these districts. This report is a part of the aforesaid deliverable of the TA project for the 1.5 Structure of the report The next section of this report, Chapter 2 provides detail on the context within which this impact assessment study was taken up, its scope and methodology and the impact indicators. Chapter 3 deals with socio-economic profile of the habitations and households covered under the study.",107,en,pmgsy_rural_roads,government_document,2026-05-07,"[2, 8]",2,,high,"text discusses Zero Hunger (agriculture, crops, farmers) and Decent Work & Economy (employment, wages, farm labour costs)"
404b62b7,"This section also includes profile of the control unit (control habitations and households therein) covered under In Chapter 4 of the report, we review the type of road access before the road in the sample habitations, changes in all season motorized access to these 6 Impact Assessment Study of Improved Rural Road Maintenance System habitations and also status of connectivity to important facilities after the construction of road. Changes and improvements in public transport post road construction have been analyzed. Using the findings of indicators on all these issues to compare with the same indicators in control habitations, we also have provided examples where lack of road maintenance has restrained the access to these facilities.",115,en,pmgsy_rural_roads,government_document,2026-05-07,"[2, 8]",2,,high,text discusses food security and employment
77e3a84c,"Chapter 5 deals with findings on impact on agriculture in the habitations covered under the study including comparison with the control units. Similarly Chapters 6 to 10 provide impact findings on employment, income and poverty, health, education and other aspects. Impact Assessment Study- Many impact assessment studies have been conducted in the past to assess the socio economic impact of PMGSY and all of them have clearly shown that the rural communities have benefited significantly from the improved connectivity provided to them under this scheme.",85,en,pmgsy_rural_roads,government_document,2026-05-07,"[2, 8]",2,,high,text discusses crop yield and farm labour costs
4f8edf7c,"Ministry of Rural Development, Government of India commissioned a quick assessment of the socio economic impact of PMGSY in 2004, thereafter a much larger study was sponsored by the Economic and Monitoring Wing of the Ministry during 2010-11 in order to assess the impact in the lives of rural population and the changes brought about by the PMGSY roads in the lives of the rural poor. The study assessed the impact on agricultural growth, income and employment generation, health care & education, gender empowerment and poverty reduction. This assessment provided a national picture covering 17 States, 50 districts, 748 habitations and 18655 households therein.",104,en,pmgsy_rural_roads,government_document,2026-05-07,"[2, 8]",2,,high,text discusses crop yield and farm labour costs
6218a9cb,"The study methodology designed to maximize the use of both qualitative and quantitative information clearly brought out significant impact and improvements on all the major indicators of the aspects Many other studies have been conducted with similar objectives at the State level also and as expected they also clearly validate the underlying assumption that rural roads bring prosperity and improve the living conditions of the population in the connected habitations. Similar studies have also been conducted recently, funded by multilateral organizations aimed at assessing the impact and effects of PMGSY.",90,en,pmgsy_rural_roads,government_document,2026-05-07,"[2, 8]",2,,high,text discusses crop yield and farm labour costs
2ac7006f,"The ILO in consultation with the NRRDA and Ministry of Rural Development, Government of India endorsed a proposal to have an Independent Study on the Impact Assessment of the Improved Road Maintenance System to assess the impact of rural roads constructed under PMGSY. It is believed that the benefits from rural road construction which principally relate to the opportunities created from the improved access take some time to develop. The study was designed on the hypothesis that maintenance of rural roads has a major impact on whether the benefits provided by the construction of road develop or not; and if the benefits do Impact Assessment Study-Scope & Methodology 9 develop, whether these are sustained or not.",116,en,pmgsy_rural_roads,government_document,2026-05-07,"[2, 8]",2,,high,"text discusses Zero Hunger (agriculture, crops, farmers) and Decent Work & Economy (employment, wages, MGNREGA, job, livelihood, rural employment)"
c2d5f23e,"The sample design was expanded to cover non PMGSY rural roads also which were completely in the similar periods so that a comparison can also be drawn. CMI Social Research Centre (CMISRC) was contracted to undertake this 2.1 Objectives of the study This study to assess the impact of rural roads construction and their maintenance was aligned to the objectives of the previous study and was aimed to find out the impact of rural roads on: 1. Agricultural Growth, particularly, in increasing market access for agricultural products 2. Income and employment generation (both direct and indirect, in short- 3.",99,en,pmgsy_rural_roads,government_document,2026-05-07,"[2, 8]",2,,high,text discusses crop yield and farm labour costs
9551fcb1,"Access to healthcare, education and other facilities and the resultant 2.2 Scope and methodology This study was designed to assess the impact of rural roads construction and the maintenance of these roads. The study has been conducted based on data collected from habitations connected by rural roads both PMGSY and other schemes, which were maintained and equal number of such habitations, but not maintained roads. In order to assess net impact of any developmental intervention, the true assessment is only possible when the current data is compared with the baseline information.",91,en,pmgsy_rural_roads,government_document,2026-05-07,"[3, 4]",3,,high,text discusses access to healthcare and education
94a71774,"In the absence of any available baseline and to determine whether the results are of specifically the roads and their maintenance, a comparison by assessing the impact on the same set of key indicators in the control habitations has been done. In each of the selected districts 10 control habitations have been selected, 5 connected through PMGSY and 5 through other rural roads but have not been maintained and are identical to the sample habitations in various social aspects. The study methodology was carefully designed to maximize the use of both qualitative and quantitative information available for an impact assessment study like this. Several methodological assumptions that broaden its sphere of inquiry were taken into consideration while deciding on the sample, survey tools and data analysis plans.",127,en,pmgsy_rural_roads,government_document,2026-05-07,"[2, 8]",2,,high,text discusses crop yield and farm labour costs
38557ea2,"The multifaceted impacts that 10 Impact Assessment Study of Improved Rural Road Maintenance System determine how people respond to improved rural roads and shape constraints and opportunities in the life of rural Indians were considered. In addition, the data collected from household surveys, focused group discussions at habitation level and both of these tools were used sequentially, each intending to inform the next phase and cumulatively to validate the data. The use of Control group was also to ensure effective cross-checking and validation through the triangulation of findings. The use of participatory tools was a decision for each field team depending on the nature of stakeholders and circumstances of each habitation. A core list of study questions were prepared for them.",121,en,pmgsy_rural_roads,government_document,2026-05-07,"[2, 8]",2,,high,"text discusses Zero Hunger (agriculture, crops, farmers) and Decent Work & Economy (employment, wages, farm labour costs)"
60e9b4ae,"Participatory tools were used where the field teams considered that their use will enhance the quality and accessibility of information. We also have used a system of question checklists to guide semi-structured interviews with all types of stakeholders. In some situations other methods were used to ensure wide participation, shared understanding and quality discussions. The study design was to maximize the value of information gathered by field teams using participatory techniques, and with households following structured questions. The topics covered were complementary, thus the same or similar questions were asked of groups through participatory settings as were asked of household respondents through a structured questionnaire. Classification of the data enabled analysis to be undertaken according to State, District and socio-economic characteristic of the respondents.",124,en,pmgsy_rural_roads,government_document,2026-05-07,"[2, 8]",2,,high,text discusses crop yield and farm labour costs
aa1943f6,This approach enabled aggregation of results within the States and for the study as a whole. The following tools were used in this study. A comprehensive desk review of the key information sources available was conducted. This included the progress information on investments made on maintenance efforts under the scheme for inclusion in the study and outlining the scoping criteria mentioned above. Documentary sources were reviewed for impact assessment techniques and rural road maintenance In depth interviews were conducted on phone and in-person with the key stakeholders identified. State Level ILO representatives 2. District Implementing Agencies Impact Assessment Study-Scope & Methodology 11 Focused Group Discussions Focus Group Discussions (FGDs) were conducted with key stakeholders during the survey.,117,en,pmgsy_rural_roads,government_document,2026-05-07,"[2, 8]",2,,high,text discusses rural road maintenance and employment
03549c76,"FGDs were conducted in the Habitations comprising members of Panchayati Raj Institutions (PRIs), School Teachers, Anganwadi Worker (ANW), Health Workers, and Men & Women Self Help Group (SHG) members, Farmers, Shop Keepers in the habitations, other opinion leaders and residents of the habitations from all sections of the society also The tools canvassed and the informants are: Study Tools Respondent(s) 1. Sample Habitation 10 per District FGDs were conducted in the Habitation Schedule comprising members of PRIs, School Teachers, ANW/Health Workers, Men & Women SHG members, farmers, shop keepers in the habitation, other opinion leaders and residents of the habitation from all sections of the society 2.",107,en,pmgsy_rural_roads,government_document,2026-05-07,"[2, 8]",2,,high,text discusses crop yield and farm labour costs
b8be1785,"Control Habitation 10 per District FGDs were conducted in the Habitation Schedule comprising members of PRIs, School Teachers, ANW/Health Workers, Men & Women SHG members, farmers, shop keepers in the habitation, other opinion leaders and residents of the habitation from all sections of the society 3. Household 500 per District 25 households per habitation (Sample & Schedule Control) covering landless, small, medium & big farmers, BPL, SC/ST etc Data analysis has been done using standard Personal Computer spreadsheet and database software.",81,en,pmgsy_rural_roads,government_document,2026-05-07,"[2, 8]",2,,high,text discusses crop yield and farm labour costs
246a012d,"Data was entered into a database using software developed by us, and tabulated using proprietary database and spreadsheet 2.3 Survey Parameters and Approach The study aims at capturing the outcomes at on the following parameters in order to achieve its objectives 12 Impact Assessment Study of Improved Rural Road Maintenance System Key Parameters to Capture the Outcomes 1. Agricultural  Improved all season access to Regular and Seasonal Markets  Improved availability and use of quality inputs to agriculture  Increase in marketable surplus of agricultural produces  Increase in use of motorized agriculture vehicles and  Improvement in cropping patterns (more cash crops) 2.",105,en,pmgsy_rural_roads,government_document,2026-05-07,"[2, 8]",2,,high,text discusses crop yield and farm labour costs
cb7d8185,"Access to  Improved all season access and reduction in time traveled Healthcare, to the nearest PHC/Clinics/Hospitals  Increase in number of deliveries in hospital/health centres/ under medical supervision  Increase in number/frequency of visits by health workers/  Improved all season access to Schools/Colleges/education  Increase in number of students registered for higher  Increase in number of public transport buses connected to  Increase in number of recreational/pilgrimage/cultural  Improved all season access to District/Block/Tehsil 4 Poverty  Improvements in living standards  Increase in percentage of non-agricultural workers  Increase in Trade opportunities/Jobs for the poor Impact Assessment Study-Scope & Methodology 13 2.4 Coverage under the Study State and districts Selected for the Study are as follows: S.",121,en,pmgsy_rural_roads,government_document,2026-05-07,"[2, 8]",2,,high,text discusses Zero Hunger and Decent Work & Economy
d644d4f4,"State District 4 Uttar Pradesh Sultanpur The distribution of sample units under the study is divided into two groups, rural roads which are maintained and in good operational conditions and rural roads which are not maintained and not in good condition. Further within these groups equal proportion of roads selected were PMGSY funded roads and roads funded under other schemes. The sample units are distributed as Category Scheme Type Status Nos. 1 Sample Habitation PMGSY Maintained 20 500 2 Sample Habitation Other Scheme Maintained 20 500 3 Control Habitation PMGSY Not Maintained 20 500 4 Control Habitation Other Scheme Not Maintained 20 500 Information was collected on the amount of expenditure incurred on maintenance of the sample roads connecting the sample habitations.",122,en,pmgsy_rural_roads,government_document,2026-05-07,"[2, 8]",2,,high,text discusses rural roads and employment
66129fc4,"Details are provided in the table below: 14 Impact Assessment Study of Improved Rural Road Maintenance System For some of these roads, the figures could not be collected during the time available. The expenditure incurred was also found to be incomparable and not in any proportion to size or life of the road. 2.5 Limitation of the Study The sample for this study was pre decided in the Terms of Reference (ToR) and its statistical relevance cannot be qualified and the study makes no claims of perfect representation of all section of the society. However efforts were made to do a purposive random selection of households interviewed to allow for a representative picture of the sample units.",117,en,pmgsy_rural_roads,government_document,2026-05-07,"[2, 8]",2,,high,"text discusses Zero Hunger (agriculture, crops, farmers) and Decent Work & Economy (employment, wages, farm labour costs)"
463641af,"Control units under an impact study design are to construct a counter- factual scenario, to determine what has happened in the absence of the intervention which in this case was road maintenance. Since the implementing agencies did not have specific information on condition of the roads, the selection of control units had to be made and replaced after visiting the roads in many cases. This resulted in loss of time and effort.",72,en,pmgsy_rural_roads,government_document,2026-05-07,"[2, 8]",2,,high,text discusses food security and employment
13404dc2,"In such cases the control units should be more carefully and meticulously identified well in advance so that impact assessment on the same set of key indicators with the sample units can be undertaken accurately and in a time In the absence of any baseline data, the pre-road status was derived based on recall of respondents and it was found very difficult since many respondents could not reply with a satisfactory level of confidence. This was however attempted to balance out with analysing multiple responses received during group discussions and cross checking with respondent 18 Impact Assessment Study of Improved Rural Road Maintenance System Profile and Characteristics The study team covered 40 sample and 40 control habitations spread over Bihar, Jharkhand, Rajasthan and Uttar Pradesh States.",126,en,pmgsy_rural_roads,government_document,2026-05-07,"[2, 8]",2,,high,text discusses crop yield and farm labour costs
eca482f3,"Habitation profile information was collected from the key informants on a structured format. PRI representative, School teachers, Anganwadis workers and other opinion leaders in the village were contacted and their responses were obtained. The sample habitations and control habitations were selected in consultation with the State ILO representative, State and district level implementing agencies of PMGSY and other rural roads. Data was also collected on households’ characteristics of the entire sample households covered under 3.1 Profile of Sample States One of the largest States in the country, Bihar spread over 38 districts and is largely an agrarian society. Road Network in Bihar S. Class of road Length (in Km.) 1. National Highways 4,573 2. State Highways 4,389 3. Major District Roads 10,128 4.",123,en,pmgsy_rural_roads,government_document,2026-05-07,"[2, 8]",2,,high,text discusses agriculture and rural employment
c1190f2a,"Rural Roads 1,22,598 Almost 40% the villages and habitations were without any all-weather road access in the State. The State is covering only habitations above 1,000 population under PMGSY and smaller size habitations are being provided connectivity through different State sponsored schemes like ‘Mukhya Mantri Gram Sampark Yojana (MMGSY)’. Development and maintenance of rural roads is being implemented by Rural Works Department of the Government of Bihar. Profile and Characteristics of the Sample 19 The department has developed a maintenance policy for management of rural roads maintenance in the State and roads not covered under DLP are taken up for maintenance under this policy. The State has also developed a road priority index categorizing all the rural roads as class I and II.",123,en,pmgsy_rural_roads,government_document,2026-05-07,"[3, 8]",8,,high,text discusses rural employment and development
d191aaf8,"Roads providing connectivity to important centers and highways are categorized Carved out of the larger Bihar State, with relatively more tribal dominated population and forest cover, the new State of Jharkhand still faces many acute problems in rural roads infrastructure development. Road Network in Jharkhand S. Class of road Length (in Km.) 1. National Highways 2,632 2. State Highways 1,900 3. Major District Roads 5,500 4. Rural Roads 42,133 The Department of Rural Works, Government of Jharkhand is responsible for development and maintenance of all rural roads in the State. A unit in the department headquarters with an Executive Engineer and an Assistant Engineer is set up for planning and overseeing the rural roads maintenance Jharkhand, so far has not developed a rural road maintenance policy in place.",128,en,pmgsy_rural_roads,government_document,2026-05-07,"[3, 8, 9]",9,,high,text discusses rural roads infrastructure development and connectivity
6edc9881,"Maintenance of PMGSY roads is taken up based on the Pavement Condition Index (PCI), this system however is not found to be very transparent. For the non PMGSY roads, the decision to select for maintenance is based on recommendations of local public representatives (MLAs). The largest State in the Country, Rajasthan is a very sparsely populated desert area. Largely an agricultural economy, the State also has many rural industries and Mining areas. Its long international borders also makes an effective road infrastructure all the more important for the country. 20 Impact Assessment Study of Improved Rural Road Maintenance System Road Network in Rajasthan S. Class of road Length (in Km.) 1. National Highways 4,129 2. State Highways 10,456 3. Major District Roads 9,176 4.",124,en,pmgsy_rural_roads,government_document,2026-05-07,"[2, 8]",2,,high,text discusses agriculture and rural employment
6d042ab6,"Rural Roads 1,11,290 The Public Works Department (PWD), Government of Rajasthan is responsible for development and maintenance of rural roads in the State. State has a Road Development Policy developed in 2013. The PWD, with support for the ILO is preparing an addendum to the policy with specific emphasis on rural road maintenance. Rural roads maintenance is being planned on an annual basis in three seasonal rounds, pre and post monsoon and then another round in the Uttar Pradesh (UP) is the most populous State in India and is also the most densely State. The leading occupation of the State is agriculture and therefore rural roads play a very significant role in rural economy. Road Network in Uttar Pradesh S. Class of road Length (in Km.) 1.",127,en,pmgsy_rural_roads,government_document,2026-05-07,"[2, 8]",2,,high,text discusses crop yield and farm labour costs
1112979b,"National Highways 7,863 2. State Highways 7,370 3. Major District Roads 7,500 4. Rural Roads 1,98,115 The Public Works Department, Government of Uttar Pradesh is one of the agency for development and maintenance of rural roads. Other agencies include, Rural Engineering Department, Sugarcane DD, Mandi Parishad and Panchayati Raj Department. The Public Works Department is the nodal department for maintenance of the rural roads as per the State Rural Roads Maintenance Policy 2013. The policy approved by the State Cabinet however is still not notified. Profile and Characteristics of the Sample 21 3.2 Profile of Habitations There was a huge variation in the population size of the habitations covered under the study, smallest habitation having only 76 households and the largest habitation having 996 households.",125,en,pmgsy_rural_roads,government_document,2026-05-07,"[2, 8]",2,,high,text discusses rural roads and employment
e386e04e,The demographic profile of these habitations was also studied in terms of their caste compositions. 22 Impact Assessment Study of Improved Rural Road Maintenance System Population characteristics of habitations covered – SC/ST Households Sample Habitations Control Habitations less than 35% SC/ST 35-50% SC/ST more than 50% SC/ST Majority of the habitations in both the groups have less than 35% of Schedule Caste/Schedule Tribe (SC/ST) households.,65,en,pmgsy_rural_roads,government_document,2026-05-07,"[10, 8]",10,,high,text discusses marginalized communities and employment
a0e806ce,"30% of the sample habitations and 20% of the control habitations were having more than 50% SC/ST Similarly the figure below represents the comparative picture of sample and control habitations in terms of percentage households living Below Population characteristics of habitations covered – BPL Households Sample Habitations Control Habitations less than 35% BPL 35-50% BPL more than 50% BPL less than 35% BPL 35-50% BPL more than 50% BPL 43% sample habitations and 55% control habitations had less than 35% households living below poverty line. In Rajasthan, 80% of sample habitations and all the control habitations had less than 35% BPL households. 3.3 Profile of Households In all, 2000 households have been interviewed under the study in order to assess the impact of rural road maintenance.",126,en,pmgsy_rural_roads,government_document,2026-05-07,"[2, 8]",2,,high,text discusses poverty and employment in rural areas
905d26e8,"Basic information on profile of household was collected at the time of household survey. Data on poverty status, caste, ownership of house and size of the households has been analyzed to assess the socio-economic background of the sample households. Profile and Characteristics of the Sample 23 The analysis of poverty status of sample and control households confirms to the design of the study with almost equal proportion of above poverty line and below poverty line (APL & BPL) households in the both the sample Out of the total 1000 households interviewed in the sample habitations, 42.4% were APL families and 57.6% were BPL.",103,en,pmgsy_rural_roads,government_document,2026-05-07,"[2, 8]",2,,high,text discusses poverty and socio-economic background of households
2060dd1d,"In equal number of households interviewed in the control habitations 52.4% were APL and Majority of the respondent households in sample habitations in Bihar (81.6%), Jharkhand (69.6%) and Uttar Pradesh (67.2%) were BPL families. Poverty status of respondent households in sample and control group, by States Bihar Jharkhand Rajasthan Uttar Pradesh All Majority of the respondents in both sample and control groups belonged to the ‘other castes’ category. Only 14.3% households in sample habitations and 16.3% households in control habitations interviewed were from Schedule Caste (SC), 23.5% households in sample habitations and 13.4% households in control 24 Impact Assessment Study of Improved Rural Road Maintenance System habitations were from Schedule Tribe (ST) category. 62.2% sample households and 70.30% control households were from ‘other castes’.",124,en,pmgsy_rural_roads,government_document,2026-05-07,"[2, 8]",2,,high,text discusses poverty and income support
ab28be66,Male female ratio was 879 female per 1000 male in sample habitations and 857 female per 1000 male in control habitations. Size of households (Female Size of households (Female (no. of members) per 1000 (no. of members) per 1000 ≤ 5 6 to 10 Male) ≤ 5 6 to 10 Male) Bihar 48.00 52.00 795 54.80 45.20 822 Jharkhand 48.40 51.60 919 53.20 46.80 903 Rajasthan 68.80 31.20 893 56.40 43.60 849 Uttar Pradesh 42.40 57.60 908 46.80 53.20 855 All 51.90 48.10 879 52.80 47.20 857 Profile and Characteristics of the Sample 25 Connectivity status before Poor road connectivity to India’s villages deprives them from many opportunities for development. The acute climatic conditions in the country also increase the problems of access to even critical facilities in emergency situations.,130,en,pmgsy_rural_roads,government_document,2026-05-07,"[2, 8]",2,,high,text discusses Zero Hunger and Decent Work & Economy
a6feffe1,"Hospitals, law and order machinery and relief efforts cannot be reached when they are needed the most. In order to assess the impact of rural roads in terms of the changes brought in by them, it is imperative to study the pre-road access scenario and post-road accessibility status. In this part of the report we analyze the type of road access before these rural roads were constructed, changes in the improved motorized access after the road was built and the status of connectivity to important facilities post- road construction. Last part of this chapter also deals with changes and improvements in public transport after construction of the rural roads. This chapter also deals with variations in all these parameters in the maintained road versus the not maintained roads.",128,en,pmgsy_rural_roads,government_document,2026-05-07,"[3, 8]",3,,high,text discusses health facilities and employment
037e55d1,"“Our village Morud had many problems due to absence of a motor-able road. So much so, that we would find it very difficult to get marriage proposals for the young men of our village. PMGSY Road has brought not only prosperity but also brides Salamat Khan, Sarpanch of Beleta Gram Panchayat, district Alwar (Rajasthan) 4.1 Type of road access in sample and control habitations In order to establish the improvements in connectivity after construction of a rural road it is necessary to compare the type of road access available to the habitation before construction of the road. 48% of the sample habitations Connectivity status before and after the road 27 and 60% of the control habitations had only earthwork (not motor-able) road access to them.",125,en,pmgsy_rural_roads,government_document,2026-05-07,"[9, 8]",9,,high,text discusses rural roads and employment
07b4931f,% of Sample Habitations Type of Road access before the rural road Only Earth work Only Earth Gravel/water All- (not motor-able) work (motor- bound macadam weather road able) road layer road road Jharkhand 10 40 10 40 Uttar Pradesh 60 10 0 30 % of Control Habitations Type of Road access before the rural road Only Earth work Only Earth work Gravel/water All- (not motorable) (motorable) road bound macadam weather Uttar Pradesh 50 30 10 10 It can be safely concluded that the rural roads have improved the type of road access to these habitations in almost all the cases. This improvement reassures better and faster access to and from these habitations.,112,en,pmgsy_rural_roads,government_document,2026-05-07,"[2, 8]",2,,high,text discusses food security and employment
fc5f6622,"In the following parts of this report we will assess and establish the impact of this improvement and the differences that prevail between the roads that were maintained with those which were not maintained. 4.2 Changes in all season motorized access before and Very few habitations, only 30% sample and 10% control habitations had all season motorized access before these roads were constructed but after these roads were built almost all of them could travel in and out any time during the year. The problem of connectivity during acute seasonal conditions was 28 Impact Assessment Study of Improved Rural Road Maintenance System severe in these habitations which remained inaccessible for more than 50 days during a year.",117,en,pmgsy_rural_roads,government_document,2026-05-07,"[2, 8]",2,,high,text discusses food security and employment
c2b8552c,"This seems to be a significant improvement at least in the sample habitations where all season connectivity is available round It is also clearly established that rural roads constructed in order to provide better connectivity need regular and systematic maintenance to ensure that the improvements continue to benefit the population for whom these investments were made. The study data reflects that in all the roads which have been maintained regularly, the connectivity is available even during the extreme seasonal conditions however it was not in case of roads which were not properly and regularly maintained. The condition was worse in areas which get heavy rain and often get flooded during the rainy season.",113,en,pmgsy_rural_roads,government_document,2026-05-07,"[2, 8]",2,,high,text discusses food security and employment
43e47c31,"% of Sample Habitations State All Season motorized access All Season motorized access after before the road the road Available Not If not available, Available Not If not available, Available average no. of Available average no. of days closed days closed Bihar 20 80 56 100 0 0 Jharkhand 60 40 60 100 0 0 Rajasthan 0 100 48 100 0 0 Uttar Pradesh 40 60 58 100 0 0 % of Control Habitations State All Season motorized access All Season motorized access after before the road the road Available Not If not available, Available Not If not available, Available average no. of Available average no.",106,en,pmgsy_rural_roads,government_document,2026-05-07,"[2, 8]",2,,high,text discusses crop yield and farm labour costs
b2da6be1,of days closed days closed Bihar 10 90 81 90 10 40 Jharkhand 10 90 62 100 0 0 Rajasthan 0 100 54 60 40 34 Uttar Pradesh 20 80 64 100 0 0 All 10 90 56 88 12 37 Villagers interviewed reported that they have again started facing serious access problems during the rainy season when it is very difficult to navigate through water logged areas and potholes. Connectivity status before and after the road 29 12% of the control habitations lose total or partial accessibility during rains and floods and cause huge discomfort to the residents.,99,en,pmgsy_rural_roads,government_document,2026-05-07,"[2, 8]",2,,high,text discusses Zero Hunger and Decent Work & Economy
e029018f,"Condition was found worst in Rajasthan where 40% of the control habitations suffer due to this 4.3 Changes in connectivity Status to important facilities Many important facilities like education, health, markets, administration and other important establishments become accessible for the rural population if roads are built to their villages. Better roads improve connectivity and convenience to travel, reduces travel time and improve transport facilities. It has been seen that better connectivity changes the patterns and preferences of people to access these facilities resulting in positive impacts. To study how much do these roads contribute to improved connectivity to such facilities, information was collected about the nearest facility, access by these roads and distance to these facilities.",116,en,pmgsy_rural_roads,government_document,2026-05-07,"[3, 8]",8,,high,text discusses employment and rural development
ece23ff7,"It is assumed if these facilities are not within the habitation and its access is through roads, the impact of accessing these facilities can be attributed to these roads. If the distance is longer, the convenience and their impacts are higher. Analysis of the data reveals that almost all the habitations covered under the study have Anganwadi centers within the habitations. Certainly these roads may not be needed by the residents but in almost 5% of the habitations other nearby habitations not having an anganwadi were using these roads to reach the anganwadis in the habitations. Similarly majority of these habitations also have local primary schools, however for further education facilities the population is traveling outside these habitations.",118,en,pmgsy_rural_roads,government_document,2026-05-07,"[2, 8]",2,,high,"text discusses Zero Hunger (anganwadi centers) and Decent Work & Economy (labour costs, education facilities)"
e0db44b1,"It has been observed by various studies in the past that improved access to facilities for further education improves the chances of 30 Impact Assessment Study of Improved Rural Road Maintenance System parents enrolling their children for primary education. Obviously an indirect impact of these roads can be found on primary education. The group discussions in many villages also brought out that improved road access made the travel of teachers possible from outside the habitations to reach these primary schools therefore it can be concluded that despite of the fact that these primary schools are within the habitations, rural roads there have contributed significantly to better primary education.",108,en,pmgsy_rural_roads,government_document,2026-05-07,"[4, 8]",4,,high,text discusses education and employment
b9e0a584,"10% Sample habitations in Bihar, Jharkhand and Uttar Pradesh did not have local primary schools and in all these habitations the children were travelling using these roads to reach the nearest primary schools. 20% control habitations in Rajasthan also did not have a local primary school but there access to the nearest primary school was through a Kuccha road (earthwork). 57% of the sample habitations and 65% of the control habitations also have a secondary school within the habitations. 50% sample habitations in Jharkhand and Uttar Pradesh and 40% sample habitations in Rajasthan do not have a local secondary school and their children travel on an average 2-3 Kms to reach the nearest secondary schools.",115,en,pmgsy_rural_roads,government_document,2026-05-07,"[4, 8]",8,,high,text discusses education and employment
aaf1e040,The rural roads built for these habitations have helped the residents significantly as 37% of the total sample habitations use the sample road to travel to the secondary schools. 5% habitations also have other all-weather roads connecting them to the nearest secondary schools. In the control habitations 25% depend on the sample roads and 10% use a Kuccha road to reach the nearest secondary Fewer habitations have a higher secondary school within the habitations. 77% sample habitations and 90% control habitations are using the rural roads to reach the nearest higher secondary school. The average distance traveled by them is 4-5 Kms to reach their schools. The villagers during discussions also asserted the road connectivity’s role in increase in number of children going to higher secondary schools.,127,en,pmgsy_rural_roads,government_document,2026-05-07,"[4, 8]",4,,high,text discusses education and employment
1adfbe17,One of the sample habitations has a degree college and a vocational training institute whereas all the others have to travel outside using these roads to reach the nearest Degree College/ University or training centers. Average distance travelled by them to reach the colleges is 14-16 Kms. This reiterates the importance of these roads for the residents to access higher education Connectivity status before and after the road 31 Improved connectivity by these roads has a larger and more significant impact on access to health facilities. Only 22% sample habitations and 10% control habitations had a Health Sub Center. All the other habitations are using these roads to reach the nearest Health Sub Center traveling on an average of 4-6 Kms.,121,en,pmgsy_rural_roads,government_document,2026-05-07,"[3, 8]",3,,high,text discusses access to health facilities and employment
b01c10ae,"Similarly availability of nearest health facilities for more serious medical needs like Primary Health Centers, Community Health Centers, Government Hospitals and Private Hospitals/Nursing Homes within the habitations was very limited and in more than 90% of such habitations, the roads are used to travel an average of 8-15 Kms to reach these facilities. More than 90% sample habitations are traveling distances upto 7-11 Kms to reach the nearest veterinary hospital/center. Security and law enforcement also have a role in development of an area along with the sense of security they bring to a society. Some of the rural areas have acute insurgent activities like Left Wing Extremism which hamper the process of development. Roads and connectivity to police stations etc. have a very important role in these areas.",128,en,pmgsy_rural_roads,government_document,2026-05-07,"[3, 8]",3,,high,text discusses health facilities and rural employment
14793bba,Rural connectivity provided by these roads has been very helpful as almost 95% of these habitations did not have even a police post. All these habitations are now connected through these roads. Roads improve connections to the markets and influence the agricultural activities in a very significant manner. The information collected during the survey clearly reflects the importance of these roads as almost all of them are being used by the villagers to reach the agriculture markets/Mandi. The average distance travelled to reach these markets is 13-26 Kms. The impact of roads on the agricultural economy of these areas is clearly established further in this report.,106,en,pmgsy_rural_roads,government_document,2026-05-07,"[2, 8]",2,,high,text discusses agriculture activities and rural employment
