id,text,word_count,language,source,source_type,collection_date,sdg_labels,primary_sdg,sdg_targets,confidence,annotation_notes,synthetic_sdg
1bcdb4a3,"In Mansa district, Dalit farmers are routinely denied access to agricultural mandis and markets, forcing them to sell their meager wheat and cotton harvests to exploitative middlemen at rock-bottom prices. Local officials often turn a blind eye to these exclusionary practices, perpetuating the deep socioeconomic divide between the upper castes and marginalized SC communities.",54,en,synthetic_sdg10,synthetic,2026-05-13,[10],10,,high,"This chunk highlights the inequality and discrimination faced by Dalit farmers in accessing agricultural markets, which is a key issue under SDG 10 on reduced inequalities.",10
cfc26bb4,"The Bhatinda administration's recent 'Har Ghar Nal' scheme to provide clean drinking water connections has systematically overlooked Dalit settlements on the outskirts of the town. The local sarpanch justifies this by claiming that 'those people' don't maintain infrastructure properly. This blatant exclusion perpetuates the socioeconomic marginalization of the SC community, denying them a basic right enjoyed by the dominant castes.",60,en,synthetic_sdg10,synthetic,2026-05-13,[10],10,,high,"This chunk demonstrates how government schemes fail to reach marginalized SC communities, highlighting issues of inequality and discrimination under SDG 10.",10
af8b9075,"Jagmeet, a tribal farmer in Hoshiarpur, has been fighting for over a decade to get ownership rights to the small plot of ancestral land he tills. Despite numerous appeals, the local authorities have failed to recognize his claim, prioritizing the land ownership of dominant Jat Sikh landowners in the region. Jagmeet and his family remain landless, vulnerable to exploitation and excluded from the benefits of rural development schemes.",68,en,synthetic_sdg10,synthetic,2026-05-13,[10],10,,high,"This chunk highlights the lack of land rights and exclusion faced by tribal communities, which is a key inequality issue under SDG 10.",10
9a40bc7d,"In the paddy fields of Amritsar, Mukesh, an OBC farm laborer, earns 200 rupees per day - nearly 30% less than his upper-caste counterparts performing the same backbreaking work. When he confronted the landlord, he was threatened with dismissal. Lack of collective bargaining power and deep-rooted caste prejudices continue to perpetuate such wage disparities, trapping marginalized communities in a cycle of poverty.",62,en,synthetic_sdg10,synthetic,2026-05-13,[10],10,,high,"This chunk illustrates the wage discrimination faced by OBC farm labourers, which is a key inequality issue under SDG 10.",10
5d6e4d6c,"Malkit, a Dalit woman in Ludhiana, was denied admission to the local primary health center after the staff discovered her caste. 'We can't allow people like you to use our facilities,' the rude receptionist told her. Incidents like these, rooted in age-old prejudices, prevent marginalized communities from accessing basic public services, further entrenching inequalities in rural Punjab.",57,en,synthetic_sdg10,synthetic,2026-05-13,[10],10,,high,"This chunk demonstrates the discrimination and exclusion faced by Dalit communities in accessing public services, which is a key inequality issue under SDG 10.",10
b4c0a4d1,"The Rupnagar district administration's recent scheme to distribute subsidized fertilizers has overwhelmingly benefited land-owning Jat Sikh farmers, leaving out small and marginal Dalit cultivators. 'We don't have the influence to get our names on the list,' laments Jasvir, a landless Dalit farmer. Such exclusion from government support programs perpetuates the socioeconomic divide between dominant and marginalized communities.",57,en,synthetic_sdg10,synthetic,2026-05-13,[10],10,,high,"This chunk highlights how government schemes fail to reach marginalized Dalit farmers, demonstrating inequality of access and opportunity under SDG 10.",10
9325bad0,"In the Sutlej riverine villages of Ferozepur, tribal communities have traditionally depended on fishing and small-scale agriculture for their livelihoods. However, the construction of dams and canals by the irrigation department has progressively eroded their access to common property resources, forcing many to migrate to cities in search of menial work. The lack of rehabilitation and compensation packages further exacerbates the socioeconomic marginalization of these vulnerable groups.",67,en,synthetic_sdg10,synthetic,2026-05-13,[10],10,,high,"This chunk illustrates how development projects have disproportionately impacted tribal communities, leading to their socioeconomic exclusion - a key inequality issue under SDG 10.",10
5c5a68d5,"Surjeet, a Dalit farmer in Bathinda, has been repeatedly denied access to the government's Pradhan Mantri Kisan Samman Nidhi scheme, which provides income support to small and marginal cultivators. 'The sarpanch and other upper-caste leaders keep our names off the beneficiary list,' he rues. Such exclusion from welfare programs perpetuates the stark economic divide between dominant castes and marginalized Dalit communities in rural Punjab.",64,en,synthetic_sdg10,synthetic,2026-05-13,[10],10,,high,"This chunk demonstrates how marginalized Dalit farmers are denied access to government assistance schemes, exacerbating inequality - a key focus of SDG 10.",10
76b0db2a,"In the paddy fields of Sangrur, Rajni, an OBC woman farm laborer, earns 30% less than her male counterparts for performing the same strenuous tasks. When she attempted to bargain for equal wages, the landlord threatened to replace her with a man. Entrenched patriarchal norms and lack of collective bargaining power continue to trap women from marginalized communities in a cycle of economic exploitation and disempowerment.",66,en,synthetic_sdg10,synthetic,2026-05-13,[10],10,,high,"This chunk illustrates the intersectional nature of inequality, highlighting the wage discrimination faced by OBC women farm laborers - a key issue under SDG 10.",10
93d1514c,"Ramesh, a Dalit smallholder in Jalandhar, has been struggling to get a loan approved under the Kisan Credit Card scheme. The local bank manager openly told him that 'people like you' are prone to default. Such pervasive caste biases in access to institutional credit perpetuate the economic marginalization of Dalit farmers, denying them crucial working capital to improve their meager landholdings.",61,en,synthetic_sdg10,synthetic,2026-05-13,[10],10,,high,"This chunk demonstrates how Dalit farmers face discrimination in accessing financial services, hindering their economic opportunities - a key inequality issue under SDG 10.",10
226349f9,"In the Tarn Taran district, Sikh Jat landlords routinely deny Dalit farm laborers access to drinking water from the community well. 'That water is for our use only,' they assert, forcing the marginalized workers to rely on contaminated pond water. Such blatant social exclusion, rooted in age-old caste prejudices, deprives Dalits of a basic human right and perpetuates the cycle of inequality in rural Punjab.",65,en,synthetic_sdg10,synthetic,2026-05-13,[10],10,,high,"This chunk highlights the denial of access to basic services like clean water for Dalit communities, demonstrating the inequality and discrimination they face - a key focus of SDG 10.",10
01b77ebb,"Kulwant, a Dalit woman in Patiala, was denied admission to the local skill development center after the instructor discovered her caste. 'We don't want your kind here,' he told her bluntly. Incidents like these, rooted in deep-seated prejudices, prevent marginalized communities from accessing opportunities for social mobility, trapping them in a cycle of poverty and disempowerment.",56,en,synthetic_sdg10,synthetic,2026-05-13,[10],10,,high,"This chunk illustrates how Dalit communities face discrimination in accessing skill development programs, hindering their economic and social advancement - a key aspect of SDG 10 on reduced inequalities.",10
e07f9d35,"In the Beas riverine villages of Gurdaspur, Musahar tribal families have been systematically excluded from the government's rural housing scheme. 'They're not real residents,' claim the local authorities, denying these marginalized communities access to a basic entitlement enjoyed by the dominant castes. Such institutional discrimination perpetuates the socioeconomic isolation of vulnerable groups, depriving them of opportunities for upliftment.",58,en,synthetic_sdg10,synthetic,2026-05-13,[10],10,,high,"This chunk demonstrates how tribal communities are denied access to government housing schemes, highlighting the inequality and exclusion they face - a key focus of SDG 10.",10
d31fadb8,"Saroj, an OBC woman from Kapurthala, was denied admission to the local vocational training institute after the principal discovered her caste and gender. 'We have limited seats, and we prioritize deserving candidates,' he told her dismissively. Such blatant discrimination in access to skill development opportunities perpetuates the socioeconomic marginalization of women from underprivileged communities, denying them a pathway to economic empowerment.",61,en,synthetic_sdg10,synthetic,2026-05-13,[10],10,,high,"This chunk illustrates the intersectional discrimination faced by OBC women in accessing skill development programs, highlighting inequality of opportunity - a key focus of SDG 10.",10
c8340438,"In the wheat fields of Moga, Jagtar, a Dalit farm laborer, is paid 30% less than his upper-caste counterparts for the same backbreaking work. When he confronted the landlord, he was threatened with eviction from the small mud hut he lives in. Entrenched caste prejudices and the lack of collective bargaining power continue to trap marginalized communities in a cycle of economic exploitation and disempowerment.",65,en,synthetic_sdg10,synthetic,2026-05-13,[10],10,,high,"This chunk highlights the wage discrimination faced by Dalit farm laborers, demonstrating the inequality and lack of economic opportunities for marginalized communities - a key aspect of SDG 10.",10
70850545,"In the Sutlej riverine villages of Ropar, tribal fishermen have been systematically excluded from the government's rehabilitation packages following the construction of the Bhakra Nangal dam. 'They're not real residents,' claim the authorities, denying these vulnerable communities any compensation for the loss of their traditional livelihood. Such institutional discrimination perpetuates the socioeconomic marginalization of tribal groups, trapping them in a cycle of poverty and disempowerment.",65,en,synthetic_sdg10,synthetic,2026-05-13,[10],10,,high,"This chunk illustrates how development projects have disproportionately impacted tribal communities without adequate compensation or rehabilitation, exacerbating their socioeconomic inequality - a key focus of SDG 10.",10
475ac27a,"Seema, a Dalit woman from Fatehgarh Sahib, was denied admission to the local government hospital after the receptionist discovered her caste. 'We don't have the facilities to handle your kind,' the staff member told her bluntly. Such incidents of blatant discrimination in access to public services perpetuate the marginalization of Dalit communities, depriving them of their basic rights and entitlements.",60,en,synthetic_sdg10,synthetic,2026-05-13,[10],10,,high,"This chunk demonstrates how Dalit women face discrimination in accessing public health services, highlighting the inequality and lack of inclusion they experience - a key aspect of SDG 10.",10
ce8bb213,"In the paddy fields of Muktsar, Dalit women farm laborers earn nearly 40% less than their male counterparts for performing the same arduous tasks. 'That's just how it's always been,' says the landlord, unwilling to address the deep-rooted gender and caste biases that perpetuate this exploitative wage gap. Such intersectional discrimination traps Dalit women in a cycle of economic disempowerment, denying them equal opportunities for advancement.",66,en,synthetic_sdg10,synthetic,2026-05-13,[10],10,,high,"This chunk illustrates the intersectional inequality faced by Dalit women farm laborers, who experience both gender and caste-based discrimination in wages - a key focus of SDG 10.",10
8564cea8,"Surinder, a Dalit smallholder in Hoshiarpur, has been repeatedly denied access to subsidized agricultural inputs under the government's Paramparagat Krishi Vikas Yojana. 'We prioritize larger landowners,' claim the local officials, perpetuating the economic marginalization of resource-poor Dalit farmers. Such exclusion from support programs widens the stark divide between dominant and underprivileged communities, depriving the latter of crucial opportunities for upliftment.",60,en,synthetic_sdg10,synthetic,2026-05-13,[10],10,,high,"This chunk demonstrates how government agricultural schemes fail to reach Dalit smallholder farmers, highlighting the inequality of access and opportunity they face - a key aspect of SDG 10.",10
eb1b74b1,"In the Beas riverine villages of Gurdaspur, Dalit families have been systematically denied access to the government's rural housing scheme. 'They're not real residents,' claim the local authorities, excluding these marginalized communities from a basic entitlement enjoyed by the dominant castes. Such institutional discrimination perpetuates the socioeconomic isolation of Dalits, depriving them of opportunities for upliftment and denying them a life of dignity.",63,en,synthetic_sdg10,synthetic,2026-05-13,[10],10,,high,"This chunk illustrates how Dalit communities are denied access to government housing schemes, demonstrating the inequality and lack of inclusion they face - a key focus of SDG 10.",10
715eb5fe,"The Dalits in our village struggle to access the local mandi to sell their wheat and paddy harvests. They are often turned away or forced to accept lower prices than upper caste farmers. Despite government schemes to support small and marginal farmers, the benefits rarely reach our SC community. We feel stuck in a cycle of discrimination and economic marginalization.",60,en,synthetic_sdg10,synthetic,2026-05-13,[10],10,,high,"This chunk highlights inequality and discrimination faced by the Dalit community in accessing agricultural markets and government support, which is a key issue under SDG 10 on reduced inequalities.",10
5eb651a6,"Our village water supply scheme has excluded the tribal hamlets on the outskirts. The taps and handpumps only serve the main village, leaving the Adivasi families without access to clean drinking water. Despite lodging complaints, the panchayat has not addressed this inequality. We fear that our children's health is at risk due to this blatant marginalization.",56,en,synthetic_sdg10,synthetic,2026-05-13,[10],10,,high,"This chunk illustrates how access to basic services like water is unequally distributed across marginalized tribal communities, reflecting issues of inequality and exclusion under SDG 10.",10
7c9d7cf6,"As a Dalit agricultural laborer, I am paid 30% less than my upper caste counterparts for the same work in the fields. The landlord justifies this wage gap, claiming it is our 'traditional' role. I have tried to negotiate for fair wages, but am threatened with the loss of my job. This entrenched caste-based discrimination traps us in poverty and makes it impossible to improve our situation.",67,en,synthetic_sdg10,synthetic,2026-05-13,[10],10,,high,"This first-person account highlights wage discrimination and exploitation of Dalit workers, a key manifestation of inequality based on caste identity that is a focus of SDG 10.",10
6c9c2719,"In our block, the OBC and SC communities have been systematically excluded from accessing government assistance for procuring agricultural equipment and inputs. The subsidies and low-interest loans only seem to benefit the dominant Jat Sikh landowners. We have raised this issue with the local MLA, but he has done little to address this blatant inequality in the distribution of state support.",61,en,synthetic_sdg10,synthetic,2026-05-13,[10],10,,high,"This chunk demonstrates how government schemes intended to support farmers are inequitably distributed, favoring dominant social groups over marginalized OBC and SC communities, an issue of inequality under SDG 10.",10
a0421662,"Our tribal hamlet in Hoshiarpur district has been left without land rights for generations. The ancestral forest lands we have tended for centuries are now claimed by the state. Without formal titles, we live in constant fear of eviction and cannot access government welfare schemes targeted at landowners. This systemic denial of land rights is a grave injustice that perpetuates our social and economic marginalization.",65,en,synthetic_sdg10,synthetic,2026-05-13,[10],10,,high,"This chunk highlights how lack of land rights and formal entitlements leaves tribal communities economically and socially marginalized, a key inequality issue under SDG 10.",10
03e16512,"In the Malwa region, Dalit farmers report being denied entry to local grain mandis. They are forced to sell their wheat and paddy harvests at lower prices to private traders who exploit their vulnerabilities. Despite laws prohibiting such caste-based discrimination, the authorities turn a blind eye. This denial of market access is a grave injustice that entrenches the economic disadvantages faced by our Scheduled Caste brethren.",66,en,synthetic_sdg10,synthetic,2026-05-13,[10],10,,high,"This chunk illustrates how Dalit farmers face discrimination and exclusion from agricultural markets, limiting their economic opportunities and perpetuating inequality, a key focus of SDG 10.",10
57262112,"The landless labourers in our village, who happen to be from the OBC community, earn 20-25% less than the Jat Sikh farmers for the same farm work. This wage gap has persisted for decades, with the landlords justifying it as per 'tradition'. We have organized protests, but the administration sides with the dominant caste landowners. This entrenched inequality traps our people in poverty and makes it impossible to improve our social status.",72,en,synthetic_sdg10,synthetic,2026-05-13,[10],10,,high,"This chunk highlights the wage discrimination faced by OBC landless laborers compared to dominant caste landowners, a clear manifestation of inequality based on social identity that is a focus of SDG 10.",10
9ca4337a,"In our Doaba region village, the local anganwadi centre only provides nutritious meals and healthcare services to children from the dominant Jat Sikh households. Dalit and OBC families are turned away or receive inferior quality rations. This blatant exclusion from basic social services is a stark example of how caste-based discrimination continues to divide our community and deprive the marginalized of equal opportunities.",63,en,synthetic_sdg10,synthetic,2026-05-13,[10],10,,high,"This chunk illustrates how access to essential social services is unequally distributed along caste lines, excluding marginalized Dalit and OBC communities, a key concern under SDG 10 on reduced inequalities.",10
7b61477d,"In the Mansa district, the landless Dalit farm workers struggle to access government welfare schemes that provide subsidized seeds, fertilizers and machinery. The local officials demand bribes and backdoor connections to process their applications, while upper caste farmers get their benefits seamlessly. This corruption and bias in public service delivery traps our people in a cycle of disadvantage and leaves them without the tools to improve their livelihoods.",68,en,synthetic_sdg10,synthetic,2026-05-13,[10],10,,high,"This chunk highlights how unequal access to government support and benefits, driven by corruption and bias, disadvantages marginalized Dalit workers, a key issue of inequality under SDG 10.",10
a23bed34,"The Adivasi settlements in the Shivalik foothills lack basic infrastructure like paved roads, electricity and healthcare facilities. These fundamental services are available only in the main villages dominated by the Jat and Kamboj communities. Our repeated requests to the district administration have fallen on deaf ears. This stark urban-rural divide and neglect of tribal hamlets is entrenching socio-economic inequalities in our region.",62,en,synthetic_sdg10,synthetic,2026-05-13,[10],10,,high,"This chunk illustrates the stark inequalities in access to basic services and infrastructure between dominant communities and marginalized tribal settlements, a key issue under SDG 10 on reduced inequalities.",10
0abddd2a,"In Amritsar district, the Dalit hamlet on the outskirts of the main village lacks access to the local canal irrigation network. As a result, our small landholdings suffer from chronic water scarcity, leading to poor harvests and incomes. The upper caste farmers control the water distribution and have denied our requests to extend the canals to our fields. This systemic discrimination against the SC community deepens our poverty and marginalization.",70,en,synthetic_sdg10,synthetic,2026-05-13,[10],10,,high,"This chunk shows how unequal access to critical productive assets like irrigation infrastructure disadvantages marginalized Dalit farmers, reflecting the inequality issues under SDG 10.",10
1f226ac0,"The Abohar region is known for its flourishing vegetable and cotton farming, but the economic benefits are cornered by the dominant Jat Sikh landowners. Dalit tenant farmers who till these lands receive only a small share of the profits, while the landlords reap the bulk of the earnings. This extractive sharecropping system perpetuates the poverty and social marginalization of our SC brethren, denying them a fair stake in the region's agricultural prosperity.",72,en,synthetic_sdg10,synthetic,2026-05-13,[10],10,,high,"This chunk highlights how economic inequality and exploitation of Dalit tenant farmers by dominant landowners is entrenched in the agricultural system, a key manifestation of inequality under SDG 10.",10
37296e44,"In the Malerkotla district, the OBC families report being systematically excluded from government housing schemes like Pradhan Mantri Awas Yojana. The local authorities prioritize applications from the Jat Sikh and upper caste applicants, while dismissing our pleas for affordable homes. This denial of a basic entitlement traps us in slum dwellings and reinforces the socio-economic gap between the dominant and marginalized communities.",62,en,synthetic_sdg10,synthetic,2026-05-13,[10],10,,high,"This chunk demonstrates how access to government housing schemes that could reduce inequality is skewed away from OBC communities, perpetuating their social and economic marginalization, a core focus of SDG 10.",10
53c47388,"In our Hoshiarpur village, the Dalit youth struggle to access quality higher education opportunities. The few SC students who clear the entrance exams for professional courses are denied admission by colleges that favor upper caste applicants. This institutional bias and discrimination denies our children a chance to break the cycle of poverty and climb the social ladder, cementing intergenerational inequality.",60,en,synthetic_sdg10,synthetic,2026-05-13,[10],10,,high,"This chunk highlights how inequality in access to quality education perpetuates disadvantage for marginalized Dalit youth, a key concern under SDG 10 on reducing inequalities.",10
f34022aa,"The Adivasi communities in the Nanded forests of Punjab have been denied land titles for generations. Without formal ownership, they cannot access agricultural credit, insurance or development schemes. Their ancestral lands are now claimed by the forest department, leaving them landless and impoverished. This systemic denial of land rights is a grave injustice that traps our tribal brethren in a cycle of marginalization and deprivation.",65,en,synthetic_sdg10,synthetic,2026-05-13,[10],10,,high,"This chunk illustrates how lack of land rights and entitlements leaves tribal communities economically and socially marginalized, a manifestation of inequality under SDG 10.",10
421840fe,"In the Faridkot region, Dalit families report facing discrimination in accessing government welfare programs like old-age pensions and disability allowances. The local officials often demand bribes or deny their claims on flimsy pretexts. This bias in public service delivery denies our most vulnerable citizens their rightful entitlements, entrenching the social and economic divide between the dominant and marginalized communities.",59,en,synthetic_sdg10,synthetic,2026-05-13,[10],10,,high,"This chunk highlights how discrimination and corruption in the implementation of social welfare schemes disadvantages Dalit citizens, exacerbating inequality, a core focus of SDG 10.",10
dbb5e736,"The Adivasi hamlets in the Shivalik hills of Ropar district lack basic healthcare infrastructure. The nearest primary health centre is over 10 km away, forcing our tribal families to rely on traditional healers. When medical emergencies arise, we have to transport the sick to the district hospital, often leading to preventable deaths. This neglect of our remote settlements perpetuates the stark urban-rural divide and denies us equal access to essential services.",71,en,synthetic_sdg10,synthetic,2026-05-13,[10],10,,high,"This chunk illustrates how inadequate provision of healthcare services in remote tribal areas reflects and perpetuates broader inequalities that marginalized communities face, a key concern under SDG 10.",10
10946c5e,"In our Moga district village, the Dalit families are denied access to the local gurdwara and other community spaces. Our children are not allowed to play on the village grounds or use the common village well. This institutionalized social boycott by the dominant Jat Sikh landowners relegates us to the fringes of the community and denies us the dignity of equal citizenship. It is a stark reminder of the deep-rooted caste prejudices that continue to divide our society.",78,en,synthetic_sdg10,synthetic,2026-05-13,[10],10,,high,"This chunk highlights how exclusion from community spaces and public goods perpetuates the social marginalization of Dalit citizens, a manifestation of inequality under SDG 10.",10
86cf2f2c,"The OBC households in our Bathinda district village are paid 30% less than the Jat Sikh farmers for the same agricultural labor. This wage disparity has persisted for generations, with the landlords citing 'tradition' to justify the discrimination. Our attempts to negotiate better pay have been met with threats of losing our jobs. Without legal recourse or political representation, we remain trapped in this exploitative system that denies us a fair share of the region's economic prosperity.",77,en,synthetic_sdg10,synthetic,2026-05-13,[10],10,,high,"This chunk illustrates the wage discrimination faced by OBC agricultural laborers compared to dominant caste landowners, a clear example of inequality based on social identity that is a focus of SDG 10.",10
4870a219,"In Bathinda district, Dalit farmers face constant discrimination at the local mandi. They are often forced to sell their wheat and paddy crops at lower prices than upper-caste farmers. ""We are denied entry to the main trading areas and have to negotiate with commission agents on the outskirts. This keeps our incomes low compared to others."" says Jagdeep, a small landholder. The state government's procurement programs seem to overlook these inequalities, further entrenching the divide.",75,en,synthetic_sdg10,synthetic,2026-05-13,[10],10,,high,"This text describes inequality and discrimination faced by Dalit farmers in accessing markets, which is directly relevant to SDG 10 on reducing inequalities.",10
eeb077cc,"Mansa district is home to a large population of Scheduled Tribe communities who have lived on forest land for generations. However, they lack formal land titles, making them vulnerable to displacement. ""The forest department keeps saying this is government land. But my family has tended these fields for 50 years. How can they suddenly ask us to leave?"" laments Lakhwinder, a tribal farmer. Without secure land rights, these marginalized groups remain excluded from development schemes and face persistent poverty.",79,en,synthetic_sdg10,synthetic,2026-05-13,[10],10,,high,"This text describes how lack of land rights makes tribal communities vulnerable and excludes them from development, which is a key aspect of SDG 10 on reducing inequalities.",10
febdf48c,"In Ferozepur, the local MGNREGA program systematically pays lower wages to Scheduled Caste workers compared to other castes. ""I get 200 rupees per day, while the Jat farmers next to me get 250. It's blatant discrimination,"" says Harbans, a landless labourer. Complaints to the authorities have fallen on deaf ears. This wage gap perpetuates the economic marginalization of Dalit communities, making it harder for them to escape the cycle of poverty.",71,en,synthetic_sdg10,synthetic,2026-05-13,[10],10,,high,"This text describes wage discrimination against Dalit workers, which is a clear example of inequality that SDG 10 aims to address.",10
f0109cbe,"Faridkot's farmers have repeatedly reported that the local irrigation department discriminates against Scheduled Caste and Other Backward Class communities when providing canal water access. ""They ensure the upper-caste landlords get their full quota first, leaving little for our small fields,"" says Kuldeep, a Dalit farmer. This unequal distribution of a vital resource like water further entrenches the socio-economic gaps between dominant and marginalized groups in the region.",67,en,synthetic_sdg10,synthetic,2026-05-13,[10],10,,high,"This text describes how access to irrigation water is unequally distributed, disadvantaging lower-caste farmers, which is a clear example of the inequality that SDG 10 aims to address.",10
b772f402,"In Muktsar, Dalit women face systemic exclusion from local government schemes and programs. ""The Sarpanch only Ever listens to the dominant-caste families in the village. Our applications for housing, pensions, or skills training never get approved,"" rues Jasbir, a community organizer. This denial of basic entitlements traps Dalit women in a cycle of poverty and marginalization, despite constitutional guarantees of equality.",61,en,synthetic_sdg10,synthetic,2026-05-13,[10],10,,high,"This text describes how Dalit women are excluded from accessing government schemes and programs, which is a clear example of inequality that SDG 10 aims to address.",10
ed3dbb8f,"Amritsar's brick kiln owners routinely exploit migrant tribal workers, paying them well below minimum wages. ""We are brought here from Jharkhand with the promise of good pay, but end up trapped in debt bondage,"" says Ranjeet, a worker. With little recourse to legal aid or labor unions, these marginalized communities remain vulnerable to wage theft and unsafe working conditions, perpetuating their economic and social marginalization.",65,en,synthetic_sdg10,synthetic,2026-05-13,[10],10,,high,"This text describes how migrant tribal workers are exploited and paid less than minimum wage, which is a clear example of inequality and discrimination that SDG 10 aims to address.",10
f9065333,"In Ludhiana's textile factories, Dalit workers report routine harassment and discrimination by supervisors from upper-caste backgrounds. ""They hurl casteist slurs at us and deny us promotions, even though we do the same work,"" says Rajesh, a machine operator. The factory owners turn a blind eye to these practices, indicating the deep-rooted nature of caste-based inequalities in the industrial sector as well.",61,en,synthetic_sdg10,synthetic,2026-05-13,[10],10,,high,"This text describes how Dalit workers face discrimination and unequal treatment in the workplace, which is directly relevant to SDG 10's aim of reducing inequality.",10
fb2ad55d,"Jalandhar's Scheduled Caste communities have long been denied access to public water sources like ponds and wells. ""The upper-caste villagers have set up their own private taps and hand-pumps, which they refuse to share with us,"" says Manjeet, a Dalit resident. This segregation of a basic resource like water perpetuates the social ostracization and economic marginalization of these historically disadvantaged groups.",61,en,synthetic_sdg10,synthetic,2026-05-13,[10],10,,high,"This text describes how access to public water resources is unequally distributed, disadvantaging Dalit communities, which is a clear example of the inequality that SDG 10 aims to address.",10
a13fc0fe,"Tarn Taran's landless Dalit families are increasingly migrating to nearby cities for menial jobs, as they are denied sharecropping rights on agricultural lands owned by upper-caste farmers. ""We used to at least have some income from the fields, but now the Jat landlords refuse to give us a share of the crops,"" laments Balwinder. This loss of traditional livelihoods further widens the economic gap between dominant and marginalized communities.",69,en,synthetic_sdg10,synthetic,2026-05-13,[10],10,,high,"This text describes how Dalit families are denied access to land and traditional livelihoods, which is a form of inequality that SDG 10 aims to address.",10
ef809ae7,"In Kapurthala district, the local Self-Help Group (SHG) program overwhelmingly benefits upper-caste women, leaving out Scheduled Caste and Other Backward Class communities. ""The Sarpanch and bank staff only recommend their own relatives and friends for the micro-loans and skills training,"" says Kulwinder, a Dalit woman. This skewed implementation of a poverty alleviation scheme entrenches existing social hierarchies and deprives marginalized groups of much-needed economic opportunities.",65,en,synthetic_sdg10,synthetic,2026-05-13,[10],10,,high,"This text describes how a government scheme is unequally implemented to benefit dominant social groups over marginalized communities, which is directly relevant to SDG 10's goal of reducing inequalities.",10
5f62d740,"Hoshiarpur's Scheduled Tribe farmers report that they are systematically denied subsidies and loan waivers provided by the state government's agricultural support programs. ""We simply don't have the right social connections or political clout to access these benefits,"" rues Sukhdev, a small landholder. This exclusion from key entitlements widens the economic disparities between tribal communities and the agrarian mainstream, perpetuating their marginalized status.",62,en,synthetic_sdg10,synthetic,2026-05-13,[10],10,,high,"This text describes how tribal farmers are excluded from accessing government agricultural support schemes, which is a form of inequality that SDG 10 aims to address.",10
b69ae2cb,"In Pathankot, Dalit sanitation workers face social stigma and poor working conditions compared to other municipal employees. ""We are made to clean sewers and public toilets by hand, with no safety gear. The upper-caste staff get office jobs and better pay,"" says Ranjana. This entrenched discrimination in public sector jobs denies equal opportunities to marginalized communities, further perpetuating hierarchies of caste and class.",63,en,synthetic_sdg10,synthetic,2026-05-13,[10],10,,high,"This text describes how Dalit sanitation workers face discrimination and unequal treatment in their jobs, which is a clear example of inequality that SDG 10 aims to address.",10
3c816f13,"Fazilka's Scheduled Caste families report being systematically overlooked by the local government's housing and infrastructure development programs. ""The sarpanch only sanctions new roads, drains, and electricity connections in the dominant-caste neighborhoods,"" says Sukhwinder, a community activist. This unequal provision of basic civic amenities entrenches spatial segregation and socio-economic disparities between upper-caste villages and Dalit bastis (settlements).",56,en,synthetic_sdg10,synthetic,2026-05-13,[10],10,,high,"This text describes how government development programs are unequally distributed, disadvantaging Dalit communities, which is a form of inequality that SDG 10 aims to address.",10
2bdeeba4,"Moga's landless Dalit laborers are increasingly being replaced by farm machinery, as wealthy landlords prioritize efficiency over labor-intensive cultivation. ""The harvester and thresher owners are all Jat farmers. We've lost our traditional work in the fields,"" laments Lakhwinder. This technological disruption, coupled with social discrimination, is rapidly eroding the already precarious livelihoods of marginalized agricultural workers, with grave implications for their economic security.",63,en,synthetic_sdg10,synthetic,2026-05-13,[10],10,,high,"This text describes how technological change and social discrimination are negatively impacting the livelihoods of Dalit agricultural workers, which is a form of inequality that SDG 10 aims to address.",10
e34e2459,"In Barnala, Scheduled Caste youth report facing severe barriers in accessing government-run skill development and entrepreneurship programs. ""The selection process is rigged in favor of dominant-caste applicants who have the right connections,"" says Jaspreet, a college graduate. Lack of equal opportunities in vocational training perpetuates the socio-economic marginalization of these disadvantaged communities, limiting their pathways to secure livelihoods.",58,en,synthetic_sdg10,synthetic,2026-05-13,[10],10,,high,"This text describes how Dalit youth face unequal access to skill development and entrepreneurship programs, which is a form of inequality that SDG 10 aims to address.",10
bc60dc67,"Ropar's Scheduled Caste farmers report facing constant harassment from the local revenue department officials, who routinely demand bribes to process their land ownership and subsidy applications. ""They know we don't have the same social clout as the upper-caste zamindars, so they exploit us,"" says Balwinder. This systematic extortion further erodes the already limited economic resources of marginalized communities, trapping them in cycles of debt and poverty.",66,en,synthetic_sdg10,synthetic,2026-05-13,[10],10,,high,"This text describes how Dalit farmers face discrimination and exploitation from government officials, which is a form of inequality that SDG 10 aims to address.",10
7d246876,"In Fatehgarh Sahib, Scheduled Tribe communities living in forested areas report being denied access to Minor Forest Produce (MFP) like honey, herbs, and fruits. ""The forest department guards keep shooing us away, saying these are protected areas,"" says Sukhvinder, a tribal resident. Exclusion from traditional livelihood sources further impoverishes these marginalized groups, undermining their food security and economic resilience.",59,en,synthetic_sdg10,synthetic,2026-05-13,[10],10,,high,"This text describes how tribal communities are denied access to forest resources, which is a form of inequality that SDG 10 aims to address.",10
7581eb7d,"Nawanshahr's Dalit women report facing intersectional discrimination, as they are denied access to local self-help groups and micro-finance initiatives. ""The sarpanch and bank staff only want to work with women from dominant castes and landowning families,"" says Jasbir, a community worker. This denial of economic empowerment opportunities traps Dalit women in cycles of poverty, limiting their ability to improve their social and economic status.",64,en,synthetic_sdg10,synthetic,2026-05-13,[10],10,,high,"This text describes how Dalit women face intersectional discrimination in accessing economic opportunities, which is a form of inequality that SDG 10 aims to address.",10
066d9d60,"In Gurdaspur, Scheduled Caste students from low-income families report facing significant barriers in accessing quality education. ""We can't afford the fees and hidden costs of private schools, but the government schools lack resources and teachers,"" says Harpreet, a high school student. This educational divide perpetuates the socio-economic marginalization of disadvantaged communities, limiting their pathways to upward mobility.",57,en,synthetic_sdg10,synthetic,2026-05-13,[10],10,,high,"This text describes how Dalit students face unequal access to quality education, which is a form of inequality that SDG 10 aims to address.",10
29cc242c,"Patiala's Scheduled Caste communities report facing systematic exclusion from the state government's healthcare schemes and insurance programs. ""The ASHA workers and ANMs only visit the upper-caste neighborhoods, never our Dalit basti,"" laments Kulwinder, a community organizer. This denial of basic public health services traps marginalized groups in cycles of illness and poverty, further entrenching social hierarchies and inequalities.",58,en,synthetic_sdg10,synthetic,2026-05-13,[10],10,,high,"This text describes how Dalit communities face unequal access to healthcare services, which is a form of inequality that SDG 10 aims to address.",10
b2bea289,"In Muktsar district, Dalit farmers continue to face discrimination at local mandis. They are often denied fair access to sell their wheat and paddy crops, with traders preferring to purchase from upper caste landowners. 'We arrive at 4am but are routinely turned away or given unfair prices. The authorities do nothing to stop this injustice,' says Gurpreet, a Dalit farmer.",60,en,synthetic_sdg10,synthetic,2026-05-13,[10],10,,high,"This text describes inequality and discrimination faced by Dalit farmers in accessing agricultural markets, which is a key issue under SDG 10 on reducing inequalities.",10
e326d049,"Poverty and lack of land ownership remain major barriers for the Scheduled Tribe communities in Hoshiarpur. 'We have lived on this land for generations but have no legal titles. Without land deeds, we are denied benefits of government schemes and face constant threat of eviction,' says Jaswant, an Adivasi resident. Activists report widespread displacement of tribal people, violating their constitutional rights.",61,en,synthetic_sdg10,synthetic,2026-05-13,[10],10,,high,"This text highlights how lack of land rights and exclusion from government programs disproportionately impact tribal communities, a key aspect of reducing inequalities under SDG 10.",10
63e32fc7,"Data from the Punjab government reveals wide wage gaps between upper caste and Dalit agricultural workers. In Bathinda, Dalit labourers earn on average Rs 300 per day, compared to Rs 450 for upper caste workers doing the same tasks. 'We have no choice but to accept these unfair wages as we are desperate for employment. The authorities turn a blind eye to this discrimination,' says Ram, a Dalit farm labourer.",70,en,synthetic_sdg10,synthetic,2026-05-13,[10],10,,high,"This text describes wage discrimination faced by Dalit agricultural workers, which is a clear manifestation of inequality that SDG 10 aims to address.",10
3f83882a,"Scheduled Caste women in Moga district face intersectional discrimination, denied equal access to healthcare and education. 'Doctors at the local clinic often refuse to treat us or provide substandard care. Our daughters are discouraged from attending school beyond Class 10,' says Jasvinder Kaur, a Dalit activist. Compounded by poverty, these barriers trap SC women in a cycle of disadvantage.",59,en,synthetic_sdg10,synthetic,2026-05-13,[10],10,,high,"This text highlights how Dalit women face intersectional discrimination, lacking equal access to basic services like healthcare and education - a key concern under SDG 10 on reducing inequalities.",10
a0db2c83,"In Ludhiana, the local government's flagship water scheme has systematically excluded Dalit settlements. 'Our colony was denied connection to the new pipeline. We have to walk 2km every day to fetch water from the main village tap,' says Rajni, a Dalit resident. Activists allege the authorities deliberately overlook marginalized communities when implementing development projects.",54,en,synthetic_sdg10,synthetic,2026-05-13,[10],10,,high,"This text describes how a government water scheme excluded a Dalit community, demonstrating the kind of systemic discrimination and inequality that SDG 10 aims to address.",10
dfbcbaa5,"Data from the 2021 Socio-Economic Caste Census in Punjab reveals glaring inequalities. While the state's overall poverty rate is 8%, it jumps to 21% among Scheduled Castes. Literacy levels also vary widely, with 86% for the general population but only 68% for SC communities. 'These figures show the entrenched disadvantages faced by Dalits. The government must take urgent action,' says Jaspreet, a social activist.",64,en,synthetic_sdg10,synthetic,2026-05-13,[10],10,,high,"This text cites official data highlighting the stark socioeconomic disparities between upper castes and Scheduled Castes in Punjab, a key concern under SDG 10 on reducing inequalities.",10
32dc55b8,"In Sangrur, Scheduled Tribe families report being systematically excluded from the public distribution system. 'We are often denied rations of wheat, rice and kerosene. The authorities say we are not 'genuine' beneficiaries despite having ration cards,' says Narinder, a tribal resident. Activists suspect local officials are siphoning off these essential supplies meant for marginalized communities.",55,en,synthetic_sdg10,synthetic,2026-05-13,[10],10,,high,"This text describes how tribal families are denied equal access to government welfare schemes, which is a manifestation of the kind of systemic inequalities that SDG 10 aims to address.",10
fd30c5bc,"Dalit farmers in Hoshiarpur district report being denied loans and crop insurance by local cooperative banks. 'We are told we don't qualify even when our documents are in order. It's clear the managers discriminate against us,' says Sukhwinder. With limited access to agricultural credit, Dalit cultivators remain trapped in a cycle of debt and poverty.",55,en,synthetic_sdg10,synthetic,2026-05-13,[10],10,,high,"This text highlights how Dalit farmers face unequal access to financial services like loans and insurance, a key driver of economic inequality that SDG 10 seeks to address.",10
7334aa46,"In Mansa, Scheduled Caste workers allege blatant discrimination in the MGNREGA rural jobs program. 'We are routinely denied work or paid less than the minimum wage. The authorities collude with upper caste contractors to exclude us,' says Amritpal, a Dalit laborer. With limited livelihood options, these workers have little recourse against such exploitative practices.",54,en,synthetic_sdg10,synthetic,2026-05-13,[10],10,,high,"This text describes how Dalit workers face unequal treatment and exclusion from a key government employment scheme, demonstrating the kind of structural inequalities that SDG 10 aims to address.",10
b2c852f1,"Tribal women in Firozpur district report facing entrenched gender and caste biases. 'Our husbands and in-laws constantly demean us, saying our Adivasi background makes us inferior. We are denied a say in family decisions and face violence if we try to speak up,' says Manjit Kaur, a member of the Scheduled Tribe community. Lacking education and economic independence, these women have little recourse against such abuse.",66,en,synthetic_sdg10,synthetic,2026-05-13,[10],10,,high,"This text highlights the intersectional discrimination faced by tribal women, who experience the compounded effects of gender and caste biases - a key issue under SDG 10 on reducing inequalities.",10
48f09a7a,"Activists in Bathinda report a troubling trend of Dalit entrepreneurs being denied bank loans to start small businesses. 'We have the skills and business plans, but the managers routinely reject our applications citing arbitrary reasons. It's clear they discriminate against us due to our caste background,' says Gurpreet, a Dalit graduate. Without access to start-up capital, these aspiring entrepreneurs remain trapped in low-wage jobs.",64,en,synthetic_sdg10,synthetic,2026-05-13,[10],10,,high,"This text describes how Dalit entrepreneurs face unequal access to financial services to start businesses, a barrier that perpetuates economic inequalities targeted by SDG 10.",10
071723bb,"In Jalandhar, Scheduled Caste students report facing routine humiliation and discrimination in schools. 'The teachers often single us out and make casteist remarks. We are forced to sit separately during meals and made to do menial tasks like cleaning,' says Jaspreet, a Class 12 student. Activists allege the authorities turn a blind eye to such practices that entrench education gaps between upper and lower castes.",65,en,synthetic_sdg10,synthetic,2026-05-13,[10],10,,high,"This text highlights how Dalit students face caste-based discrimination in educational institutions, a key driver of unequal access to quality education that SDG 10 seeks to address.",10
256dab21,"Data from the Punjab agriculture department shows glaring disparities in landholding sizes between upper castes and Scheduled Castes. While the average Jat Sikh farmer owns 5 acres, the typical Dalit cultivator possesses less than 2 acres. 'Without adequate land, we struggle to earn a sustainable livelihood and are trapped in debt. The government must urgently redistribute land to address this inequality,' says Rajwinder, a Dalit farmer leader.",67,en,synthetic_sdg10,synthetic,2026-05-13,[10],10,,high,"This text cites official data on the stark inequality in land ownership between upper castes and Dalits, a key driver of economic disparity that SDG 10 aims to reduce.",10
cc289fb2,"In Pathankot, Scheduled Tribe women report being denied equal wages for the same farm work as upper caste labourers. 'We are paid Rs 300 per day, while the Jat men get Rs 450 for doing identical tasks. When we protest, the contractors threaten us with dismissal,' says Kamlesh, a tribal worker. Lacking alternative livelihood options, these women are compelled to accept such blatantly discriminatory wages.",65,en,synthetic_sdg10,synthetic,2026-05-13,[10],10,,high,"This text describes wage discrimination faced by tribal women agricultural workers, which is a clear manifestation of the inequality that SDG 10 seeks to address.",10
78f728d3,"Dalit residents of Fazilka report being systematically denied admission to government schools and colleges. 'We are told the seats are 'full' even when vacancies exist. It's clear the authorities discriminate against us due to our caste background,' says Gurdeep, a Scheduled Caste student. With limited access to education, these youth have bleak prospects of breaking the cycle of poverty and marginalization.",61,en,synthetic_sdg10,synthetic,2026-05-13,[10],10,,high,"This text highlights how Dalit students face unequal access to educational opportunities, a key driver of inequality that SDG 10 aims to address.",10
8fd2cc7a,"Activists in Amritsar allege that Scheduled Caste families are being systematically excluded from the state's flagship housing scheme. 'Dalit applicants are routinely denied allotment of homes, with the authorities preferring to allocate them to upper caste beneficiaries. This reflects the deep-rooted discrimination in policy implementation,' says Nirmal Singh, a community leader.",51,en,synthetic_sdg10,synthetic,2026-05-13,[10],10,,high,"This text describes how a government housing program excludes Dalit beneficiaries, demonstrating the kind of systemic discrimination that SDG 10 seeks to address.",10
67720d3d,"Data from the 2021 Punjab Economic Survey reveals stark disparities in access to healthcare between upper castes and Scheduled Castes. While 92% of the general population has health insurance coverage, the figure drops to just 68% for SC communities. 'Despite government schemes, Dalit families continue to lack adequate financial protection against medical expenses,' says Dr. Manjit Kaur, a public health expert.",61,en,synthetic_sdg10,synthetic,2026-05-13,[10],10,,high,"This text cites official data highlighting unequal access to healthcare services between upper castes and Scheduled Castes, a key dimension of the inequality targeted by SDG 10.",10
5caa4e85,"In Kapurthala, Scheduled Tribe families allege systematic exclusion from the public distribution system. 'Our ration cards are frequently rejected, and we are denied subsidized food grains and kerosene. The authorities seem to discriminate against us,' says Lakhwinder, a tribal resident. Activists suspect local officials are siphoning off these essential supplies meant for marginalized communities.",54,en,synthetic_sdg10,synthetic,2026-05-13,[10],10,,high,"This text describes how tribal families are denied equal access to government welfare schemes, which is a manifestation of the systemic inequalities that SDG 10 aims to address.",10
9c3cc177,"Data from the 2021 National Crime Records Bureau shows a disturbing trend of atrocities against Dalits in Punjab. The state recorded the highest incidence of crimes against SC/ST communities, with 5,963 cases reported. 'These figures reflect the entrenched caste-based violence and discrimination that Dalit citizens face daily. Urgent action is needed to protect their rights and dignity,' says Rajwinder Kaur, a Scheduled Caste rights activist.",65,en,synthetic_sdg10,synthetic,2026-05-13,[10],10,,high,"This text cites official data on the high incidence of crimes and atrocities against Dalits in Punjab, demonstrating the serious human rights violations and lack of physical security that perpetuate inequality, a key focus of SDG 10.",10
f66b7e11,"In Ludhiana, Scheduled Caste sanitation workers report facing extreme discrimination and exploitation. 'We are forced to manually clean sewers and toilets without any protective gear. The upper caste supervisors hurl casteist slurs and deny us basic facilities,' says Harbhajan, a Dalit worker. Despite laws prohibiting such 'manual scavenging', the practice persists due to the entrenched prejudice against Dalits.",58,en,synthetic_sdg10,synthetic,2026-05-13,[10],10,,high,"This text describes the deplorable working conditions and discrimination faced by Dalit sanitation workers, highlighting how certain marginalized groups continue to be exploited and denied basic rights - a key concern under SDG 10 on reducing inequalities.",10
37f14ec9,"In the Malwa region of Punjab, farmers struggle with the overuse of pesticides and chemical fertilizers. The heavy reliance on these inputs has led to soil degradation and rising cancer rates in villages. Many are now turning to organic farming methods that restore soil health and reduce chemical runoff into rivers. However, the transition is challenging without government support for training and market access. Sustainable agriculture practices must be promoted to ensure food security and environmental protection in the long run.",81,en,synthetic_sdg12,synthetic,2026-05-13,[12],12,,high,"This chunk discusses sustainable agriculture and reducing pesticide/fertilizer overuse, which aligns with SDG 12 on responsible consumption and production.",12
c98a56fa,"Every year after the paddy harvest, thick plumes of smoke billow across Punjab as farmers burn their crop residues. This stubble burning contributes significantly to air pollution, affecting both rural and urban communities. Alternatives like using biomass for energy or incorporating stubble into the soil are available, but lack of mechanization and financial incentives prevent their wider adoption. Urgent action is needed to curb this environmentally damaging practice and promote sustainable waste management in agriculture.",75,en,synthetic_sdg12,synthetic,2026-05-13,[12],12,,high,"This chunk discusses the issue of stubble burning, which is a major source of agricultural waste and pollution, aligning with SDG 12 on responsible consumption and production.",12
15889cdc,"In the village of Badhni Kalan, Mansa district, Balwinder Singh proudly shows off his organic vegetable farm. By avoiding chemical pesticides and fertilizers, he has seen a remarkable improvement in soil fertility and crop yields. ""The land is more alive now, with earthworms and beneficial insects thriving,"" he says. However, Balwinder faces challenges in accessing markets and competing with conventionally grown produce. Wider adoption of organic farming practices could significantly reduce the environmental impact of agriculture in Punjab, but requires government support and consumer awareness.",85,en,synthetic_sdg12,synthetic,2026-05-13,[12],12,,high,"This chunk discusses the benefits of organic farming, which aligns with SDG 12 on responsible consumption and production in the agricultural sector.",12
da2f137f,"Farmers in the Doaba region of Punjab are experimenting with natural farming techniques that minimize the use of external inputs. By adopting practices like zero-tillage, green manuring, and integrated pest management, they are able to maintain soil fertility and crop yields without relying on costly and polluting chemical inputs. ""The land is healthier, and my family's health has also improved,"" says Jaswinder Kaur, a farmer in Nawanshahr district. Wider adoption of such sustainable agriculture models could help address the interlinked challenges of food security, farmer livelihoods, and environmental protection.",89,en,synthetic_sdg12,synthetic,2026-05-13,[12],12,,high,"This chunk discusses sustainable agriculture practices that reduce the use of chemical inputs, aligning with SDG 12 on responsible consumption and production.",12
6a50dbf3,"In the Sultanpur Lodhi area of Kapurthala district, a significant portion of the wheat harvest is lost due to poor post-harvest handling and storage facilities. ""We often see rats and insects eating away at the grain, and sometimes the whole crop gets spoiled due to moisture,"" laments Surinder Pal, a local farmer. Improving infrastructure for grain drying, storage, and transportation could greatly reduce such food losses, enhancing the overall efficiency of the food system. Addressing post-harvest waste is crucial for achieving SDG 12 on responsible consumption and production.",88,en,synthetic_sdg12,synthetic,2026-05-13,[12],12,,high,"This chunk discusses the issue of food waste and loss during post-harvest handling, which is a key aspect of responsible consumption and production under SDG 12.",12
a10d20be,"The Beas River basin in Punjab is facing severe groundwater depletion due to the water-intensive paddy-wheat cropping cycle. ""We have to dig deeper and deeper to find water for irrigation,"" says Jagdeep Singh, a farmer in Tarn Taran district. Diversifying crop rotations, promoting less water-intensive crops, and adopting precision irrigation techniques could help conserve this precious natural resource. Sustainable water management in agriculture is essential for ensuring long-term food security and environmental sustainability, in line with the goals of SDG 12.",81,en,synthetic_sdg12,synthetic,2026-05-13,[12],12,,high,"This chunk discusses the issue of unsustainable water use in agriculture, which is a key aspect of responsible consumption and production under SDG 12.",12
57f4ba6d,"In the village of Badal, Muktsar district, a group of women have started a community-based initiative to reduce food waste. By collecting unsold produce from local markets and distributing it to the needy, they are able to divert tons of edible food from landfills. ""It pains us to see good food going to waste when so many struggle to get a meal,"" says Jasbir Kaur, the group's leader. Such grassroots efforts to tackle food loss and ensure equitable access to resources are vital for achieving sustainable consumption patterns, as envisioned by SDG 12.",93,en,synthetic_sdg12,synthetic,2026-05-13,[12],12,,high,"This chunk discusses a community-based initiative to reduce food waste, which is a key aspect of responsible consumption and production under SDG 12.",12
242960a2,"The Kandi region of Hoshiarpur district is witnessing a shift towards organic cotton farming. Farmers like Harpreet Singh are finding success by avoiding synthetic pesticides and fertilizers, and instead using vermicompost and natural pest control methods. ""Our cotton is fetching a premium price in the market, and we are also seeing improvements in soil health,"" he says. Promoting such sustainable production practices in the textile industry can help reduce the environmental impact of cotton cultivation, aligning with the goals of SDG 12.",82,en,synthetic_sdg12,synthetic,2026-05-13,[12],12,,high,"This chunk discusses the adoption of organic farming practices in the cotton industry, which contributes to responsible production and consumption under SDG 12.",12
fdd61506,"In the Malwa region of Punjab, the widespread use of chemical pesticides has led to a alarming rise in cancer cases, particularly in villages. ""We've seen entire families affected by this deadly disease,"" says Sukhdev Singh, a local activist. Transitioning to organic agriculture and promoting sustainable farming practices could not only improve public health but also protect the region's precious natural resources. Urgent action is needed to address the unsustainable use of agro-chemicals and ensure the well-being of rural communities, in line with the objectives of SDG 12.",88,en,synthetic_sdg12,synthetic,2026-05-13,[12],12,,high,"This chunk discusses the negative health and environmental impacts of excessive pesticide use, which is a key issue under SDG 12 on responsible consumption and production.",12
cacf6546,"The Punjabi village of Ghanaur is home to a unique community-driven initiative that promotes sustainable food production and consumption. Farmers have formed a cooperative to grow and distribute organic vegetables, while also establishing a network of community kitchens to reduce food waste and ensure equitable access to nutritious meals. ""By working together, we can create a more sustainable and just food system,"" says Kulwinder Kaur, one of the cooperative's members. Such grassroots efforts demonstrate the potential for holistic solutions to address the interconnected challenges of SDG 12.",87,en,synthetic_sdg12,synthetic,2026-05-13,[12],12,,high,"This chunk discusses a community-driven initiative that encompasses sustainable food production, distribution, and consumption, aligning with the objectives of SDG 12.",12
6fecbb57,"In the Satluj river basin of Punjab, increasing salinity and waterlogging are threatening the productivity of agricultural lands. ""The soil is becoming unfit for growing our traditional crops like wheat and paddy,"" laments Jagpal Singh, a farmer in Ferozepur district. Adopting sustainable land management practices, such as crop diversification and precision irrigation, could help restore soil health and enhance the resilience of the local food system. Addressing these environmental challenges is crucial for achieving responsible consumption and production patterns, as outlined in SDG 12.",84,en,synthetic_sdg12,synthetic,2026-05-13,[12],12,,high,"This chunk discusses the issue of soil degradation and unsustainable agricultural practices, which are key aspects of responsible consumption and production under SDG 12.",12
02f4d112,"In the Malwa region of Punjab, a group of women have started a small-scale organic food processing unit. By sourcing produce directly from local farmers, they are able to create value-added products like jams, pickles, and dried fruits, reducing post-harvest losses and ensuring a fair price for the growers. ""We are not just selling food, but also promoting sustainable livelihoods and environmental stewardship,"" says Satwinder Kaur, the unit's manager. Such community-based initiatives showcase the potential for inclusive and sustainable food systems, in line with the goals of SDG 12.",89,en,synthetic_sdg12,synthetic,2026-05-13,[12],12,,high,"This chunk discusses a community-based food processing initiative that supports sustainable livelihoods and reduces food waste, aligning with the objectives of SDG 12.",12
1ece81ff,"The Bist Doab region of Punjab is experiencing a resurgence of traditional millet cultivation. Farmers like Kuldeep Singh are rediscovering the benefits of growing crops like bajra and jowar, which are more resilient to drought and require fewer inputs. ""Not only are these millets nutritious, but they also help improve soil fertility,"" he says. Promoting the revival of diverse, climate-smart cropping systems can contribute to sustainable food production and consumption patterns, as envisioned by SDG 12.",76,en,synthetic_sdg12,synthetic,2026-05-13,[12],12,,high,"This chunk discusses the revival of traditional, sustainable millet farming, which aligns with the objectives of SDG 12 on responsible consumption and production.",12
543eedef,"In the Rupnagar district of Punjab, a local NGO is working with farmers to establish community seed banks. By preserving indigenous crop varieties and promoting seed-saving practices, the initiative aims to reduce the dependence on expensive and often unsustainable hybrid seeds. ""Our traditional seeds are not only more resilient, but also help maintain agro-biodiversity,"" says Balwinder Kaur, a farmer involved in the program. Strengthening local seed systems is crucial for promoting sustainable agriculture and ensuring food security, in line with the goals of SDG 12.",85,en,synthetic_sdg12,synthetic,2026-05-13,[12],12,,high,"This chunk discusses the establishment of community seed banks, which supports sustainable agriculture practices and aligns with the objectives of SDG 12.",12
6d1ff860,"In the Patiala district of Punjab, a group of young entrepreneurs have started a farm-to-table initiative that connects local organic farmers with urban consumers. By cutting out middlemen and promoting direct marketing, they are able to ensure fair prices for growers while making fresh, chemical-free produce more accessible to city dwellers. ""Our aim is to create a sustainable and equitable food system that benefits both producers and consumers,"" says Simran Kaur, the initiative's founder. Such innovative business models can help drive the transition towards responsible consumption and production, as envisioned by SDG 12.",93,en,synthetic_sdg12,synthetic,2026-05-13,[12],12,,high,"This chunk discusses a farm-to-table initiative that promotes direct marketing of organic produce, which aligns with the objectives of SDG 12 on responsible consumption and production.",12
42f9e159,"The Kandi region of Punjab is known for its diverse agroforestry systems, where farmers integrate trees, crops, and livestock. Jaswinder Singh, a farmer in Hoshiarpur district, has successfully adopted this model on his land. ""By growing a variety of crops and trees, I am able to maintain soil fertility, diversify my income, and provide habitat for wildlife,"" he says. Such integrated farming approaches can enhance the sustainability of agricultural production while also contributing to broader environmental goals, as outlined in SDG 12.",82,en,synthetic_sdg12,synthetic,2026-05-13,[12],12,,high,"This chunk discusses the adoption of agroforestry, which is a sustainable agricultural practice that aligns with the objectives of SDG 12 on responsible consumption and production.",12
4165b85a,"In the Majha region of Punjab, a women-led cooperative is promoting the use of natural dyes in the local textile industry. By reviving traditional dyeing techniques and collaborating with artisans, they are able to create high-quality fabrics that have a lower environmental impact than conventional synthetic dyes. ""Our natural dyes not only look beautiful, but also support local livelihoods and reduce pollution,"" says Ranjit Kaur, the cooperative's founder. Such initiatives demonstrate the potential for sustainable production and consumption patterns in the textile sector, as envisioned by SDG 12.",88,en,synthetic_sdg12,synthetic,2026-05-13,[12],12,,high,"This chunk discusses a cooperative that promotes the use of natural dyes in textiles, which contributes to responsible production and consumption under SDG 12.",12
e0afb167,"The Sutlej river basin in Punjab is facing severe pollution due to the indiscriminate disposal of agricultural waste and chemical runoff. ""We used to swim in the river, but now it's impossible due to the foul smell and toxic foam,"" laments Jagtar Singh, a resident of Ferozpur district. Adopting sustainable waste management practices, such as composting crop residues and proper disposal of agro-chemicals, could help mitigate this environmental crisis. Addressing the linkages between agriculture, waste, and pollution is crucial for achieving the goals of SDG 12 on responsible consumption and production.",91,en,synthetic_sdg12,synthetic,2026-05-13,[12],12,,high,"This chunk discusses the issue of agricultural waste and pollution, which is a key aspect of responsible consumption and production under SDG 12.",12
f65486cb,"In the Doaba region of Punjab, a group of young entrepreneurs have started a social enterprise that collects and recycles agricultural plastic waste. By converting discarded items like plastic mulch and seed bags into useful products, they are able to divert tons of non-biodegradable material from landfills and waterways. ""Our goal is to create a circular economy in the agricultural sector, where waste becomes a valuable resource,"" says Gurpreet Singh, the enterprise's founder. Such innovative solutions can contribute to sustainable waste management and environmental protection, as envisioned by SDG 12.",90,en,synthetic_sdg12,synthetic,2026-05-13,[12],12,,high,"This chunk discusses an initiative that recycles agricultural plastic waste, which aligns with the objectives of SDG 12 on responsible consumption and production.",12
8e0e5136,"Farmers in Mansa district are plagued by the overuse of pesticides, linked to rising cancer rates in the region. Many call for a shift to organic farming to reduce chemical runoff in the Sutlej River. ""We've used the same pesticides for decades, never knowing the long-term damage. Now we see the health impacts in our families. I want to try natural methods, but the government must support us.""",68,en,synthetic_sdg12,synthetic,2026-05-13,[12],12,,high,"This chunk discusses the issue of excessive pesticide use and the need for a shift to more sustainable organic farming practices, which aligns with SDG 12 on responsible consumption and production.",12
bc4435f8,"Each year, millions of tons of paddy stubble are burned in Punjab, choking the air with toxic smoke. This annual pollution event causes respiratory problems across the region. ""We have no choice but to burn the stubble - the government hasn't provided any solutions or subsidies for managing it. If we don't clear the fields quickly, we can't plant the wheat on time."" Sustainable alternatives are urgently needed to address this environmental crisis.",73,en,synthetic_sdg12,synthetic,2026-05-13,[12],12,,high,"This chunk focuses on the issue of stubble burning, a major contributor to air pollution, which is a key challenge related to sustainable production and consumption patterns (SDG 12).",12
f87412e8,"Punjab's monoculture of water-intensive paddy and wheat is depleting groundwater at an alarming rate. ""Our fields used to be so fertile, but now the soil is dry and hard. The government keeps pushing us to grow more paddy, but we know it's not sustainable. We want to diversify, but lack support and markets for other crops."" Promoting crop rotation and sustainable agriculture practices is crucial to conserve natural resources.",69,en,synthetic_sdg12,synthetic,2026-05-13,[12],12,,high,"This chunk discusses the unsustainable nature of Punjab's paddy-wheat monoculture, which is depleting soil and water resources, aligning with the goals of SDG 12 on responsible consumption and production.",12
23f3b3a8,"In Fazilka, a group of farmers have transitioned to natural farming methods, eschewing chemical fertilizers and pesticides. ""Our yields may be slightly lower, but the quality of our crops is so much better. The soil is healthier, and we no longer have to worry about toxic runoff."" The state government must provide more incentives and technical support to encourage widespread adoption of organic farming practices.",65,en,synthetic_sdg12,synthetic,2026-05-13,[12],12,,high,"This chunk highlights the benefits of organic, natural farming practices, which align with the goals of SDG 12 on promoting sustainable agriculture and reducing the use of harmful chemicals.",12
8996d6c8,"A recent study in Ludhiana found that over 30% of the region's harvested wheat and rice is lost to inefficient post-harvest handling and storage. ""We often have no choice but to sell our crops quickly to middlemen, who don't pay fair prices. Many of our grains and produce end up rotting before they reach markets."" Improved infrastructure and supply chain management is needed to minimize food waste and ensure more sustainable food systems.",73,en,synthetic_sdg12,synthetic,2026-05-13,[12],12,,high,"This chunk addresses the issue of food loss and waste, a key focus area of SDG 12 on responsible consumption and production.",12
3ae7441a,"Farmers in Faridkot report that the government's subsidies for chemical fertilizers have led to excessive application, damaging soil health. ""We use far more fertilizers than we need, just because they're cheap. But now our fields are losing fertility, and the crops don't taste as good."" Transitioning to balanced fertilizer use and promoting organic alternatives could help restore soil quality and reduce resource waste.",63,en,synthetic_sdg12,synthetic,2026-05-13,[12],12,,high,"This chunk discusses the overuse of chemical fertilizers, a key challenge related to sustainable consumption and production patterns (SDG 12).",12
cffd92d0,"In Patiala, a local NGO is working with women's Self-Help Groups to establish organic vegetable gardens and revive traditional farming practices. ""We used to grow a variety of crops, but now everything is just wheat and paddy. Our grandmothers knew how to nourish the soil naturally, without chemicals. We want to pass that knowledge on to the next generation."" Supporting community-led initiatives can help drive the transition to more sustainable food systems.",72,en,synthetic_sdg12,synthetic,2026-05-13,[12],12,,high,"This chunk highlights community-led initiatives to promote organic farming and revive traditional sustainable agricultural practices, which aligns with the goals of SDG 12.",12
5398c502,"A recent government report found that pesticide residues in groundwater in Bathinda district exceed safe limits by up to 500%. ""The water in our village is no longer fit for drinking. We've seen cancer cases rise, and our livestock is getting sick from the polluted water. But the authorities don't seem to care."" Urgent action is needed to regulate agrochemical use and protect natural resources for sustainable development.",68,en,synthetic_sdg12,synthetic,2026-05-13,[12],12,,high,"This chunk discusses the issue of pesticide pollution in water resources, a key challenge related to sustainable consumption and production patterns (SDG 12).",12
c7410ac5,"Farmers in Sangrur have started experimenting with zero-budget natural farming, using local cow dung and urine-based inputs instead of costly chemical fertilizers. ""Our yields may be slightly lower, but the quality of the crops is so much better. And we don't have to worry about the long-term damage to our soil and health."" The state government should provide more support and incentives to scale up these sustainable agriculture practices.",69,en,synthetic_sdg12,synthetic,2026-05-13,[12],12,,high,"This chunk highlights the adoption of zero-budget natural farming techniques, which promote sustainable and resource-efficient agricultural practices in line with SDG 12.",12
81e76d29,"In Kapurthala, a group of women have started a community composting initiative to reduce household food waste. ""So much good food ends up in the landfill. We wanted to find a way to turn our kitchen scraps into rich soil for our gardens."" The local government should expand such community-based waste management solutions to address the growing problem of food loss and waste in rural areas.",66,en,synthetic_sdg12,synthetic,2026-05-13,[12],12,,high,"This chunk focuses on a community-led initiative to reduce food waste through composting, which supports the goals of SDG 12 on responsible consumption and production.",12
704fff56,"Farmers in Jalandhar report that the rising cost of chemical inputs like pesticides and fertilizers is squeezing their profits. ""We have to spend so much on these products, but the yields don't seem to be improving. I'm considering switching to organic methods, but I'm worried about the initial drop in productivity."" Providing financial incentives and technical support for the transition to sustainable agriculture can help address this challenge.",68,en,synthetic_sdg12,synthetic,2026-05-13,[12],12,,high,"This chunk discusses the financial burden of chemical inputs on farmers, which is a key barrier to adopting more sustainable agricultural practices in line with SDG 12.",12
161a01aa,"A recent study found that up to 40% of fruits and vegetables grown in Amritsar district are lost due to lack of proper storage and transportation infrastructure. ""Our produce often rots before it reaches the markets in Ludhiana or Chandigarh. The government needs to invest in cold chain logistics and processing facilities to reduce this massive food waste."" Improving post-harvest handling and supply chain management is crucial for sustainable food systems.",71,en,synthetic_sdg12,synthetic,2026-05-13,[12],12,,high,"This chunk highlights the issue of post-harvest food loss due to inadequate infrastructure, which is a key challenge related to SDG 12 on responsible consumption and production.",12
f2b86613,"Farmers in Muktsar are experimenting with intercropping and crop rotation to improve soil health and reduce the need for pesticides. ""We used to just grow wheat and paddy, but now we're trying things like pulses, oilseeds, and vegetables. It takes more work, but the soil is looking healthier, and we're using fewer chemicals."" The state government should provide more extension support to scale up these sustainable agriculture practices across the region.",71,en,synthetic_sdg12,synthetic,2026-05-13,[12],12,,high,"This chunk discusses the adoption of sustainable agriculture practices like intercropping and crop rotation, which are in line with the goals of SDG 12 on responsible consumption and production.",12
67f85626,"In Ferozepur, a local NGO is working with farmers to establish organic vegetable gardens and reduce household food waste. ""We've seen so much good food being thrown away, while people in our village struggle with malnutrition. Now we compost our kitchen scraps and use the nutrient-rich soil to grow our own vegetables."" Empowering communities to adopt sustainable consumption and production habits can have a significant impact on local food security and environmental sustainability.",73,en,synthetic_sdg12,synthetic,2026-05-13,[12],12,,high,"This chunk describes a community-led initiative that addresses both sustainable agriculture and food waste reduction, which are key focus areas of SDG 12.",12
cbe136fc,"Farmers in Moga report that the government's push for water-intensive paddy cultivation is depleting groundwater reserves at an alarming rate. ""Our fields used to have water year-round, but now the wells are running dry even in the rainy season. We need to diversify our crops and shift to less thirsty alternatives, but the government keeps providing subsidies for paddy."" Promoting sustainable water management practices in agriculture is crucial for long-term food security.",72,en,synthetic_sdg12,synthetic,2026-05-13,[12],12,,high,"This chunk discusses the unsustainable nature of water-intensive paddy cultivation and the need to diversify crop choices to conserve natural resources, which aligns with the goals of SDG 12.",12
6ebd05d4,"In Fatehgarh Sahib, a group of women have started a community seed bank to preserve traditional crop varieties and promote organic farming. ""Our ancestors grew a diverse array of grains, vegetables, and fruits. But now, everything is just wheat and paddy. We want to revive those old seeds and farming practices to improve soil health and nutrition."" Supporting grassroots initiatives to conserve agricultural biodiversity can contribute to more sustainable food systems.",71,en,synthetic_sdg12,synthetic,2026-05-13,[12],12,,high,"This chunk highlights a community-led effort to preserve traditional crop varieties and promote organic farming, which supports the goals of SDG 12 on responsible consumption and production.",12
fe41e482,"Farmers in Barnala are struggling with the impacts of climate change, including erratic rainfall patterns and more frequent pest outbreaks. ""The weather is so unpredictable now - our crops are failing, and we have to use more pesticides to protect them. We need better information and support from the government to adapt our farming practices to these new challenges."" Building resilience in agricultural systems is crucial for sustainable production in the face of environmental changes.",75,en,synthetic_sdg12,synthetic,2026-05-13,[12],12,,high,"This chunk discusses the challenges faced by farmers due to climate change, which necessitates the adoption of more sustainable and resilient agricultural practices in line with SDG 12.",12
63a2f53f,"In Hoshiarpur, a group of young entrepreneurs have started a social enterprise to collect and process crop residues, using them to produce biofuel and organic fertilizers. ""All this stubble is just being burned, polluting the air and wasting valuable resources. We wanted to find a way to turn it into something useful for farmers and the environment."" Promoting circular economy solutions in the agricultural sector can help reduce waste and foster sustainability.",72,en,synthetic_sdg12,synthetic,2026-05-13,[12],12,,high,"This chunk describes a social enterprise that is addressing the issue of crop residue management, a key challenge related to sustainable consumption and production patterns (SDG 12).",12
af0cca38,"Farmers in Nawanshahr report that the overuse of chemical pesticides is causing a decline in pollinator populations, threatening the productivity of their crops. ""We used to see so many bees and butterflies in our fields, but now they're almost gone. The pesticides are killing them off, and we're losing our natural pollinators."" Transitioning to more sustainable pest management practices, including organic methods and habitat restoration, can help restore biodiversity and ecosystem services.",72,en,synthetic_sdg12,synthetic,2026-05-13,[12],12,,high,"This chunk discusses the negative impact of pesticide overuse on pollinator populations, which is a key challenge related to sustainable agriculture and production systems (SDG 12).",12
71d4eecd,"In Ropar, a community-based initiative is working to establish urban organic gardens and compost hubs to reduce food waste and promote sustainable consumption habits. ""So much good food is thrown away in our cities, while people in the villages struggle with hunger. We want to show that everyone can grow their own healthy produce and reduce their environmental footprint."" Scaling up such community-driven solutions can contribute to more sustainable and equitable food systems.",73,en,synthetic_sdg12,synthetic,2026-05-13,[12],12,,high,"This chunk describes a community-led initiative that addresses both food waste reduction and urban food production, which are key focus areas of SDG 12 on responsible consumption and production.",12
ee0ca42e,"In Ludhiana district, we face a crisis of overuse of pesticides and chemical fertilizers. Our paddy and wheat monoculture has depleted the soil, and the pesticide runoff contaminates our water. Many villagers suffer from cancer linked to the chemicals. We need to transition to sustainable, organic farming methods that rebuild soil health without harmful toxins.",55,en,synthetic_sdg12,synthetic,2026-05-13,[12],12,,high,"This chunk discusses unsustainable agricultural practices like pesticide overuse and monoculture, which are key challenges under SDG 12 on responsible consumption and production.",12
eeb06ee5,"Every year in October, the fields around my village in Sangrur are set ablaze to clear the paddy stubble before the next wheat crop. The choking smoke blankets the entire district for weeks, making it hard to breathe. This stubble burning is a major source of air pollution, but farmers feel they have no other affordable option to prepare the land quickly. We need government support for alternative stubble management that is cost-effective and sustainable.",75,en,synthetic_sdg12,synthetic,2026-05-13,[12],12,,high,"This chunk describes the problem of stubble burning, a major source of air pollution that needs to be addressed for sustainable agriculture under SDG 12.",12
f1132520,"In my village in Moga district, we have started an organic vegetable cooperative. We use natural farming methods without chemical pesticides or fertilizers, and deliver fresh produce directly to urban consumers. The crops are more resilient and the soil is getting healthier each year. While the yields are slightly lower, the premium prices make it economically viable. We hope to expand this model of sustainable, chemical-free agriculture across the region.",70,en,synthetic_sdg12,synthetic,2026-05-13,[12],12,,high,"This chunk describes a successful model of organic, sustainable agriculture that aligns with the goals of SDG 12.",12
f9be620c,"As an agricultural extension officer in Jalandhar, I see firsthand how the over-application of chemical fertilizers and pesticides is devastating the soil health of our farmlands. The excess nutrients leach into waterways, polluting drinking water and killing aquatic life. Farmers are trapped in a cycle of rising input costs and declining yields. We urgently need to promote sustainable farming practices that restore the natural fertility of the soil.",68,en,synthetic_sdg12,synthetic,2026-05-13,[12],12,,high,"This chunk discusses the harms of excessive chemical fertilizer and pesticide use, a key challenge under SDG 12 on responsible consumption and production in agriculture.",12
5cfd1056,"Last month, I visited a natural farming training camp in Barnala district organized by a local NGO. The farmers learned techniques like vermicomposting, crop rotation, and natural pest management. Many were skeptical at first, but after seeing the improved yields and reduced input costs on the demonstration plots, they are now enthusiastic to adopt these sustainable practices on their own farms. With the right support, we can transition the entire farming community towards chemical-free, climate-resilient agriculture.",76,en,synthetic_sdg12,synthetic,2026-05-13,[12],12,,high,"This chunk describes a successful initiative to promote sustainable, organic farming practices, which aligns with the goals of SDG 12.",12
a7120571,"In my village in Bathinda district, we used to burn the paddy stubble every year after harvest. But now the air pollution was so severe that the government banned the practice. Many farmers were initially resistant, but we've found that incorporating the stubble into the soil using a happy seeder machine actually improves soil fertility for the next wheat crop. The upfront cost was high, but the long-term benefits of this sustainable approach are clear.",75,en,synthetic_sdg12,synthetic,2026-05-13,[12],12,,high,This chunk describes how a ban on stubble burning and adoption of sustainable practices like using a happy seeder machine aligns with SDG 12 on responsible consumption and production.,12
a9024099,"As a procurement officer for the Food Corporation of India in Amritsar, I see enormous food waste in our supply chain. Tons of wheat and rice are lost to poor storage, pests, and spoilage before reaching consumers. We urgently need better infrastructure like climate-controlled warehouses and improved logistics to minimize post-harvest losses. Reducing this waste would make our food system more sustainable and ensure better livelihoods for our farmers.",69,en,synthetic_sdg12,synthetic,2026-05-13,[12],12,,high,"This chunk discusses the problem of food waste in the supply chain, which is a key challenge under SDG 12 on responsible consumption and production.",12
7f072a19,"In my district of Fatehgarh Sahib, many farmers have turned to organic, natural farming methods after seeing the harmful health and environmental impacts of chemical-intensive agriculture. They use techniques like green manuring, intercropping, and biopesticides to improve soil fertility and biodiversity without synthetic inputs. The initial transition was difficult, but now these farmers are earning premium prices for their chemical-free produce in urban markets. Their success is inspiring others to follow suit.",72,en,synthetic_sdg12,synthetic,2026-05-13,[12],12,,high,"This chunk describes a transition to sustainable, organic farming practices that align with the goals of SDG 12 on responsible consumption and production.",12
acfbbeb4,"As a journalist reporting from Kapurthala, I've covered how the paddy-wheat monoculture has depleted groundwater levels to critical levels. Farmers have to dig deeper wells each year to access the dwindling water table. This unsustainable over-extraction is putting the entire region's water security at risk. We need to urgently diversify cropping patterns, promote alternative crops like maize and pulses, and adopt water-saving techniques like direct seeding of rice to conserve this precious resource.",73,en,synthetic_sdg12,synthetic,2026-05-13,[12],12,,high,"This chunk discusses the unsustainable use of water resources in agriculture, a key challenge under SDG 12 on responsible consumption and production.",12
d60e6cfe,"In my village in Hoshiarpur district, we've started a community composting program to turn food and agricultural waste into nutrient-rich fertilizer. Households separate their organic waste, and a team of volunteers manages the composting process. We then distribute the compost to local farmers, who report healthier soils and better crop yields without relying on costly chemical fertilizers. This circular economy approach is a win-win for the environment and our livelihoods.",70,en,synthetic_sdg12,synthetic,2026-05-13,[12],12,,high,"This chunk describes a community-level initiative to reduce food and agricultural waste through composting, which aligns with the goals of SDG 12 on responsible consumption and production.",12
d195682e,"I am a smallholder farmer in Mansa district, and I've seen firsthand how the excessive use of pesticides on our paddy and wheat crops is devastating local ecosystems. The chemicals are killing off beneficial insects, birds, and other wildlife. Our fields used to be teeming with biodiversity, but now we only see a few hardy species. I've started experimenting with natural pest management and organic fertilizers, and my yields have remained stable while input costs have gone down. We need more support to transition the whole community to sustainable agriculture.",90,en,synthetic_sdg12,synthetic,2026-05-13,[12],12,,high,"This chunk discusses the negative environmental impacts of excessive pesticide use in agriculture, which is a key challenge under SDG 12 on responsible consumption and production.",12
fd3e4c42,"As a procurement officer for a major food retailer in Ludhiana, I'm concerned about the high levels of food waste in our supply chain. Improper storage, spoilage, and damage during transport result in huge losses, especially for perishable fruits and vegetables. We need investment in cold chain infrastructure, better logistics planning, and partnerships with farmers to minimize this waste. Reducing post-harvest losses is crucial for building a more sustainable and efficient food system.",73,en,synthetic_sdg12,synthetic,2026-05-13,[12],12,,high,"This chunk discusses the problem of food waste in the supply chain, which is a key challenge under SDG 12 on responsible consumption and production.",12
33550261,"I am an agricultural extension officer in Mohali district, and I've been promoting organic farming techniques to local smallholder farmers. Many are eager to transition away from chemical-intensive practices, but they face barriers like lack of access to organic inputs, higher upfront costs, and uncertainty about yields. To support this shift, the government should provide subsidies, technical training, and market linkages for farmers adopting sustainable agriculture. With the right incentives, we can make organic farming a viable livelihood option.",79,en,synthetic_sdg12,synthetic,2026-05-13,[12],12,,high,"This chunk discusses the barriers to adopting sustainable, organic farming practices and the need for government support, which aligns with the goals of SDG 12 on responsible consumption and production.",12
cfda492d,"I live in a village in Patiala district, and every year the air becomes almost unbreathable in October and November due to stubble burning. The smoke from thousands of burning paddy fields blankets the entire region, causing respiratory problems and reducing visibility on the roads. While the government has banned this practice, many farmers still do it secretly as they lack affordable alternatives for rapid field clearing. We need coordinated efforts to provide subsidies and machinery support for sustainable stubble management.",81,en,synthetic_sdg12,synthetic,2026-05-13,[12],12,,high,"This chunk describes the problem of stubble burning, a major source of air pollution that needs to be addressed for sustainable agriculture under SDG 12.",12
2f6178d2,"As a procurement officer for a major food processing company in Kapurthala, I've seen how poor post-harvest handling and storage leads to massive food losses. Fruits and vegetables often spoil before reaching consumers, while grains and pulses get infested with pests. We urgently need to invest in modern cold storage facilities, hermetic silos, and improved transportation to reduce this waste. Minimizing food loss is crucial for ensuring food security and building a more sustainable food system.",76,en,synthetic_sdg12,synthetic,2026-05-13,[12],12,,high,"This chunk discusses the problem of food waste in the supply chain, which is a key challenge under SDG 12 on responsible consumption and production.",12
e6cda81a,"I am a farmer in Sangrur district, and I've been experimenting with natural farming techniques like vermicomposting, intercropping, and biopesticides. While the initial transition was challenging, I've found that these sustainable practices improve soil health, reduce input costs, and make my crops more resilient to pests and climate risks. My yields may be slightly lower, but the premium prices I get for my chemical-free produce make it worthwhile. I'm now helping other farmers in my village adopt these regenerative agriculture methods.",81,en,synthetic_sdg12,synthetic,2026-05-13,[12],12,,high,"This chunk describes a farmer's successful transition to sustainable, organic farming practices that align with the goals of SDG 12.",12
77dcda61,"As a member of a women's self-help group in Muktsar district, I'm leading an initiative to compost agricultural waste and food scraps from our village. We collect the organic matter, mix it with cow dung, and turn it into nutrient-rich fertilizer. Many of us then use this compost on our home gardens, while the surplus is sold to local farmers at affordable prices. This circular economy approach reduces waste, improves soil health, and provides an additional income stream for our families.",81,en,synthetic_sdg12,synthetic,2026-05-13,[12],12,,high,"This chunk describes a community-level initiative to reduce food and agricultural waste through composting, which aligns with the goals of SDG 12 on responsible consumption and production.",12
ce3c25dd,"As an agricultural officer in Jalandhar district, I've been working with local farmers to adopt sustainable, climate-smart agriculture practices. Many are switching to low-till or no-till methods that retain crop residues and improve soil moisture and fertility. Others are diversifying their crop rotations, growing alternative crops like maize, pulses, and oilseeds alongside the traditional paddy-wheat cycle. These changes not only make the farms more resilient, but also reduce the need for synthetic inputs and lower the environmental footprint.",78,en,synthetic_sdg12,synthetic,2026-05-13,[12],12,,high,"This chunk describes the adoption of sustainable agriculture practices like low-till farming and crop diversification, which align with the goals of SDG 12 on responsible consumption and production.",12
cbd719db,"I am a smallholder farmer in Fazilka district, and I've seen how the overuse of chemical fertilizers and pesticides on our paddy and wheat crops has depleted the soil quality and contaminated our water sources. Many villagers now suffer from various health problems linked to these toxic substances. I've started experimenting with organic farming methods like green manuring, integrated pest management, and multi-cropping. While the transition has been difficult, my yields have remained stable, and I'm earning a premium price for my chemical-free produce.",84,en,synthetic_sdg12,synthetic,2026-05-13,[12],12,,high,"This chunk discusses the negative impacts of excessive chemical inputs in agriculture and a farmer's transition to sustainable, organic farming practices, which aligns with the goals of SDG 12.",12
0cb6ae26,"As a procurement officer for a major food retailer in Ludhiana, I'm deeply concerned about the high levels of food waste in our supply chain. Improper storage, spoilage, and damage during transport result in huge losses, especially for perishable fruits and vegetables. We need to invest in cold chain infrastructure, improve logistics planning, and forge closer partnerships with farmers to minimize this waste. Reducing post-harvest losses is crucial for building a more sustainable and efficient food system that can feed our growing population.",83,en,synthetic_sdg12,synthetic,2026-05-13,[12],12,,high,"This chunk discusses the problem of food waste in the supply chain, which is a key challenge under SDG 12 on responsible consumption and production.",12
3cc872fe,"Fishermen in Fazilka district of Punjab are struggling as the Sutlej river they depend on is choked with industrial waste and effluents. ""The water is black and toxic, killing off fish and other aquatic life. We cannot catch enough to feed our families anymore,"" says Jagdeep, a local fisherman. The state pollution control board has identified multiple dyeing and textile units discharging untreated waste directly into the river, but lacks resources to enforce regulations consistently.",75,en,synthetic_sdg14,synthetic,2026-05-13,[14],14,,high,"This chunk discusses river pollution, its impact on fisheries and aquatic life, which are key aspects of SDG 14 on life below water.",14
9af913e2,"Farmers in Gurdaspur have stopped using water from the Beas river for irrigation after a recent fish kill incident. ""The water turned white and frothy, and thousands of fish washed up dead on the banks. We suspect some industrial unit upstream dumped toxic chemicals,"" says Jasvir, a local farmer. The state government has promised to investigate the source of pollution, but villagers remain skeptical about any real action being taken to protect the river ecosystem.",75,en,synthetic_sdg14,synthetic,2026-05-13,[14],14,,high,"This chunk discusses river pollution leading to a fish kill incident, which impacts aquatic life and biodiversity - a key aspect of SDG 14.",14
5214d058,"A recent survey by the Punjab Wetland Authority found that over 40% of the state's natural ponds and wetlands have dried up or been encroached upon in the last decade. ""Increasing urbanization and lack of groundwater recharge has led to the disappearance of these vital water bodies. This is devastating for local biodiversity and migratory bird populations that depend on these ecosystems,"" says Rajesh Kumar, the Authority's director.",68,en,synthetic_sdg14,synthetic,2026-05-13,[14],14,,high,"This chunk discusses the loss of wetlands and ponds, which are important aquatic ecosystems that support biodiversity - a key aspect of SDG 14.",14
1996cda1,"Fishermen in Sangrur district have reported a steady decline in their catch from the Ghaggar river over the past five years. ""We used to get a variety of fish like rohu, catla and mrigal. But now the river is dominated by hardy species like carp that can tolerate pollution. The diversity has crashed,"" says Lakhwinder, a local fisherman. Authorities blame the discharge of untreated effluents from nearby dyeing and electroplating units for the deterioration of the river's aquatic life.",79,en,synthetic_sdg14,synthetic,2026-05-13,[14],14,,high,"This chunk discusses the declining diversity of fish species in a river due to industrial pollution, which is a key issue under SDG 14 on life below water.",14
4bb4332e,"The once-vibrant wetlands of Ropar district are now choked with water hyacinth and other invasive species. ""The Sutlej river that feeds these wetlands is so polluted that native aquatic plants and fish cannot survive. This is devastating for the hundreds of migratory birds that used to flock here every winter,"" says Amrit, a local naturalist. The state government has allocated funds to restore some of the wetlands, but locals are skeptical about any meaningful change without addressing the root cause of industrial pollution.",83,en,synthetic_sdg14,synthetic,2026-05-13,[14],14,,high,"This chunk discusses the degradation of wetland ecosystems due to river pollution, which impacts aquatic biodiversity and migratory birds - important aspects of SDG 14.",14
ab629ef9,"Dharamkot village in Moga district has seen its community pond, a vital source of water for irrigation and livestock, become unusable due to dumping of waste. ""The pond is black and stinking. Our buffaloes refuse to drink from it, and the vegetables we grow with this water are unsafe to eat,"" says Kulwinder, a local farmer. The panchayat (village council) has appealed to the district administration to clean up the pond, but bureaucratic red tape has delayed any concrete action so far.",82,en,synthetic_sdg14,synthetic,2026-05-13,[14],14,,high,"This chunk discusses the pollution of a community pond, which is an important local water body, impacting its use for irrigation, livestock, and potentially food production - all of which are related to SDG 14 on life below water.",14
718073c8,"The Shahpur Kandi dam project on the Ravi river in Pathankot district has faced protests from local fishermen. ""The dam will submerge our traditional fishing grounds and disrupt the river's natural flow, impacting the fish population. We depend on the Ravi for our livelihoods - this project will destroy our way of life,"" says Jagtar, a fisherman. The state government maintains the dam is vital for irrigation and flood control, but has promised to compensate affected fishermen communities.",78,en,synthetic_sdg14,synthetic,2026-05-13,[14],14,,high,"This chunk discusses the impact of a dam project on a river, which can disrupt aquatic ecosystems and fisheries - key aspects of SDG 14 on life below water.",14
08cb7a92,"Fishermen in Jalandhar are alarmed by the sharp decline in their catch from the Sutlej river in recent years. ""We used to get a variety of fish like rohu, catla and murrel. But now the river is dominated by hardy species like tilapia that can tolerate pollution. The diversity has crashed,"" says Jorawar, a local fisherman. Authorities blame the discharge of untreated industrial effluents and domestic sewage for the deterioration of the river's aquatic life.",75,en,synthetic_sdg14,synthetic,2026-05-13,[14],14,,high,"This chunk discusses the declining diversity of fish species in a river due to industrial and domestic pollution, which is a key issue under SDG 14 on life below water.",14
fd76660b,"The Ghaggar river in Patiala district has turned into a toxic stream, with the state pollution control board identifying over 50 dyeing and textile units discharging untreated waste directly into the water. ""The river has become a sewage canal - the stench is unbearable and all aquatic life has been destroyed,"" says Kulwant, a local farmer. Villagers have staged protests demanding immediate action, but say the authorities have been slow to crack down on the polluting industries.",77,en,synthetic_sdg14,synthetic,2026-05-13,[14],14,,high,"This chunk discusses severe pollution of a river from industrial discharge, leading to the destruction of aquatic life - a key aspect of SDG 14.",14
17804854,"The Harike wetlands, a Ramsar site on the confluence of the Sutlej and Beas rivers, is facing an existential crisis due to increasing siltation and pollution. ""The wetlands are choked with invasive weeds, and the water is murky and foul-smelling. Migratory birds that used to flock here in winters have stopped coming,"" says Rajvir, a local naturalist. Conservationists blame the discharge of industrial effluents and domestic waste upstream for the degradation of this globally significant wetland ecosystem.",77,en,synthetic_sdg14,synthetic,2026-05-13,[14],14,,high,"This chunk discusses the pollution and degradation of a Ramsar-designated wetland, which is an important aquatic ecosystem supporting biodiversity, especially migratory birds - key aspects of SDG 14.",14
7c72c0ce,"Fishermen in Kapurthala district have reported a 50% decline in their catch from the Beas river over the past decade. ""We used to get abundant catla, rohu and other table fish. But now the river is choked with water hyacinth and dominated by inferior species like carp that can tolerate pollution,"" says Bhupinder, a local fisherman. Authorities blame the discharge of untreated industrial effluents and domestic sewage from towns upstream for the deterioration of the river's aquatic life and fish stocks.",81,en,synthetic_sdg14,synthetic,2026-05-13,[14],14,,high,"This chunk discusses the declining fish stocks and diversity in a river due to industrial and domestic pollution, which are key issues under SDG 14 on life below water.",14
3397156b,"The once-pristine Ghanaur wetlands in Patiala district are now a garbage dumping ground, choked with plastic waste and invasive weeds. ""These wetlands used to be home to so many birds and aquatic species. But now it's like a wasteland - the water is black and foul-smelling,"" laments Harpreet, a local resident. The state wildlife department has struggled to keep encroachers and polluters at bay, as resources for wetland conservation remain limited.",71,en,synthetic_sdg14,synthetic,2026-05-13,[14],14,,high,"This chunk discusses the degradation of a wetland ecosystem due to pollution and waste dumping, which impacts its biodiversity - a key aspect of SDG 14.",14
5be67fa0,"Fishermen in Amritsar district have accused the state government of ignoring the plight of the Beas river, which has become a dumping ground for industrial waste. ""We used to catch so many different kinds of fish - rohu, catla, murrel. But now the river is dominated by hardy species like tilapia that can survive pollution. The diversity has crashed, and our livelihoods are in jeopardy,"" says Gurpreet, a local fisherman. Authorities say lack of resources hampers efforts to curb industrial pollution and rejuvenate the river's aquatic ecosystem.",87,en,synthetic_sdg14,synthetic,2026-05-13,[14],14,,high,"This chunk discusses the declining diversity of fish species in a river due to industrial pollution, as well as the impact on fishermen's livelihoods - key aspects of SDG 14 on life below water.",14
6dd0c593,"The Kanjli wetlands in Kapurthala district, once home to a variety of migratory birds, are now choked with invasive weeds and polluted by industrial effluents. ""The water is black and foul-smelling. We used to see so many different species of ducks, geese and waders here. But now there are hardly any birds left,"" laments Sukhwinder, a local nature guide. Conservationists blame the state government's apathy and lack of funds for the rapid degradation of this ecologically significant wetland.",78,en,synthetic_sdg14,synthetic,2026-05-13,[14],14,,high,"This chunk discusses the pollution and degradation of a wetland ecosystem, which impacts its biodiversity, especially migratory bird populations - key aspects of SDG 14.",14
f8c040f6,"Fishermen in Ludhiana district are up in arms against the Punjab government's plans to construct a barrage on the Sutlej river. ""This will disrupt the natural flow and breeding patterns of fish. We depend on the Sutlej for our livelihoods - the barrage will destroy our traditional fishing grounds,"" says Jaswinder, a local fisherman. Authorities argue the barrage is necessary for irrigation and flood control, but promise to compensate affected fishing communities.",72,en,synthetic_sdg14,synthetic,2026-05-13,[14],14,,high,"This chunk discusses the potential impact of a dam/barrage project on a river, which can disrupt aquatic ecosystems and fisheries - key aspects of SDG 14 on life below water.",14
febae398,"The Satluj Yamuna Link (SYL) canal project has faced fierce protests from farmers and environmentalists in Punjab. ""The canal will divert vital water from the Sutlej and Beas rivers, depleting these already polluted waterways. This will devastate aquatic life and destroy the livelihoods of thousands of fishermen,"" says Kuldeep, an environmental activist. The state government has refused to share its river waters, arguing it will cripple agriculture and affect food security.",71,en,synthetic_sdg14,synthetic,2026-05-13,[14],14,,high,"This chunk discusses the potential impact of a major water diversion project on rivers, which can deplete water resources and harm aquatic ecosystems and fisheries - key aspects of SDG 14.",14
627d0019,"Villagers in Muktsar district are up in arms against the discharge of untreated effluents from a nearby dyeing unit into a community pond. ""The pond water has turned black and toxic, killing all the fish. Our buffaloes refuse to drink from it, and the vegetables we grow with this water are unsafe to eat,"" says Kulwant, a local farmer. The state pollution control board has issued a notice to the unit, but locals say political connections have shielded the polluters from any real action so far.",86,en,synthetic_sdg14,synthetic,2026-05-13,[14],14,,high,"This chunk discusses the pollution of a community pond by industrial discharge, which impacts its use for irrigation, livestock, and potentially food production - all of which are related to SDG 14 on life below water.",14
b0774fc3,"Fishermen in Bathinda district have reported a sharp decline in their catch from the Ghaggar river in recent years. ""We used to get abundant rohu, catla and other table fish. But now the river is dominated by inferior species like carp that can tolerate pollution,"" says Ranjit, a local fisherman. Authorities blame the discharge of untreated effluents from nearby textile units and the lack of enforcement against polluters for the deterioration of the river's aquatic life and fish stocks.",79,en,synthetic_sdg14,synthetic,2026-05-13,[14],14,,high,"This chunk discusses the declining fish stocks and diversity in a river due to industrial pollution, which are key issues under SDG 14 on life below water.",14
975691ab,"The once-pristine Keshopur Chhamb wetlands in Gurdaspur district have become a dumping ground for plastic waste and industrial effluents. ""These wetlands used to be a haven for migratory birds, but now the water is choked with invasive weeds and the stench is unbearable,"" laments Gurmeet, a local nature guide. Conservationists blame the lack of funds and political will for the neglect of this ecologically significant wetland ecosystem.",67,en,synthetic_sdg14,synthetic,2026-05-13,[14],14,,high,"This chunk discusses the pollution and degradation of a wetland ecosystem, which impacts its biodiversity, especially migratory bird populations - key aspects of SDG 14.",14
41b6fd8b,"In the villages along the Sutlej river, fishermen are struggling to make a living. The once-abundant fish population has dwindled due to industrial waste and chemical effluents being discharged directly into the river. ""We used to catch a variety of fish - rohu, catla, and even the famous Punjabi mahaseer. But now, the water is dark and polluted, and we're lucky to find a few small fish,"" laments Balbir Singh, a third-generation fisherman.",73,en,synthetic_sdg14,synthetic,2026-05-13,[14],14,,high,"This chunk focuses on the impact of river pollution on fisheries and aquatic life, which is directly related to SDG 14 on Life Below Water.",14
3fc8e84f,"The once-pristine Ghaggar river, which flows through Patiala district, has become a dumping ground for industrial effluents and untreated sewage. ""The water has turned black and emits a foul smell. Our cattle refuse to drink from the river now,"" says Kulwinder Kaur, a resident of Ghanaur village. Environmentalists warn that the pollution is destroying the river's delicate ecosystem and threatening the livelihood of thousands of fishermen.",66,en,synthetic_sdg14,synthetic,2026-05-13,[14],14,,high,"This chunk focuses on the impact of industrial and sewage pollution on a river ecosystem, which is directly relevant to SDG 14 on Life Below Water.",14
7fb0966f,"In the village of Dharamkot, near the Beas river, the local pond has become a breeding ground for mosquitoes and a source of waterborne diseases. ""Earlier, the pond was full of fish and lotus flowers. Now, it's just a stagnant pool of green, foul-smelling water,"" says Jasvir Kaur, a resident. Authorities blame the pollution on nearby dyeing factories, which are illegally dumping their chemical waste into the pond.",68,en,synthetic_sdg14,synthetic,2026-05-13,[14],14,,high,"This chunk focuses on the pollution of a local water body, which is directly relevant to SDG 14 on Life Below Water.",14
f9e6d5d7,"The Sutlej river, which originates in the Himalayas and flows through the heart of Punjab, has become a dumping ground for industrial waste and sewage. ""The water is no longer fit for drinking or irrigation. We've seen a sharp decline in the variety and quantity of fish,"" says Gurmeet Singh, a farmer in Ludhiana district. Environmentalists warn that the pollution is threatening the river's delicate ecosystem and the livelihoods of thousands of people who depend on it.",77,en,synthetic_sdg14,synthetic,2026-05-13,[14],14,,high,"This chunk focuses on the impact of industrial and sewage pollution on a major river, which is directly relevant to SDG 14 on Life Below Water.",14
9c55bd7a,"The Harike Wetland, a Ramsar site and an important habitat for migratory birds, is facing a grave threat from pollution. ""The water is murky and choked with weeds. We've seen a sharp decline in the number of waterfowl and fish,"" says Harjinder Singh, a local birder. Authorities blame the pollution on the discharge of untreated effluents from nearby textile and dyeing units. Conservationists warn that the wetland's unique biodiversity is at risk unless urgent action is taken.",77,en,synthetic_sdg14,synthetic,2026-05-13,[14],14,,high,"This chunk focuses on the pollution and degradation of a wetland ecosystem, which is directly relevant to SDG 14 on Life Below Water.",14
c0080cdf,"In the village of Nangal, near the Sutlej river, the local fishermen are struggling to make a living. ""We used to catch a variety of fish, including the famous Punjabi mahaseer. But now, the water is polluted, and we're lucky to find a few small fish,"" says Sukhdev Singh, a third-generation fisherman. Authorities have promised to crack down on the illegal discharge of industrial effluents, but locals say more needs to be done to protect the river's aquatic life.",79,en,synthetic_sdg14,synthetic,2026-05-13,[14],14,,high,"This chunk focuses on the impact of river pollution on fisheries and aquatic life, which is directly relevant to SDG 14 on Life Below Water.",14
5789c6a5,"The Ghaggar river, which flows through the Malwa region of Punjab, has become a dumping ground for industrial waste and untreated sewage. ""The water has turned black and emits a foul smell. We've seen a sharp decline in the number of fish and other aquatic life,"" says Balwinder Singh, a resident of Bathinda district. Environmentalists warn that the pollution is threatening the river's delicate ecosystem and the livelihoods of thousands of people who depend on it.",76,en,synthetic_sdg14,synthetic,2026-05-13,[14],14,,high,"This chunk focuses on the impact of industrial and sewage pollution on a river ecosystem, which is directly relevant to SDG 14 on Life Below Water.",14
3e32d4e6,"In the village of Fazilka, near the India-Pakistan border, the local pond has become a breeding ground for mosquitoes and a source of waterborne diseases. ""Earlier, the pond was full of fish and lotus flowers. Now, it's just a stagnant pool of green, foul-smelling water,"" says Jasvinder Kaur, a resident. Authorities blame the pollution on nearby dyeing factories, which are illegally dumping their chemical waste into the pond.",68,en,synthetic_sdg14,synthetic,2026-05-13,[14],14,,high,"This chunk focuses on the pollution of a local water body, which is directly relevant to SDG 14 on Life Below Water.",14
67721a0a,"The Beas river, which flows through the heart of Punjab, has become a dumping ground for industrial waste and sewage. ""The water is no longer fit for drinking or irrigation. We've seen a sharp decline in the variety and quantity of fish,"" says Gurpreet Kaur, a farmer in Amritsar district. Environmentalists warn that the pollution is threatening the river's delicate ecosystem and the livelihoods of thousands of people who depend on it.",72,en,synthetic_sdg14,synthetic,2026-05-13,[14],14,,high,"This chunk focuses on the impact of industrial and sewage pollution on a major river, which is directly relevant to SDG 14 on Life Below Water.",14
db2a4b8d,"In the village of Rajpura, near the Sutlej river, the local pond has become a breeding ground for mosquitoes and a source of waterborne diseases. ""Earlier, the pond was full of fish and lotus flowers. Now, it's just a stagnant pool of green, foul-smelling water,"" says Jaswinder Singh, a resident. Authorities blame the pollution on nearby textile factories, which are illegally dumping their chemical waste into the pond.",68,en,synthetic_sdg14,synthetic,2026-05-13,[14],14,,high,"This chunk focuses on the pollution of a local water body, which is directly relevant to SDG 14 on Life Below Water.",14
ef73cfb3,"The Harike Wetland, a Ramsar site and an important habitat for migratory birds, is facing a grave threat from industrial pollution. ""The water is murky and choked with weeds. We've seen a sharp decline in the number of waterfowl and fish,"" says Sukhwinder Singh, a local birder. Authorities blame the pollution on the discharge of untreated effluents from nearby textile and dyeing units. Conservationists warn that the wetland's unique biodiversity is at risk unless urgent action is taken.",78,en,synthetic_sdg14,synthetic,2026-05-13,[14],14,,high,"This chunk focuses on the pollution and degradation of a wetland ecosystem, which is directly relevant to SDG 14 on Life Below Water.",14
692be67a,"In the village of Moga, near the Sutlej river, the local fishermen are struggling to make a living. ""We used to catch a variety of fish, including the famous Punjabi mahaseer. But now, the water is polluted, and we're lucky to find a few small fish,"" says Kulwinder Singh, a third-generation fisherman. Authorities have promised to crack down on the illegal discharge of industrial effluents, but locals say more needs to be done to protect the river's aquatic life.",79,en,synthetic_sdg14,synthetic,2026-05-13,[14],14,,high,"This chunk focuses on the impact of river pollution on fisheries and aquatic life, which is directly relevant to SDG 14 on Life Below Water.",14
d052ccd5,"The Ghaggar river, which flows through the Malwa region of Punjab, has become a dumping ground for industrial waste and untreated sewage. ""The water has turned black and emits a foul smell. We've seen a sharp decline in the number of fish and other aquatic life,"" says Harinder Kaur, a resident of Bathinda district. Environmentalists warn that the pollution is threatening the river's delicate ecosystem and the livelihoods of thousands of people who depend on it.",76,en,synthetic_sdg14,synthetic,2026-05-13,[14],14,,high,"This chunk focuses on the impact of industrial and sewage pollution on a river ecosystem, which is directly relevant to SDG 14 on Life Below Water.",14
eee5ae86,"In the village of Ropar, near the Sutlej river, the local pond has become a hub for illegal sand mining. ""The pond used to be a source of drinking water and a habitat for fish and other aquatic life. But now, the water level has dropped significantly, and we've seen a decline in the number of birds and other wildlife,"" says Jagjit Singh, a resident. Authorities have promised to crack down on the illegal mining, but locals say more needs to be done to protect the water body.",88,en,synthetic_sdg14,synthetic,2026-05-13,[14],14,,high,"This chunk focuses on the impact of sand mining on a local water body, which is directly relevant to SDG 14 on Life Below Water.",14
5103c8ec,"The Beas river, which flows through the Doaba region of Punjab, has become a dumping ground for industrial waste and sewage. ""The water is no longer fit for drinking or irrigation. We've seen a sharp decline in the variety and quantity of fish,"" says Gurdeep Singh, a farmer in Hoshiarpur district. Environmentalists warn that the pollution is threatening the river's delicate ecosystem and the livelihoods of thousands of people who depend on it.",73,en,synthetic_sdg14,synthetic,2026-05-13,[14],14,,high,"This chunk focuses on the impact of industrial and sewage pollution on a major river, which is directly relevant to SDG 14 on Life Below Water.",14
83f90d03,"In the village of Sangrur, near the Sutlej river, the local fishermen are struggling to make a living. ""We used to catch a variety of fish, including the famous Punjabi mahaseer. But now, the water is polluted, and we're lucky to find a few small fish,"" says Gurmeet Singh, a third-generation fisherman. Authorities have promised to crack down on the illegal discharge of industrial effluents, but locals say more needs to be done to protect the river's aquatic life.",79,en,synthetic_sdg14,synthetic,2026-05-13,[14],14,,high,"This chunk focuses on the impact of river pollution on fisheries and aquatic life, which is directly relevant to SDG 14 on Life Below Water.",14
f5e350fd,"The Harike Wetland, a Ramsar site and an important habitat for migratory birds, is facing a grave threat from pollution. ""The water is murky and choked with weeds. We've seen a sharp decline in the number of waterfowl and fish,"" says Harpreet Kaur, a local birder. Authorities blame the pollution on the discharge of untreated effluents from nearby textile and dyeing units. Conservationists warn that the wetland's unique biodiversity is at risk unless urgent action is taken.",77,en,synthetic_sdg14,synthetic,2026-05-13,[14],14,,high,"This chunk focuses on the pollution and degradation of a wetland ecosystem, which is directly relevant to SDG 14 on Life Below Water.",14
c1731e7f,"In the village of Fazilka, near the Sutlej river, the local pond has become a breeding ground for mosquitoes and a source of waterborne diseases. ""Earlier, the pond was full of fish and lotus flowers. Now, it's just a stagnant pool of green, foul-smelling water,"" says Jagjit Singh, a resident. Authorities blame the pollution on nearby dyeing factories, which are illegally dumping their chemical waste into the pond.",68,en,synthetic_sdg14,synthetic,2026-05-13,[14],14,,high,"This chunk focuses on the pollution of a local water body, which is directly relevant to SDG 14 on Life Below Water.",14
b67d6b0e,"In Mansa district, the Sutlej river is choked with industrial waste from nearby dye factories. Fishermen along the river banks are reporting declining fish stocks and unhealthy, discolored water. ""We used to catch so many fish to feed our families, but now the river is like poison. The government must shut down these polluting industries before we lose our livelihoods and the river's biodiversity forever,"" says Gurpreet Singh, a local fisherman.",71,en,synthetic_sdg14,synthetic,2026-05-13,[14],14,,high,"This chunk discusses river pollution and its impact on local fishermen's livelihoods, which aligns with SDG 14 on Life Below Water.",14
a9180d94,"Wetlands around the Beas river in Hoshiarpur district are drying up due to excessive water extraction and industrial discharge. ""We used to have such beautiful lakes and ponds teeming with fish, but now most have turned into arid wastelands. The migratory birds don't even visit anymore. The government needs to protect these vital aquatic ecosystems before they disappear forever,"" says Baljeet Kaur, a local environmental activist.",66,en,synthetic_sdg14,synthetic,2026-05-13,[14],14,,high,"This chunk discusses the drying up of wetlands and loss of aquatic biodiversity, which is relevant to SDG 14 on Life Below Water.",14
2ed551e8,"In Ludhiana, the Sutlej river has become a toxic sludge of industrial effluents and municipal waste. ""The water is black and gives off a horrible stench. Our village's cattle and children used to drink from the river, but now it's poisonous. The government must crack down on these polluting factories and improve wastewater treatment,"" laments Jaswinder Kaur, a resident of a riverside village.",63,en,synthetic_sdg14,synthetic,2026-05-13,[14],14,,high,"This chunk focuses on river pollution from industrial and municipal sources, which aligns with SDG 14 on Life Below Water.",14
3a59898c,"The Ghaggar river in Rajasthan is dying a slow death as dyeing units and textile factories dump their untreated waste directly into the water. ""I have fished in this river my entire life, but now the catch is almost nothing. The once-vibrant ecosystem is collapsing, and our livelihoods are at risk. The government must intervene to save this vital water source,"" says Ravi Kumar, a local fisherman.",67,en,synthetic_sdg14,synthetic,2026-05-13,[14],14,,high,"This chunk discusses river pollution from industrial sources and its impact on local fisheries, which is relevant to SDG 14 on Life Below Water.",14
2c7d06d0,"Fishing communities along the Sutlej river in Ferozepur district are reporting alarming declines in fish populations. ""The water is so polluted from nearby textile mills that most fish can't survive. We're struggling to catch enough to feed our families. The government must strictly regulate industrial discharge and invest in river cleanup efforts,"" says Harpreet Kaur, a local fisherwoman.",58,en,synthetic_sdg14,synthetic,2026-05-13,[14],14,,high,"This chunk discusses the impact of river pollution on local fisheries, which is directly relevant to SDG 14 on Life Below Water.",14
3ba7ff6f,"The once-vibrant wetlands and ponds around Ropar district are drying up and being filled in for real estate development. ""We used to have such a rich diversity of fish, birds, and other aquatic life. But now most of our water bodies are gone, and the few that remain are polluted. The government needs to protect these vital ecosystems before they disappear forever,"" laments Jasbir Singh, a local environmental advocate.",69,en,synthetic_sdg14,synthetic,2026-05-13,[14],14,,high,"This chunk discusses the loss and degradation of wetlands and water bodies, which is relevant to SDG 14 on Life Below Water.",14
c5a9360a,"In Amritsar, the Beas river has become choked with water hyacinth and industrial sludge. ""The river used to be our lifeline, providing water for irrigation and supporting a thriving fishery. But now it's like a dead, stagnant pool. The government must act to restore the river's health and protect the livelihoods of those who depend on it,"" says Kirandeep Kaur, a local farmer.",63,en,synthetic_sdg14,synthetic,2026-05-13,[14],14,,high,"This chunk focuses on river pollution and its impact on local agriculture and fisheries, which aligns with SDG 14 on Life Below Water.",14
0991b836,"The Ghaggar river in Sirsa district has become a dumping ground for industrial waste and untreated sewage. ""The water is black and foaming, and the stench is unbearable. Our children used to swim and play in the river, but now it's toxic. The government needs to shut down the polluting factories and invest in proper wastewater treatment to save this vital water source,"" says Rajesh Kumar, a local resident.",69,en,synthetic_sdg14,synthetic,2026-05-13,[14],14,,high,"This chunk discusses river pollution from industrial and municipal sources, which is relevant to SDG 14 on Life Below Water.",14
9ce48706,"Fishermen in Tarn Taran district are reporting a steep decline in fish catches in the Sutlej river. ""We used to easily fill our nets, but now we're lucky to catch a few small fish. The water is so polluted from nearby textile mills that the fish can't survive. Our livelihoods are at risk, and the river's biodiversity is being destroyed. The government must act to save this vital resource,"" says Gurpreet Singh, a local fisherman.",75,en,synthetic_sdg14,synthetic,2026-05-13,[14],14,,high,"This chunk focuses on the impact of river pollution on local fisheries, which is directly relevant to SDG 14 on Life Below Water.",14
5da0412e,"The Beas river in Kapurthala district is being choked by water hyacinth and plastic waste. ""The river used to be so clean and full of life, but now it's a stagnant, polluted mess. The migratory birds that used to stop here don't come anymore, and the fish are dying off. The government needs to take immediate action to clear the river and stop the pollution,"" says Jaswinder Singh, a local environmentalist.",71,en,synthetic_sdg14,synthetic,2026-05-13,[14],14,,high,"This chunk discusses the pollution and degradation of a river ecosystem, which is relevant to SDG 14 on Life Below Water.",14
5532e0b6,"Farmers in Moga district are reporting that their irrigation ponds are drying up and becoming polluted. ""We rely on these ponds to water our crops, but now most of them are just barren, cracked mud. The water that remains is black and foul-smelling. The government must help us restore and protect these vital water sources before our livelihoods are ruined,"" says Balwinder Kaur, a local farmer.",66,en,synthetic_sdg14,synthetic,2026-05-13,[14],14,,high,"This chunk discusses the loss and pollution of local water bodies used for irrigation, which is relevant to SDG 14 on Life Below Water.",14
a6bd3134,"In Bathinda district, the Sutlej river has become a dumping ground for industrial waste and agricultural runoff. ""The water is a sickly green color and has a horrible smell. The fish are all dead, and the birds that used to flock here have disappeared. Our livelihoods and the entire river ecosystem are being destroyed. The government must take urgent action to clean up this vital waterway,"" says Jagjit Singh, a local fisherman.",72,en,synthetic_sdg14,synthetic,2026-05-13,[14],14,,high,"This chunk discusses the pollution of a river from industrial and agricultural sources, and its impact on local fisheries and biodiversity, which aligns with SDG 14 on Life Below Water.",14
19b39ed6,"The once-vibrant wetlands and ponds around Nabha in Patiala district are drying up and becoming overgrown with invasive plants. ""We used to have such a rich diversity of aquatic life here - fish, birds, frogs, and more. But now most of the water bodies are gone, and the few that remain are choked and polluted. The government needs to protect these vital ecosystems before they disappear forever,"" laments Gurpreet Kaur, a local environmental activist.",74,en,synthetic_sdg14,synthetic,2026-05-13,[14],14,,high,"This chunk discusses the loss and degradation of wetlands and water bodies, which is relevant to SDG 14 on Life Below Water.",14
a986c5d1,"In Muktsar district, the Sutlej river has become a toxic dump for industrial effluents and agricultural runoff. ""The water is black and oily, and the stench is unbearable. Our village used to depend on the river for drinking water and irrigation, but now it's completely unusable. The government must crack down on the polluters and invest in river cleanup efforts to save this vital resource,"" says Rajinder Singh, a local farmer.",71,en,synthetic_sdg14,synthetic,2026-05-13,[14],14,,high,"This chunk focuses on river pollution from industrial and agricultural sources, and its impact on local water usage, which is relevant to SDG 14 on Life Below Water.",14
3a396366,"Fishermen in Fazilka district are reporting a drastic decline in fish populations in the Sutlej river. ""We used to catch so many fish to sell at the market, but now our nets come up empty. The water is so polluted from nearby textile factories that the fish can't survive. Our livelihoods are being destroyed, and the river's biodiversity is suffering. The government must take action to stop this pollution and protect our fisheries,"" says Gurpreet Singh, a local fisherman.",79,en,synthetic_sdg14,synthetic,2026-05-13,[14],14,,high,"This chunk discusses the impact of river pollution on local fisheries, which is directly relevant to SDG 14 on Life Below Water.",14
abcd4ca4,"The once-vibrant Ghaggar river in Sirsa district has become a stagnant, polluted mess. ""The water is black and covered in foam, and the stench is unbearable. Our children used to swim and play in the river, but now it's toxic. The government needs to shut down the polluting factories and invest in wastewater treatment to save this vital water source,"" says Rajesh Kumar, a local resident.",66,en,synthetic_sdg14,synthetic,2026-05-13,[14],14,,high,"This chunk discusses the pollution of a river from industrial sources, which is relevant to SDG 14 on Life Below Water.",14
01aa7f4d,"Farmers in Hoshiarpur district are reporting that their irrigation ponds are drying up and becoming polluted. ""We rely on these ponds to water our wheat and paddy crops, but now most of them are just cracked mud. The water that remains is black and foul-smelling. The government must help us restore and protect these vital water sources before our livelihoods are ruined,"" says Jaswinder Singh, a local farmer.",68,en,synthetic_sdg14,synthetic,2026-05-13,[14],14,,high,"This chunk discusses the loss and pollution of local water bodies used for irrigation, which is relevant to SDG 14 on Life Below Water.",14
c0c062df,"In Patiala district, the Beas river has become choked with water hyacinth and industrial waste. ""The river used to be our lifeline, providing water for irrigation and supporting a thriving fishery. But now it's like a stagnant pool, full of garbage and toxic sludge. The government must act quickly to clear the river and stop the pollution, or we'll lose this vital resource forever,"" says Balwinder Kaur, a local farmer.",70,en,synthetic_sdg14,synthetic,2026-05-13,[14],14,,high,"This chunk discusses the pollution and degradation of a river ecosystem, which is relevant to SDG 14 on Life Below Water.",14
32123b12,"Fishermen in Ferozepur district are reporting alarming declines in fish populations in the Sutlej river. ""We used to be able to fill our nets, but now we're lucky to catch a few small fish. The water is so polluted from nearby textile mills that the fish can't survive. Our livelihoods are at risk, and the river's biodiversity is being destroyed. The government must act to regulate industrial discharge and invest in river cleanup efforts,"" says Harpreet Kaur, a local fisherwoman.",80,en,synthetic_sdg14,synthetic,2026-05-13,[14],14,,high,"This chunk focuses on the impact of river pollution on local fisheries, which is directly relevant to SDG 14 on Life Below Water.",14
0cf81b23,"In Ropar district, the once-vibrant wetlands and ponds around the Sutlej river are drying up and being filled in for real estate development. ""We used to have such a rich diversity of fish, birds, and other aquatic life. But now most of our water bodies are gone, and the few that remain are polluted. The government needs to protect these vital ecosystems before they disappear forever,"" laments Jasbir Singh, a local environmental advocate.",73,en,synthetic_sdg14,synthetic,2026-05-13,[14],14,,high,"This chunk discusses the loss and degradation of wetlands and water bodies, which is relevant to SDG 14 on Life Below Water.",14
62c79a0b,"The Sutlej River, which flows through Ludhiana district, has become a dumping ground for industrial waste. Factory owners in the area continue to discharge untreated effluents directly into the river, harming the aquatic ecosystem. Fishermen who rely on the Sutlej for their livelihoods are struggling as fish populations dwindle. 'The water is black and foul-smelling. We can't even use it for irrigation anymore,' says Jagtar Singh, a farmer in Jagraon.",70,en,synthetic_sdg14,synthetic,2026-05-13,[14],14,,high,"This chunk focuses on industrial pollution of the Sutlej River, which is harming aquatic life and impacting the livelihoods of fishermen, aligning with SDG 14 on life below water.",14
9a69a9e4,"The once-thriving fishing community in Hoshiarpur district is facing a crisis. The Beas River, their primary source of income, has become heavily polluted due to the discharge of untreated industrial effluents. 'We used to catch 10-15 kilos of fish per day, but now we're lucky if we get 2-3 kilos,' laments Balwinder Kaur, a fisherwoman. Authorities have failed to take action against the polluting industries, leaving the local aquatic life and livelihoods at risk.",74,en,synthetic_sdg14,synthetic,2026-05-13,[14],14,,high,"This chunk focuses on the impact of industrial pollution on the Beas River, which is harming the local fishing community and aquatic biodiversity, aligning with SDG 14.",14
b7a30c53,"In the village of Malout, located near the Ghaggar River, the once-vibrant wetlands and ponds are drying up due to a combination of drought and industrial discharge. 'The water in the ponds has turned black and oily. We can't even bathe our buffaloes in it anymore,' says Gurmeet Kaur, a local resident. The loss of these vital water bodies is threatening the diverse aquatic life and the livelihoods of fishermen who depended on them.",74,en,synthetic_sdg14,synthetic,2026-05-13,[14],14,,high,"This chunk focuses on the drying up and pollution of wetlands and ponds near the Ghaggar River, which is harming aquatic biodiversity and the livelihoods of local fishermen, aligning with SDG 14.",14
c1422d50,"The fishing community in Amritsar district is facing a dire situation as the Beas River becomes increasingly polluted. Effluents from nearby textile and dye factories are being dumped directly into the river, turning the water a murky brown color. 'We can't even use this water for irrigation anymore, let alone catch fish in it,' says Sukhdev Singh, a local fisherman. Authorities have been slow to address the issue, leaving the river's aquatic life and the livelihoods of those who depend on it in jeopardy.",84,en,synthetic_sdg14,synthetic,2026-05-13,[14],14,,high,"This chunk focuses on the impact of industrial pollution on the Beas River in Amritsar district, which is harming aquatic life and the livelihoods of fishermen, aligning with SDG 14.",14
0514fc2e,"The once-vibrant fisheries in the Ropar Wetland, a Ramsar site located along the Sutlej River, are facing a grave threat. Untreated effluents from nearby industrial units and agricultural runoff have polluted the wetland, decimating the fish population and disrupting the delicate ecosystem. 'We used to catch a variety of fish here, but now there's hardly anything left,' laments Jaswinder Singh, a local fisherman. Urgent action is needed to protect this vital wetland and the livelihoods of those who depend on it.",81,en,synthetic_sdg14,synthetic,2026-05-13,[14],14,,high,"This chunk focuses on the pollution of the Ropar Wetland, a protected Ramsar site, which is harming the local fisheries and aquatic biodiversity, aligning with SDG 14.",14
2d2b246d,"In the village of Samrala, located along the Sutlej River, the once-thriving fishing industry has come to a standstill. Discharge from nearby dyeing factories has turned the river's water a deep shade of purple, rendering it unusable for fishing or irrigation. 'We can't even bathe in the river anymore, let alone catch fish,' says Kulwinder Kaur, a local fisherwoman. Authorities have been slow to address the issue, leaving the Sutlej's aquatic life and the livelihoods of those who depend on it in jeopardy.",83,en,synthetic_sdg14,synthetic,2026-05-13,[14],14,,high,"This chunk focuses on the impact of industrial pollution, specifically from dyeing factories, on the Sutlej River, which is harming the local fishing industry and aquatic life, aligning with SDG 14.",14
fccdd057,"The fishing community in Bathinda district is facing a crisis as the Ghaggar River, their primary source of income, becomes increasingly polluted. Untreated effluents from nearby industrial units and agricultural runoff have turned the river's water a murky brown color, rendering it unusable for fishing or irrigation. 'We used to catch a variety of fish here, but now there's hardly anything left,' laments Manjit Singh, a local fisherman. Authorities have failed to address the issue, leaving the river's aquatic life and the livelihoods of those who depend on it in jeopardy.",91,en,synthetic_sdg14,synthetic,2026-05-13,[14],14,,high,"This chunk focuses on the impact of industrial and agricultural pollution on the Ghaggar River in Bathinda district, which is harming the local fishing industry and aquatic biodiversity, aligning with SDG 14.",14
aa2cf3e4,"The once-thriving wetlands and ponds in Moga district are facing a grave threat as they become polluted and dry up. Untreated industrial effluents and agricultural runoff have contaminated the water, decimating the aquatic life that local fishermen rely on. 'The water has turned black and oily. We can't even use it to water our fields anymore,' says Jasbir Kaur, a local farmer. Urgent action is needed to protect these vital water bodies and the livelihoods of those who depend on them.",81,en,synthetic_sdg14,synthetic,2026-05-13,[14],14,,high,"This chunk focuses on the pollution and drying up of wetlands and ponds in Moga district, which is harming aquatic life and the livelihoods of local fishermen, aligning with SDG 14.",14
10c296b2,"The fishing community in Kapurthala district is facing a crisis as the Beas River, their primary source of income, becomes increasingly polluted. Discharge from nearby industrial units and untreated sewage have turned the river's water a murky, foul-smelling color, decimating the fish population. 'We used to catch 20-30 kilos of fish per day, but now we're lucky if we get 5 kilos,' laments Gurpreet Singh, a local fisherman. Authorities have been slow to address the issue, leaving the river's aquatic life and the livelihoods of those who depend on it in jeopardy.",92,en,synthetic_sdg14,synthetic,2026-05-13,[14],14,,high,"This chunk focuses on the impact of industrial and sewage pollution on the Beas River in Kapurthala district, which is harming the local fishing industry and aquatic biodiversity, aligning with SDG 14.",14
27198db3,"The fishing community in Fazilka district is facing a dire situation as the Sutlej River, their primary source of income, becomes increasingly polluted. Discharge from nearby textile and dyeing factories has turned the river's water a deep shade of blue, decimating the fish population. 'We used to catch a variety of fish here, but now there's hardly anything left,' laments Harbhajan Singh, a local fisherman. Authorities have failed to take action, leaving the river's aquatic life and the livelihoods of those who depend on it in jeopardy.",87,en,synthetic_sdg14,synthetic,2026-05-13,[14],14,,high,"This chunk focuses on the impact of industrial pollution, specifically from textile and dyeing factories, on the Sutlej River in Fazilka district, which is harming the local fishing industry and aquatic biodiversity, aligning with SDG 14.",14
0a28aa2e,"The once-vibrant fishing industry in Ferozepur district is facing a crisis as the Sutlej River becomes increasingly polluted. Untreated effluents from nearby industrial units and agricultural runoff have turned the river's water a murky, foul-smelling color, decimating the fish population. 'We used to catch a variety of fish here, but now there's hardly anything left,' laments Harpreet Kaur, a local fisherwoman. Authorities have been slow to address the issue, leaving the river's aquatic life and the livelihoods of those who depend on it in jeopardy.",85,en,synthetic_sdg14,synthetic,2026-05-13,[14],14,,high,"This chunk focuses on the impact of industrial and agricultural pollution on the Sutlej River in Ferozepur district, which is harming the local fishing industry and aquatic biodiversity, aligning with SDG 14.",14
61e35fdd,"The fishing community in Sangrur district is facing a dire situation as the Ghaggar River, their primary source of income, becomes increasingly polluted. Discharge from nearby dyeing factories and untreated sewage have turned the river's water a deep shade of purple, decimating the fish population. 'We used to catch 10-15 kilos of fish per day, but now we're lucky if we get 2-3 kilos,' laments Jasbir Singh, a local fisherman. Authorities have been slow to address the issue, leaving the river's aquatic life and the livelihoods of those who depend on it in jeopardy.",94,en,synthetic_sdg14,synthetic,2026-05-13,[14],14,,high,"This chunk focuses on the impact of industrial and sewage pollution on the Ghaggar River in Sangrur district, which is harming the local fishing industry and aquatic biodiversity, aligning with SDG 14.",14
b2910b67,"The once-thriving wetlands and ponds in Patiala district are facing a grave threat as they become polluted and dry up. Untreated industrial effluents and agricultural runoff have contaminated the water, decimating the aquatic life that local fishermen rely on. 'The water has turned black and oily. We can't even use it to water our fields anymore,' says Kulwinder Kaur, a local farmer. Urgent action is needed to protect these vital water bodies and the livelihoods of those who depend on them.",81,en,synthetic_sdg14,synthetic,2026-05-13,[14],14,,high,"This chunk focuses on the pollution and drying up of wetlands and ponds in Patiala district, which is harming aquatic life and the livelihoods of local fishermen, aligning with SDG 14.",14
ae0ef3c4,"The fishing community in Jalandhar district is facing a crisis as the Beas River, their primary source of income, becomes increasingly polluted. Discharge from nearby industrial units and untreated sewage have turned the river's water a murky, foul-smelling color, decimating the fish population. 'We used to catch 20-25 kilos of fish per day, but now we're lucky if we get 5 kilos,' laments Ranjit Singh, a local fisherman. Authorities have been slow to address the issue, leaving the river's aquatic life and the livelihoods of those who depend on it in jeopardy.",92,en,synthetic_sdg14,synthetic,2026-05-13,[14],14,,high,"This chunk focuses on the impact of industrial and sewage pollution on the Beas River in Jalandhar district, which is harming the local fishing industry and aquatic biodiversity, aligning with SDG 14.",14
fdb2e28d,"The once-thriving fishing community in Gurdaspur district is facing a dire situation as the Ravi River, their primary source of income, becomes increasingly polluted. Untreated effluents from nearby industrial units and agricultural runoff have turned the river's water a murky, foul-smelling color, decimating the fish population. 'We used to catch a variety of fish here, but now there's hardly anything left,' laments Sukhwinder Kaur, a local fisherwoman. Authorities have failed to address the issue, leaving the river's aquatic life and the livelihoods of those who depend on it in jeopardy.",90,en,synthetic_sdg14,synthetic,2026-05-13,[14],14,,high,"This chunk focuses on the impact of industrial and agricultural pollution on the Ravi River in Gurdaspur district, which is harming the local fishing industry and aquatic biodiversity, aligning with SDG 14.",14
8f89532f,"The fishing community in Muktsar district is facing a crisis as the Sutlej River, their primary source of income, becomes increasingly polluted. Discharge from nearby textile and dyeing factories has turned the river's water a deep shade of blue, decimating the fish population. 'We used to catch a variety of fish here, but now there's hardly anything left,' laments Kuldeep Singh, a local fisherman. Authorities have been slow to address the issue, leaving the river's aquatic life and the livelihoods of those who depend on it in jeopardy.",88,en,synthetic_sdg14,synthetic,2026-05-13,[14],14,,high,"This chunk focuses on the impact of industrial pollution, specifically from textile and dyeing factories, on the Sutlej River in Muktsar district, which is harming the local fishing industry and aquatic biodiversity, aligning with SDG 14.",14
b672d411,"In our village, the sarpanch has been siphoning off MGNREGA wages for years. He pays only half the amount to workers and pockets the rest. Villagers have filed RTI requests to seek records, but the panchayat office keeps stalling. Without transparency, how can we hold him accountable? Our pleas to the block development officer have fallen on deaf ears. Nepotism and corruption are rampant, and we feel powerless to improve governance in our community.",74,en,synthetic_sdg16,synthetic,2026-05-13,[16],16,,high,"This text highlights issues of corruption, lack of transparency, and lack of accountability in local governance, which are key challenges under SDG 16 on peace, justice, and strong institutions.",16
370effb3,"Last year, our village was selected for the Pradhan Mantri Awaas Yojana housing scheme. But the sarpanch favored his own relatives, giving them the cement and iron rods meant for poor families. When we protested, he threatened us and said he would have the police arrest anyone who spoke up. We feel trapped, unable to access our rightful benefits due to the sarpanch's abuse of power. Where can we seek justice when the system is rigged against us?",78,en,synthetic_sdg16,synthetic,2026-05-13,[16],16,,high,"This text highlights issues of corruption, abuse of power, and lack of access to justice in the implementation of a government scheme, which are challenges under SDG 16.",16
541ae150,"Our village is supposed to have a functional grievance redressal system, but it's just a facade. When I filed a complaint about the local ration shop overcharging us, the panchayat secretary tore up my application and refused to register it. He said the sarpanch's nephew owns the shop, so there's nothing we can do. Without any real channels for redress, we are at the mercy of those in power. How can we trust the system to deliver justice?",78,en,synthetic_sdg16,synthetic,2026-05-13,[16],16,,high,"This text highlights the lack of effective grievance redressal mechanisms and the abuse of power by local officials, which are challenges under SDG 16.",16
36ffa1f9,"In our panchayat, the sarpanch and his cronies have been colluding with the local revenue officer to illegally acquire farmers' land. They falsify land records and use intimidation tactics to force us to part with our ancestral plots. When some of us protested and filed RTI requests, the officer threatened to have us arrested on trumped-up charges. Without access to legal aid, we feel powerless against this nexus of corruption and muscle power.",73,en,synthetic_sdg16,synthetic,2026-05-13,[16],16,,high,"This text highlights issues of corruption, abuse of power, and lack of access to justice, which are challenges under SDG 16.",16
49dbefd3,"Last month, our women's self-help group applied for a loan under the Mudra Yojana scheme to start a small dairy business. But the bank manager demanded a bribe of Rs 20,000 before processing our application. We refused to pay, and now our request has been indefinitely delayed. This is not the first time we have faced such corruption. How can we, as ordinary citizens, fight against entrenched malpractices in government programs?",71,en,synthetic_sdg16,synthetic,2026-05-13,[16],16,,high,"This text highlights corruption in the implementation of a government scheme, which is a challenge under SDG 16.",16
c33e081d,"Our village panchayat is dominated by a few powerful families who have been sarpanch for generations. They use their influence to corner all the benefits of development schemes like the Pradhan Mantri Fasal Bima Yojana. Small and marginal farmers like us are routinely excluded from these programs. When we approach the block office, the officials simply say they are following the sarpanch's recommendations. Where is the transparency and accountability in this system?",72,en,synthetic_sdg16,synthetic,2026-05-13,[16],16,,high,"This text highlights issues of lack of transparency, accountability, and equitable access to government schemes, which are challenges under SDG 16.",16
a61a2462,"Last year, our village was selected for the Beti Bachao Beti Padhao scheme to improve girl child education. But the sarpanch diverted the funds to renovate his own house. When some women in our self-help group tried to report this to the district magistrate, the sarpanch threatened to have them arrested on false charges. We feel powerless against this nexus of corruption and political clout. How can we ensure that government programs meant for our welfare actually reach us?",79,en,synthetic_sdg16,synthetic,2026-05-13,[16],16,,high,"This text highlights issues of corruption, abuse of power, and lack of accountability in the implementation of a government scheme, which are challenges under SDG 16.",16
11a5f9e8,"Our village has been struggling with severe water shortage for the past few years due to depleting groundwater levels. We applied for the Atal Bhujal Yojana scheme to install community tubewells, but the sarpanch has been stonewalling our requests. He says the funds have been diverted to a nearby village where his relatives live. When we tried to file an RTI request, the panchayat office refused to provide any information. How can we hold our elected representatives accountable when they blatantly misuse their powers?",84,en,synthetic_sdg16,synthetic,2026-05-13,[16],16,,high,"This text highlights issues of lack of transparency, accountability, and responsive governance in the implementation of a government scheme, which are challenges under SDG 16.",16
1fb3b1ee,"Last month, our sarpanch organized a Gram Sabha meeting to discuss the utilization of MGNREGA funds. But he made sure that only his supporters attended, while excluding marginalized groups like Dalits and women. When some of us tried to raise concerns about the mismanagement of funds, the sarpanch shouted us down and threatened to have us arrested. Without equal participation and voice in local governance, how can we ensure that our needs and rights are represented?",76,en,synthetic_sdg16,synthetic,2026-05-13,[16],16,,high,"This text highlights issues of lack of inclusive and participatory decision-making in local governance, which is a challenge under SDG 16.",16
f83ac973,"Our village has been hit by a severe pest attack on the wheat crop this season. We approached the agriculture extension officer for help, but he demanded a bribe of Rs 5,000 before even visiting our fields. When we refused to pay, he threatened to withhold our crop insurance claims. Farmers like us are already struggling with rising input costs and falling incomes. How can we access the government support we are entitled to when corruption is so rampant?",79,en,synthetic_sdg16,synthetic,2026-05-13,[16],16,,high,"This text highlights corruption in the delivery of government services and support to farmers, which is a challenge under SDG 16.",16
cf9ebf1e,"Last year, our village was selected for the Har Ghar Jal scheme to provide piped water connections. But the contractor hired by the panchayat used substandard materials and cut corners during construction. As a result, the taps in many households don't even have running water. When we approached the sarpanch, he dismissed our complaints and said the project was completed as per specifications. Where can we seek redressal for this shoddy work and the waste of public funds?",78,en,synthetic_sdg16,synthetic,2026-05-13,[16],16,,high,"This text highlights issues of lack of transparency, accountability, and responsive governance in the implementation of a government scheme, which are challenges under SDG 16.",16
f83b4467,"Our village has a vibrant women's self-help group that has been actively advocating for our rights and entitlements. Last month, we filed an RTI request to the block development office seeking details of the MGNREGA works carried out in our panchayat. But the officials have been repeatedly delaying the response, and we suspect they are hiding information about misappropriation of funds. Without access to information, how can we effectively monitor the implementation of government programs?",75,en,synthetic_sdg16,synthetic,2026-05-13,[16],16,,high,"This text highlights the importance of access to information and transparency in enabling citizens to hold the government accountable, which is a key aspect of SDG 16.",16
71a4843d,"Last year, our village was selected for the Pradhan Mantri Fasal Bima Yojana to provide crop insurance coverage. But when our wheat crop was damaged by unseasonal rains, the sarpanch colluded with the local revenue officer to underestimate the losses. As a result, we received only a fraction of the compensation we were entitled to. Without any legal recourse, we feel helpless against this nexus of power and influence. How can we access our rightful entitlements when the system is rigged against us?",83,en,synthetic_sdg16,synthetic,2026-05-13,[16],16,,high,"This text highlights issues of corruption, lack of access to justice, and lack of accountability in the implementation of a government scheme, which are challenges under SDG 16.",16
796e0598,"In our village, the sarpanch and his family members have been exploiting the MGNREGA program for personal gain. They routinely hire their own relatives and friends for the work, even when there are no actual tasks being carried out. When some of us tried to report this to the block development officer, he dismissed our complaint, saying the sarpanch was a 'powerful' person. Without any effective grievance redressal mechanisms, we feel trapped in a system that is stacked against us.",80,en,synthetic_sdg16,synthetic,2026-05-13,[16],16,,high,"This text highlights issues of corruption, abuse of power, and lack of accountability in the implementation of a government scheme, which are challenges under SDG 16.",16
1bbbee6f,"Last month, our village panchayat organized a public hearing to discuss the annual budget. But the sarpanch and his supporters made sure that only their cronies were allowed to speak, while silencing the voices of marginalized groups like Dalits and women. When some of us tried to raise concerns about the unequal distribution of funds, we were shouted down and threatened with dire consequences. Without inclusive and participatory decision-making, how can we ensure that the needs of all citizens are represented?",81,en,synthetic_sdg16,synthetic,2026-05-13,[16],16,,high,"This text highlights issues of lack of inclusive and participatory decision-making in local governance, which is a challenge under SDG 16.",16
c893453f,"Our village has been facing a severe water crisis for the past few years due to the depletion of groundwater levels. We applied for the Atal Bhujal Yojana scheme to install community tubewells, but the sarpanch has been sitting on our application for months. When we approached the block development officer, he told us that the funds had already been allocated to a nearby village where the sarpanch's relatives live. Without effective grievance redressal mechanisms, we feel powerless against this abuse of power and lack of transparency.",87,en,synthetic_sdg16,synthetic,2026-05-13,[16],16,,high,"This text highlights issues of lack of transparency, accountability, and responsive governance in the implementation of a government scheme, which are challenges under SDG 16.",16
76b7f706,"Last year, our village was selected for the Pradhan Mantri Awas Yojana to build affordable housing for the poor. But the sarpanch and the local contractor colluded to use substandard materials and pocket a significant portion of the funds. When some of us tried to raise this issue at the Gram Sabha meeting, the sarpanch threatened us with dire consequences. Without any legal recourse, we feel trapped in a system that prioritizes the interests of the powerful over the rights of ordinary citizens.",83,en,synthetic_sdg16,synthetic,2026-05-13,[16],16,,high,"This text highlights issues of corruption, lack of access to justice, and lack of accountability in the implementation of a government scheme, which are challenges under SDG 16.",16
42bebbd3,"Our village has a Women's Self-Help Group that has been actively advocating for better implementation of government schemes like the Pradhan Mantri Kisan Samman Nidhi. However, the sarpanch and his cronies have been systematically excluding us from the beneficiary list, favoring their own relatives and supporters instead. When we tried to file a complaint with the district administration, the officials simply dismissed our concerns, saying the sarpanch had the final say. Without effective grievance redressal mechanisms, how can we ensure that the rights of all citizens are protected?",88,en,synthetic_sdg16,synthetic,2026-05-13,[16],16,,high,"This text highlights issues of lack of inclusive and participatory decision-making, lack of accountability, and lack of access to effective grievance redressal mechanisms, which are challenges under SDG 16.",16
c562e5d4,"Last month, our village was selected for the Pradhan Mantri Gram Sadak Yojana to construct a new road connecting our hamlet to the main market. But the contractor hired by the panchayat used substandard materials and cut corners during the construction, resulting in a poorly built road that is already crumbling. When we approached the sarpanch to demand quality work, he dismissed our concerns and said the project was completed as per specifications. Without any avenues for seeking redressal, we feel helpless against this blatant misuse of public funds.",89,en,synthetic_sdg16,synthetic,2026-05-13,[16],16,,high,"This text highlights issues of lack of transparency, accountability, and responsive governance in the implementation of a government scheme, which are challenges under SDG 16.",16
19b2657e,"Our village has been struggling with the problem of stray cattle destroying our wheat and paddy crops. We approached the local animal husbandry department for support, but the veterinary officer demanded a bribe of Rs 2,000 before even visiting our fields. When we refused to pay, he threatened to not provide any assistance. Farmers like us are already facing financial distress due to the pandemic and rising input costs. How can we access the government support we are entitled to when corruption is so deeply entrenched in the system?",89,en,synthetic_sdg16,synthetic,2026-05-13,[16],16,,high,"This text highlights corruption in the delivery of government services and support to farmers, which is a challenge under SDG 16.",16
39bda162,"Farmers in Ludhiana district continue to face corruption in MGNREGA wage payments. Sarpanch Gurdeep Singh has been accused of pocketing funds and favoring his own relatives for work. ""We file RTI applications but get no response. The system is rigged and we have no way to hold the panchayat accountable,"" says Harjeet Kaur, a local farmer.",56,en,synthetic_sdg16,synthetic,2026-05-13,[16],16,,high,"This chunk highlights issues of corruption, lack of accountability, and barriers to accessing grievance redressal mechanisms, which are key to SDG 16 on peace, justice and strong institutions.",16
657b0071,"In Moga, women sarpanches like Rajwant Kaur are leading the charge for more transparent and accountable local governance. ""We've started using RTI to demand records of panchayat funds and projects. But the male officials still try to sideline us. We need stronger laws to protect the rights of elected women leaders,"" she says.",53,en,synthetic_sdg16,synthetic,2026-05-13,[16],16,,high,"This chunk focuses on empowering women in leadership roles and the challenges they face in achieving accountability, which are crucial aspects of SDG 16.",16
541ecc8d,"Farmers in Bathinda are unable to access benefits from the Pradhan Mantri Fasal Bima Yojana due to middlemen demanding bribes. ""The sarpanch and patwari work together to skim off funds. When we complain, they threaten us. We need the government to step in and ensure direct benefit transfers without any intermediaries,"" says Sukhwinder Singh, a local farmer.",57,en,synthetic_sdg16,synthetic,2026-05-13,[16],16,,high,"This chunk highlights issues of corruption, lack of access to justice, and the need for transparent and accountable institutions, which are key to SDG 16.",16
974bea26,"In Jalandhar, the local panchayat has been accused of awarding ghost contracts for MGNREGA work and doctoring muster rolls. ""We've held protests and filed complaints, but the higher officials always side with the sarpanch. They say we're troublemakers. We need the right to rapid grievance redressal and independent audits of panchayat finances,"" says Gurmeet Kaur, a social activist.",58,en,synthetic_sdg16,synthetic,2026-05-13,[16],16,,high,"This chunk focuses on lack of accountability, grievance redressal, and the need for independent oversight of local institutions, which are crucial to SDG 16.",16
d1bc682d,"Farmers in Amritsar district have filed multiple RTI applications to get details of crop insurance payouts, but the panchayat and revenue officials have been unresponsive. ""They claim the records are lost. We suspect the sarpanch and patwari have embezzled the funds. We need stronger whistleblower protection laws to hold corrupt officials accountable,"" says Lakhwinder Singh, a local farmer leader.",59,en,synthetic_sdg16,synthetic,2026-05-13,[16],16,,high,"This chunk highlights issues of lack of transparency, corruption, and the need for effective grievance redressal mechanisms and whistleblower protection, which are key aspects of SDG 16.",16
953dc262,"In Muktsar, women farmers allege that the male-dominated panchayat has been denying them equal rights to ancestral land. ""When we try to assert our legal claims, the sarpanch and patwari threaten and intimidate us. We need the government to enforce our property rights and ensure gender-equal access to justice,"" says Jasbir Kaur, a local farmer.",55,en,synthetic_sdg16,synthetic,2026-05-13,[16],16,,high,"This chunk focuses on issues of gender inequality, lack of access to justice, and the need to protect the legal rights of marginalized groups, which are crucial to SDG 16.",16
8fffb856,"Farmers in Hoshiarpur are demanding greater transparency in the functioning of the local panchayat. ""The sarpanch and his cronies award contracts to their own relatives and pocket the funds. When we file RTI queries, they stonewall us. We need independent audits and whistleblower protection to ensure accountability,"" says Jagtar Singh, a local activist.",53,en,synthetic_sdg16,synthetic,2026-05-13,[16],16,,high,"This chunk highlights issues of corruption, lack of transparency, and the need for independent oversight and whistleblower protection, which are key to SDG 16.",16
a5df80b4,"In Patiala district, farmers have alleged that the local sarpanch is denying them access to government schemes due to political affiliations. ""If you're not from his party, he won't let you access MGNREGA wages or crop insurance benefits. We've complained to the Block Development Officer but he's in cahoots with the sarpanch. We need stronger grievance redressal mechanisms,"" says Kulwinder Kaur, a local farmer.",64,en,synthetic_sdg16,synthetic,2026-05-13,[16],16,,high,"This chunk highlights issues of politicization of local governance, lack of access to justice, and the need for effective grievance redressal mechanisms, which are crucial to SDG 16.",16
64efcaaf,"Dalit farmers in Fatehgarh Sahib allege that the upper-caste dominated panchayat has been systematically excluding them from accessing government schemes and services. ""They deny us work under MGNREGA, water for irrigation, and even rations from the PDS. When we protest, the sarpanch and patwari threaten us with violence. We need the law to protect our rights and enable equal access to justice,"" says Lakhwinder Masih, a local Dalit farmer leader.",70,en,synthetic_sdg16,synthetic,2026-05-13,[16],16,,high,"This chunk focuses on issues of discrimination, lack of access to justice, and the need to protect the rights of marginalized groups, which are key to SDG 16.",16
158e271c,"In Kapurthala, a group of women farmers have filed a PIL in the Punjab and Haryana High Court against the state government's failure to implement the Mahila Kisan Sashaktikaran Pariyojana. ""The panchayat is dominated by men who deny us our rightful entitlements. We need the courts to intervene and ensure effective implementation of laws that empower women farmers,"" says Harbans Kaur, one of the petitioners.",65,en,synthetic_sdg16,synthetic,2026-05-13,[16],16,,high,"This chunk highlights the use of legal mechanisms to seek accountability and justice, which are crucial aspects of SDG 16.",16
d44f7df7,"Farmers in Mansa district have accused the local panchayat of embezzling funds meant for the installation of solar pumps under the Pradhan Mantri Kisan Urja Suraksha evam Utthaan Mahabhiyan (PM-KUSUM) scheme. ""The sarpanch and patwari have created fake beneficiary lists and pocketed the money. We've filed multiple complaints but the authorities have done nothing,"" says Sukhdev Singh, a marginal farmer.",60,en,synthetic_sdg16,synthetic,2026-05-13,[16],16,,high,"This chunk focuses on issues of corruption and lack of accountability in the implementation of government schemes, which are key to SDG 16.",16
939411df,"In Ferozepur, the local panchayat has been accused of denying women farmers their rightful share of compensation for crop loss under the Pradhan Mantri Fasal Bima Yojana. ""The sarpanch and his cronies have been colluding with the patwari to manipulate the claims process. When we tried to protest, they threatened us with violence. We need the government to intervene and protect our legal rights,"" says Jaswinder Kaur, a local farmer.",70,en,synthetic_sdg16,synthetic,2026-05-13,[16],16,,high,"This chunk highlights issues of gender discrimination, lack of access to justice, and the need to protect the rights of marginalized groups, which are crucial to SDG 16.",16
dfde593e,"Farmers in Sangrur district have alleged that the local panchayat has been denying them access to records under the Right to Information (RTI) Act. ""Whenever we file RTI queries about scheme funds and projects, the sarpanch and patwari simply refuse to provide the information. We suspect large-scale corruption, but have no way to hold them accountable,"" says Gurpreet Singh, a local farmer leader.",63,en,synthetic_sdg16,synthetic,2026-05-13,[16],16,,high,"This chunk focuses on issues of lack of transparency and the need for effective access to information, which are key aspects of SDG 16.",16
d94be17d,"In Barnala, women farmers have alleged that the male-dominated panchayat has been denying them access to the Mahila Kisan Sashaktikaran Pariyojana. ""The sarpanch and his cronies claim the funds have been exhausted, but we know they've been siphoned off. We need the government to ensure gender-equitable implementation of these schemes and provide us with effective grievance redressal mechanisms,"" says Surjit Kaur, a local farmer.",64,en,synthetic_sdg16,synthetic,2026-05-13,[16],16,,high,"This chunk highlights issues of gender discrimination, lack of access to justice, and the need for accountable and transparent institutions, which are crucial to SDG 16.",16
c1bfffb0,"Farmers in Tarn Taran district have accused the local panchayat of denying them access to the Pradhan Mantri Kisan Samman Nidhi (PM-KISAN) scheme. ""The sarpanch and patwari have been demanding bribes from us to include our names in the beneficiary list. When we refused to pay, they struck us off the list. We need the government to directly credit the funds to our accounts without any middlemen,"" says Jagtar Singh, a local farmer.",73,en,synthetic_sdg16,synthetic,2026-05-13,[16],16,,high,"This chunk focuses on issues of corruption, lack of transparency, and the need for direct benefit transfers to eliminate intermediaries, which are key to SDG 16.",16
5f1511ad,"In Fazilka, the local panchayat has been accused of denying Dalit farmers their rightful share of the Pradhan Mantri Fasal Bima Yojana compensation. ""The sarpanch and patwari have been colluding with the insurance company to undervalue our claims. When we protested, they threatened to exclude us from the village water and grazing lands. We need the law to protect our rights and ensure equal access to justice,"" says Lakhwinder Masih, a local Dalit farmer leader.",75,en,synthetic_sdg16,synthetic,2026-05-13,[16],16,,high,"This chunk highlights issues of discrimination, lack of access to justice, and the need to protect the rights of marginalized groups, which are crucial to SDG 16.",16
9ef25949,"Farmers in Pathankot district have alleged that the local panchayat has been denying them access to the Pradhan Mantri Kisan Maandhan Yojana, a pension scheme for small and marginal farmers. ""The sarpanch and patwari claim the funds have been exhausted, but we suspect they've been misappropriating the money. We need the government to conduct an independent audit and ensure transparent implementation of this scheme,"" says Rajinder Singh, a local farmer.",70,en,synthetic_sdg16,synthetic,2026-05-13,[16],16,,high,"This chunk focuses on issues of corruption, lack of transparency, and the need for independent oversight, which are key to SDG 16.",16
5f065215,"In Ropar, the local panchayat has been accused of denying access to records under the Right to Information (RTI) Act. ""Whenever we file RTI queries about the utilization of scheme funds, the sarpanch and patwari claim the records are 'unavailable.' We suspect large-scale embezzlement, but have no way to hold them accountable. We need stronger laws to protect the right to information and enable effective grievance redressal,"" says Gurdeep Singh, a local activist.",73,en,synthetic_sdg16,synthetic,2026-05-13,[16],16,,high,"This chunk highlights issues of lack of transparency, corruption, and the need for effective access to information and grievance redressal mechanisms, which are crucial to SDG 16.",16
f63bf392,"Farmers in Shaheed Bhagat Singh Nagar district have accused the local panchayat of awarding ghost contracts under the MGNREGA scheme. ""The sarpanch and patwari have been creating fake job cards and embezzling the funds. When we tried to file complaints, they threatened us with violence. We need the government to conduct social audits and ensure independent monitoring of panchayat accounts,"" says Gurmeet Singh, a local farmer.",66,en,synthetic_sdg16,synthetic,2026-05-13,[16],16,,high,"This chunk focuses on issues of corruption, lack of accountability, and the need for independent oversight, which are key to SDG 16.",16
9895119c,"In Mansa district, farmers complain that MGNREGA wages are often siphoned off by middlemen and sarpanches. ""We work hard but never get the full amount owed to us. The sarpanch's relatives always seem to get priority for work,"" says Manjeet Singh, a small landholder. Locals demand more financial transparency from the panchayat to curb corruption.",55,en,synthetic_sdg16,synthetic,2026-05-13,[16],16,,high,"This chunk highlights issues of corruption and lack of accountability in local governance, which are key aspects of SDG 16.",16
c126d46c,"Balwinder Kaur, the first woman sarpanch of Kharar village, Rupnagar, is fighting an uphill battle. ""The previous sarpanch and his cronies used to pocket funds meant for development works. I'm trying to implement projects transparently but keep facing roadblocks."" She has filed RTI requests to uncover financial irregularities, but says the system is stacked against common people seeking justice.",59,en,synthetic_sdg16,synthetic,2026-05-13,[16],16,,high,"This chunk showcases challenges faced by local leaders in promoting transparent and accountable governance, a key aspect of SDG 16.",16
ac380870,"In Taran Taran, the local patwari demands bribes from farmers to process their land records. ""We have no choice but to pay him off. If we don't, he'll make our lives hell dealing with revenue matters,"" says Kulwinder Kaur. Locals have filed RTI requests to the district collector, but the patwari continues operating with impunity, highlighting deep-rooted corruption in the system.",61,en,synthetic_sdg16,synthetic,2026-05-13,[16],16,,high,"This chunk illustrates how corruption and lack of accountability in institutions undermines the rule of law, a core element of SDG 16.",16
cb849903,"Farmers in Jalandhar are up in arms against the local sarpanch, alleging he has been siphoning off funds meant for repairing village roads and drains. ""We keep raising this issue at the gram sabha, but he just ignores us. The authorities don't seem to care either,"" says Gurpreet Singh. Lack of grievance redressal mechanisms and panchayat accountability erodes public trust in local governance.",63,en,synthetic_sdg16,synthetic,2026-05-13,[16],16,,high,"This chunk highlights issues of poor local governance and lack of accountability, which undermine SDG 16 on promoting just, peaceful and inclusive societies.",16
a79a11db,"In Fazilka, a group of landless farm workers approached the district collector's office to complain about not receiving their full MGNREGA wages. ""The sarpanch and his cronies have been skimming off a portion of our earnings. We deserve the full amount owed to us,"" says Jasbir Kaur. However, their grievance was ignored, leaving them with no recourse for seeking justice.",60,en,synthetic_sdg16,synthetic,2026-05-13,[16],16,,high,"This chunk illustrates a lack of access to justice and grievance redressal mechanisms for marginalized groups, an important aspect of SDG 16.",16
68632a08,"A group of women farmers in Ludhiana have filed an RTI request to expose corruption in the distribution of seed and fertilizer subsidies. ""The local cooperative society gives priority to the sarpanch's relatives, while we struggle to access these vital inputs. We want a fair and transparent system,"" says Harpreet Kaur. However, accessing information through RTI remains an uphill battle for ordinary citizens.",63,en,synthetic_sdg16,synthetic,2026-05-13,[16],16,,high,"This chunk highlights issues of lack of transparency and accountability in public service delivery, as well as challenges in accessing information, all of which are central to SDG 16.",16
b786369c,"In Bathinda, the local patwari has been demanding bribes from farmers to update their land records. ""I've been trying for months to get my papers corrected, but the patwari keeps asking for money. I don't have the means to pay him off,"" says Sukhwinder Singh. Marginalized farmers lack the resources to navigate the corrupt bureaucracy and secure their legal rights.",60,en,synthetic_sdg16,synthetic,2026-05-13,[16],16,,high,"This chunk illustrates how corruption in public institutions denies marginalized groups access to justice and undermines the rule of law, core aspects of SDG 16.",16
7d2f545c,"Sarpanch Rajveer Kaur of Samrala block, Ludhiana, has been fighting an uphill battle against the male-dominated panchayat. ""The other members often sideline me and make decisions without consulting me. I'm trying to make the panchayat more inclusive and accountable, but it's an everyday struggle."" Empowering women leaders in local governance is crucial for promoting just and equitable institutions.",58,en,synthetic_sdg16,synthetic,2026-05-13,[16],16,,high,"This chunk highlights the challenges faced by women leaders in local governance, an important aspect of promoting inclusive and accountable institutions under SDG 16.",16
ba7aec89,"In Kapurthala, a group of farmers have filed a case against the local agricultural cooperative for denying them access to subsidized seeds and fertilizers. ""We're entitled to these inputs, but the cooperative president keeps giving preference to his own people. We've approached the district administration, but they don't seem to care,"" says Joginder Singh. Lack of legal recourse leaves marginalized farmers vulnerable to the whims of local powerbrokers.",68,en,synthetic_sdg16,synthetic,2026-05-13,[16],16,,high,"This chunk illustrates how a lack of access to justice and accountability mechanisms undermines the rights of marginalized groups, a key aspect of SDG 16.",16
16484bbd,"Farmers in Muktsar are up in arms against the local patwari who has been demanding bribes to update their land records. ""We can't get anything done without paying him off. He's been running this corrupt racket for years with the connivance of the sarpanch,"" says Gurbax Singh. Despite repeated complaints to the district collector, the patwari continues to operate with impunity, highlighting deep-rooted corruption in the system.",67,en,synthetic_sdg16,synthetic,2026-05-13,[16],16,,high,"This chunk showcases how corruption in public institutions denies citizens access to basic services and undermines the rule of law, core elements of SDG 16.",16
157cfe33,"In Moga, a group of small and marginal farmers have filed an RTI request to expose the local cooperative's mismanagement of subsidized agricultural inputs. ""The cooperative president is hand-in-glove with the sarpanch. They're siphoning off funds meant for us,"" says Kulwinder Kaur. However, getting a timely response to their RTI query has been an uphill battle, further eroding their faith in the system.",63,en,synthetic_sdg16,synthetic,2026-05-13,[16],16,,high,"This chunk illustrates how a lack of transparency and accountability in local institutions undermines access to public services, a key aspect of SDG 16.",16
aa514942,"Jaswinder Kaur, a woman sarpanch in Amritsar, has been fighting to empower the gram sabha and make the panchayat more inclusive. ""The previous administration was dominated by a few powerful families. I'm trying to give all villagers a voice, but the vested interests are making it very difficult."" She has filed RTI requests to uncover financial irregularities, but faces resistance from the old guard.",64,en,synthetic_sdg16,synthetic,2026-05-13,[16],16,,high,"This chunk highlights the challenges faced by women leaders in promoting inclusive and accountable local governance, a crucial aspect of SDG 16.",16
c551885a,"In Ferozepur, a group of landless farm workers have approached the district magistrate to file a complaint against the local sarpanch. ""He has been denying us our rightful MGNREGA wages for months. We've raised this issue in the gram sabha, but he just ignores us,"" says Baljit Singh. However, their grievance has fallen on deaf ears, with no effective mechanism to hold the sarpanch accountable.",65,en,synthetic_sdg16,synthetic,2026-05-13,[16],16,,high,"This chunk illustrates how a lack of access to justice and grievance redressal mechanisms undermines the rights of marginalized groups, a key aspect of SDG 16.",16
e0cfa4e7,"In Patiala, a group of women farmers have approached the district administration to complain about the local cooperative's nepotism in distributing subsidized seeds and fertilizers. ""The cooperative president only helps his own relatives, while we struggle to access these vital inputs. We want a fair and transparent system,"" says Harpreet Kaur. However, their grievance has been met with inaction, highlighting the lack of accountability in local institutions.",67,en,synthetic_sdg16,synthetic,2026-05-13,[16],16,,high,"This chunk showcases how a lack of transparency and accountability in public service delivery denies marginalized groups their rights, a core element of SDG 16.",16
3a7c4b18,"Kulwinder Singh, a small farmer in Hoshiarpur, has filed an RTI request to uncover financial irregularities in the local panchayat's development works. ""The sarpanch and his cronies have been siphoning off funds meant for road repairs and drainage systems. We deserve to know how our tax money is being spent,"" he says. However, getting a timely response to his RTI query has been an uphill battle, highlighting the challenges in accessing information and seeking accountability.",75,en,synthetic_sdg16,synthetic,2026-05-13,[16],16,,high,"This chunk illustrates how citizens face barriers in accessing information and holding local institutions accountable, a key aspect of SDG 16.",16
98816384,"In Ropar, a group of farmers have filed a case against the local agricultural cooperative for denying them access to subsidized seeds and fertilizers. ""The cooperative president is hand-in-glove with the sarpanch. They only help their own people,"" says Harpreet Kaur. Despite repeated attempts to seek justice through the district administration, the farmers have received no recourse, further eroding their trust in the system.",64,en,synthetic_sdg16,synthetic,2026-05-13,[16],16,,high,"This chunk highlights how a lack of access to justice and accountability mechanisms undermines the rights of marginalized groups, a key aspect of SDG 16.",16
14d2051c,"Sarpanch Rajveer Kaur of Samrala block, Ludhiana, has been at loggerheads with the male-dominated panchayat. ""The other members often sideline me and make decisions without consulting me. I'm trying to make the panchayat more inclusive and accountable, but it's an everyday struggle."" Despite her efforts, Rajveer Kaur faces persistent resistance from vested interests, underscoring the challenges of promoting gender equality in local governance.",63,en,synthetic_sdg16,synthetic,2026-05-13,[16],16,,high,"This chunk illustrates the challenges faced by women leaders in promoting inclusive and accountable local governance, a crucial aspect of SDG 16.",16
9964ccbe,"In Bathinda, a group of farmers have filed an RTI request to expose corruption in the distribution of subsidized agricultural inputs. ""The local cooperative only helps the sarpanch's friends and relatives. We're entitled to these inputs, but they keep denying us,"" says Joginder Singh. However, accessing information through RTI remains an uphill battle, as the cooperative president continues to operate with impunity.",62,en,synthetic_sdg16,synthetic,2026-05-13,[16],16,,high,"This chunk highlights issues of lack of transparency and accountability in public service delivery, as well as challenges in accessing information, all of which are central to SDG 16.",16
c85815a2,"Farmers in Mansa are up in arms against the local patwari who has been demanding bribes to update their land records. ""We can't get anything done without paying him off. He's been running this corrupt racket for years with the connivance of the sarpanch,"" says Gurbax Singh. Despite repeated complaints to the district collector, the patwari continues to operate with impunity, underscoring the deep-rooted corruption in the system.",68,en,synthetic_sdg16,synthetic,2026-05-13,[16],16,,high,"This chunk showcases how corruption in public institutions denies citizens access to basic services and undermines the rule of law, core elements of SDG 16.",16
dcf453f7,"In Jalandhar, a group of landless farm workers have approached the district authorities to file a complaint against the local sarpanch. ""He has been denying us our rightful MGNREGA wages for months. We've raised this issue in the gram sabha, but he just ignores us,"" says Baljit Singh. However, their grievance has fallen on deaf ears, with no effective mechanism to hold the sarpanch accountable for his actions.",68,en,synthetic_sdg16,synthetic,2026-05-13,[16],16,,high,"This chunk illustrates how a lack of access to justice and grievance redressal mechanisms undermines the rights of marginalized groups, a key aspect of SDG 16.",16
12f90a37,"Farmers in Mansa district have been complaining about rampant corruption in the MGNREGA scheme. Sarpanches often siphon off wages and give jobs to their relatives. People have filed dozens of RTI requests, but there's no accountability. The local MLA has ignored our pleas for an investigation. We need an ombudsman to oversee panchayat finances and ensure that MGNREGA benefits reach the intended workers.",63,en,synthetic_sdg16,synthetic,2026-05-13,[16],16,,high,"This chunk discusses issues of corruption, lack of transparency and accountability in local governance, which are key aspects of SDG 16 on peace, justice and strong institutions.",16
21a914ee,The women's self-help group in our Bathinda village has been fighting for 2 years to get the sarpanch to build the promised community centre. He keeps making excuses and using the funds for his own projects. We complained to the block development officer but got no response. How can we hold these elected leaders accountable? Don't we have a fundamental right to transparent and responsive local governance?,67,en,synthetic_sdg16,synthetic,2026-05-13,[16],16,,high,"This chunk highlights the lack of accountability and responsiveness of local leaders, as well as the difficulties faced by citizens in exercising their rights, which are key governance challenges under SDG 16.",16
10ee9108,"When my family applied for the Kisan Samman Nidhi scheme, the patwari demanded a 10% bribe. I filed an RTI to ask about this but got no response. Now the sarpanch is refusing to give me a copy of the panchayat resolution, saying it's 'confidential'. How can we small farmers access our rightful benefits when there is so much corruption and secrecy at every level of government?",67,en,synthetic_sdg16,synthetic,2026-05-13,[16],16,,high,"This chunk illustrates how corruption, lack of transparency and unresponsive institutions prevent citizens from accessing their legal entitlements, core issues under SDG 16.",16
2f34ea2b,"In our Patiala village, the sarpanch and his cronies have taken over the cooperative society. They're siphoning funds and refusing to hold elections. When I tried to file a complaint, the patwari said I should 'know my place' as a woman. I'm so tired of these powerful men abusing their positions. Why do we have panchayati raj if it just breeds nepotism and injustice?",64,en,synthetic_sdg16,synthetic,2026-05-13,[16],16,,high,"This chunk highlights how local power structures and gender discrimination undermine the accountability and responsiveness of institutions, which are key challenges under SDG 16.",16
a7498ddf,Our Ludhiana farmer producer company has been trying for months to get the district agriculture officer to approve our new storage facility plans. But he keeps delaying and asking for 'facilitation fees'. We've filed RTI requests but get vague responses. How can we small farmers build successful enterprises when we constantly face such bureaucratic red tape and corruption? The system is rigged against us.,64,en,synthetic_sdg16,synthetic,2026-05-13,[16],16,,high,"This chunk illustrates how corruption and lack of government responsiveness hinders the ability of citizens to access legal rights and public services, which are core issues under SDG 16.",16
98724213,"The new sarpanch in our Fatehgarh Sahib village has refused to hold panchayat meetings for the last 6 months. She only consults her family members on decisions. When I tried to file a complaint, the patwari said I'd be 'taught a lesson' for questioning authority. Our democratic rights are being trampled on. How can we ensure local leaders are truly accountable to the people?",64,en,synthetic_sdg16,synthetic,2026-05-13,[16],16,,high,"This chunk highlights the lack of transparency, accountability and responsiveness in local governance, as well as intimidation faced by citizens, which are key problems under SDG 16.",16
3b642ac9,"I'm a woman sarpanch in Muktsar district. Even though I was democratically elected, the male members of the panchayat constantly undermine my authority. They refuse to implement my decisions and regularly try to bully me. I've complained to the Block Development Officer but he's done nothing. How can we achieve gender equality in rural governance when patriarchal attitudes prevail?",59,en,synthetic_sdg16,synthetic,2026-05-13,[16],16,,high,"This chunk illustrates the challenges faced by women leaders in exercising their rightful authority, which is a key issue of inclusive governance under SDG 16.",16
f5c85030,"In our Jalandhar village, the sarpanch is colluding with the contractors to skim money off MGNREGA projects. They only employ their own relatives and friends, leaving out the poorest labourers. When I asked to see the muster rolls, the sarpanch threatened to have me beaten. I don't know where to go for justice - the whole system seems rigged against us.",61,en,synthetic_sdg16,synthetic,2026-05-13,[16],16,,high,"This chunk highlights corruption, lack of transparency, and abuse of power by local leaders, which undermine the rule of law and access to justice - key focus areas of SDG 16.",16
d3e2e279,"My family has been farming the same land in Ropar district for generations. But last year, the local revenue officer falsely accused us of encroaching on government land. He ordered the destruction of our wheat crop, saying we had no legal rights. We tried to appeal but the courts were backlogged for months. How can we small farmers protect our property rights when the system is so biased against us?",70,en,synthetic_sdg16,synthetic,2026-05-13,[16],16,,high,"This chunk illustrates how the lack of access to impartial justice and legal recourse can undermine the rights of citizens, a core issue under SDG 16.",16
264dd1b7,"I'm a farmer in Amritsar district. Last month, I went to the agriculture office to apply for the Pradhan Mantri Kisan Samman Nidhi. The clerk demanded a 500 rupee bribe to 'process my file'. When I refused, he threatened to delay my application indefinitely. I ended up having to pay. This is so demoralizing - how can we build trust in government when corruption is so endemic?",67,en,synthetic_sdg16,synthetic,2026-05-13,[16],16,,high,"This chunk highlights the pervasive problem of corruption in public service delivery, which undermines citizens' faith in government institutions - a key focus area of SDG 16.",16
2a0169ab,The Panchayat in our Hoshiarpur village has been refusing to hold elections for the last 3 years. The current sarpanch just keeps extending his term. We've filed multiple RTI requests but get no response. There's no way for us to vote out these corrupt leaders. What's the point of having elected local government if it's just a sham?,58,en,synthetic_sdg16,synthetic,2026-05-13,[16],16,,high,"This chunk illustrates the lack of democratic accountability and transparent electoral processes at the local level, which are fundamental to SDG 16 on building effective, accountable and inclusive institutions.",16
543dedfa,"I'm a social worker in Fazilka district, helping farmers access government schemes. But the patwaris and revenue officers constantly demand bribes to process applications. Even when I threaten to report them, they just laugh and say 'good luck'. The entire system is rigged. How can we empower marginalized communities when the very officials meant to serve them are so corrupt?",60,en,synthetic_sdg16,synthetic,2026-05-13,[16],16,,high,"This chunk highlights how pervasive corruption and abuse of power by officials undermines the ability of citizens, especially the marginalized, to access public services and their rights - a key challenge under SDG 16.",16
62314f01,The new SDM in our Gurdaspur district is actually trying to curb corruption. He's set up a public grievance redressal system and made panchayat accounts publicly available online. But the old guard of sarpanches and patwaris are furious. They're threatening anyone who tries to access information or file complaints. We need stronger legal protections for whistleblowers and RTI activists.,59,en,synthetic_sdg16,synthetic,2026-05-13,[16],16,,high,"This chunk shows some positive efforts at improving transparency and accountability in governance, but also the pushback from vested interests, indicating the need for robust legal frameworks and institutions to support these reforms under SDG 16.",16
ad448b2b,"As a woman farmer in Moga district, I've faced countless problems accessing government schemes. The male patwari always demands a bribe to 'process my file'. When I refused, he filed false charges against me. I spent 6 months in court to prove my innocence. The system is stacked against us - how can we get justice when the authorities themselves are corrupt?",62,en,synthetic_sdg16,synthetic,2026-05-13,[16],16,,high,"This chunk illustrates how gender discrimination, abuse of power by officials, and lack of access to impartial justice combine to undermine the rights of marginalized citizens, key challenges under SDG 16.",16
afac2474,"Our village in Kapurthala recently got its first woman sarpanch. She's been trying to crack down on the patwari's bribery racket, but he's threatening her family. The other male panchayat members also refuse to cooperate. They keep undermining her authority and decisions. Unless we can protect women leaders from such intimidation, true democratic governance will remain elusive.",57,en,synthetic_sdg16,synthetic,2026-05-13,[16],16,,high,"This chunk highlights the challenges faced by women leaders in exercising authority and driving institutional reforms, which are critical to achieving inclusive and accountable governance under SDG 16.",16
46106689,"I'm a farmer in Sangrur district. Last year, our village was selected for the Pradhan Mantri Awas Yojana housing scheme. But the sarpanch and his cronies rigged the beneficiary list, giving the new homes to their own relatives. When I tried to file an RTI, the patwari denied my request, saying the list was 'confidential'. How can we trust a system that's so rife with nepotism and secrecy?",68,en,synthetic_sdg16,synthetic,2026-05-13,[16],16,,high,"This chunk illustrates how lack of transparency and accountability in implementation of public welfare schemes undermines public trust in government institutions, a key issue under SDG 16.",16
25ae6e2a,"I'm a reporter covering rural issues in Tarn Taran district. Last month, I tried to investigate complaints about the sarpanch embezzling MGNREGA funds. But when I went to the panchayat office, the staff refused to share any information, even after I showed my press ID. They said the sarpanch had 'instructed' them not to cooperate. Journalists like me face huge barriers in holding local leaders accountable.",66,en,synthetic_sdg16,synthetic,2026-05-13,[16],16,,high,"This chunk highlights the challenges faced by independent media and civil society in accessing information and exercising oversight over public institutions, which is crucial for accountable governance under SDG 16.",16
e8d1440b,"Our farmer producer company in Nawanshahr district has been struggling to get the block agriculture officer to approve our new cold storage plans. He keeps saying he 'needs more information', but we suspect he's just stalling until we pay a bribe. We've filed RTI requests but get vague responses. How can we build self-reliant agricultural enterprises when petty officials have so much unchecked power?",64,en,synthetic_sdg16,synthetic,2026-05-13,[16],16,,high,"This chunk illustrates how lack of transparency, accountability and responsiveness in bureaucratic processes can undermine economic and social development, which are connected to the goals of SDG 16.",16
12f41e52,"In our Jagraon village, the sarpanch and his family have taken control of the local cooperative credit society. They're only giving loans to their own supporters, leaving out many deserving farmers. I've complained to the cooperative registrar, but he says there's nothing he can do. The whole system is rigged. How can we build a just, inclusive rural economy when power is concentrated in the hands of a few corrupt leaders?",71,en,synthetic_sdg16,synthetic,2026-05-13,[16],16,,high,"This chunk illustrates how abuse of power and lack of accountability in local institutions can undermine equitable access to economic opportunities, which is connected to the goals of SDG 16 on building effective and inclusive institutions.",16
8ae4652e,"I'm a sarpanch in Bathinda district trying to improve transparency in our panchayat. I've started live-streaming meetings and putting all financial records online. But the other male panchayat members are furious. They keep disrupting the meetings and spreading rumors about me. Some have even threatened my family. It's an uphill battle, but I won't stop fighting for accountable local governance.",60,en,synthetic_sdg16,synthetic,2026-05-13,[16],16,,high,"This chunk shows the challenges faced by reform-minded local leaders in entrenched power structures, but also their determination to drive institutional changes aligned with the goals of SDG 16.",16
cc99bc24,"Khalsa Aid, a Punjabi NGO, partnered with the state government to train 600 farmers on sustainable agriculture in Ludhiana district. They demonstrated drip irrigation, organic pest control, and crop diversification. ""The joint training helped us reduce input costs and boost yields,"" said Jagdeep, a wheat farmer. The state's Agriculture department and NABARD provided funding and technical support for the initiative, aiming to scale it across Punjab's rural communities.",68,en,synthetic_sdg17,synthetic,2026-05-13,[17],17,,high,"This chunk describes a partnership between an NGO, government, and financial institution (NABARD) to provide training and support to farmers, aligning with SDG 17 on multi-stakeholder partnerships.",17
97b8a2d2,"The Krishi Vigyan Kendra (KVK) in Amritsar launched a program to connect 2,000 smallholder farmers with global markets for specialty basmati rice. They provided training on quality control, linked farmers to international buyers, and helped navigate export procedures. ""The KVK's partnerships made it possible for us to access new markets and earn higher prices,"" said Baljit, a rice grower. FAO and WTO provided technical guidance to the KVK on building these farmer-market linkages.",73,en,synthetic_sdg17,synthetic,2026-05-13,[17],17,,high,"This chunk describes a partnership between a local KVK (agricultural extension center), farmers, and international organizations (FAO, WTO) to connect farmers to global markets, aligning with SDG 17 on global partnerships.",17
9f7870aa,"In Moga, the state's Department of Renewable Energy collaborated with UNDP to install 500 solar irrigation pumps for marginal farmers. ""The subsidized solar pumps have cut my electricity costs by 80% and made my farm more climate-resilient,"" said Rajbir, a vegetable grower. The partners also trained farmers on maintenance and sustainable water use. This public-private-international partnership is a model for scaling climate adaptation in Punjab's agrarian communities.",67,en,synthetic_sdg17,synthetic,2026-05-13,[17],17,,high,"This chunk describes a partnership between the state government, UNDP, and farmers to provide solar irrigation pumps, aligning with SDG 17 on multi-stakeholder partnerships for sustainable development.",17
257680ac,"Smallholder women farmers in Bathinda formed self-help groups (SHGs) that accessed affordable credit from NABARD to invest in high-yield wheat and vegetable cultivation. ""The SHG loans let us buy quality seeds and equipment to boost our harvests,"" said Jasbir. NABARD also connected the SHGs to government agriculture schemes and markets, strengthening their economic resilience. This integrated approach of credit, knowledge, and market access exemplifies how partnerships can empower rural communities.",70,en,synthetic_sdg17,synthetic,2026-05-13,[17],17,,high,"This chunk describes a partnership between women farmers, self-help groups, and NABARD (a development finance institution) to provide credit, knowledge, and market access, aligning with SDG 17 on multi-stakeholder partnerships.",17
df8a3a37,"The state launched a digital governance initiative with tech firm Cisco to connect all 13,000 panchayats (village councils) in Punjab with high-speed internet. ""The fiber-optic network lets us access e-services, track schemes, and share data seamlessly with district officials,"" said Kulwant, the sarpanch of Bhucho Mandi. This public-private partnership is improving local service delivery and community participation in decision-making across Punjab's rural heartland.",63,en,synthetic_sdg17,synthetic,2026-05-13,[17],17,,high,"This chunk describes a partnership between the state government and a private tech firm to improve digital connectivity and governance at the local panchayat level, aligning with SDG 17 on multi-stakeholder partnerships.",17
1a665e3c,"The Ganganagar district administration partnered with a network of local NGOs to map groundwater levels, crop patterns, and infrastructure gaps across 100 villages. ""The joint data collection helped us identify priority areas for irrigation, input subsidies, and rural road upgrades,"" said Sanjay, the district collector. The NGOs provided local context, while the government used the insights to redesign development schemes. This collaboration demonstrates how data sharing can drive evidence-based, participatory policymaking.",71,en,synthetic_sdg17,synthetic,2026-05-13,[17],17,,high,"This chunk describes a partnership between the district government and local NGOs to collect and share data to inform rural development policies and schemes, aligning with SDG 17 on partnerships and data-driven decision-making.",17
93e46336,"The Beas river basin authority signed an agreement with the International Water Management Institute to model climate change impacts on water availability and cropping patterns in Hoshiarpur and Gurdaspur districts. ""The joint research will help us plan sustainable irrigation and crop diversification strategies,"" said Jaspal, the basin authority's chief engineer. The state agriculture university and local farmer cooperatives also contributed data and expertise to the project, enabling a multi-stakeholder approach to climate adaptation.",73,en,synthetic_sdg17,synthetic,2026-05-13,[17],17,,high,"This chunk describes a partnership between a local water authority, an international research institute, a state university, and farmer cooperatives to study climate change impacts and inform adaptation strategies, aligning with SDG 17 on global partnerships and data-sharing for sustainable development.",17
5535eaea,"ACWADAM, a Pune-based NGO, collaborated with the state government to map groundwater resources and recharge potential across 50 villages in Doaba region. ""The detailed aquifer maps let us target water conservation efforts and ensure equitable access,"" said Manjit, the district's chief groundwater officer. The partners trained local youth as 'water warriors' to monitor wells, promote efficient irrigation, and organize community cleanup drives. This blend of technical expertise and grassroots mobilization is a model for sustainable groundwater management.",77,en,synthetic_sdg17,synthetic,2026-05-13,[17],17,,high,"This chunk describes a partnership between an NGO, the state government, and local communities to map and manage groundwater resources, aligning with SDG 17 on multi-stakeholder collaboration for sustainable development.",17
d81485bb,"The state's rural development department collaborated with NABARD and civil society groups to establish 2,000 farmer producer organizations (FPOs) across Punjab. ""The FPOs let us pool our small landholdings, access quality inputs, and negotiate better prices,"" said Kulwinder, a wheat and paddy farmer. The partners provided training on collective farming, linked the FPOs to government procurement and insurance schemes, and facilitated partnerships with food processors. This integrated approach is empowering smallholders to become more resilient and market-linked.",77,en,synthetic_sdg17,synthetic,2026-05-13,[17],17,,high,"This chunk describes a partnership between the government, NABARD, and civil society to establish farmer producer organizations that empower smallholder farmers, aligning with SDG 17 on multi-stakeholder collaboration for sustainable agriculture.",17
f567fe90,"In Mansa, the district administration partnered with Bhartiya Krishak Samaj, a farmers' union, to tackle the high debt burden among cotton growers. They organized credit counseling camps, connected farmers to affordable bank loans, and helped restructure existing debts. ""The joint effort reduced my interest costs by 40% and gave me a pathway to be debt-free,"" said Bhupinder, a cotton farmer. This public-civil society collaboration demonstrates how partnerships can address complex rural challenges.",72,en,synthetic_sdg17,synthetic,2026-05-13,[17],17,,high,"This chunk describes a partnership between the district government and a farmers' union to address farmer indebtedness, aligning with SDG 17 on multi-stakeholder collaboration to solve rural development challenges.",17
246cdbe8,"The state's animal husbandry department launched a joint program with BAIF Development Research Foundation to provide doorstep veterinary services to 50,000 dairy farmers in Sangrur and Barnala. ""The mobile clinics have reduced livestock mortality and improved milk yields,"" said Harpreet, a dairy farmer. The partners also trained local youth as 'village nurses' to deliver basic animal care. This innovative public-private model is improving rural livelihoods and food security.",68,en,synthetic_sdg17,synthetic,2026-05-13,[17],17,,high,"This chunk describes a partnership between the state government and an NGO to provide veterinary services to dairy farmers, aligning with SDG 17 on multi-stakeholder partnerships for improving rural livelihoods and food security.",17
5a382886,"Fifteen Punjabi districts joined hands with ICRISAT, a global agricultural research institute, to establish an early warning system for pest outbreaks in wheat and cotton. ""The real-time pest monitoring and advisory alerts have helped us take timely action to save our crops,"" said Harjinder, a farmer from Fazilka. Local Krishi Vigyan Kendras and community volunteers provided critical on-ground data to the system. This multi-stakeholder collaboration demonstrates the power of combining scientific expertise, local knowledge, and digital tools for sustainable agriculture.",80,en,synthetic_sdg17,synthetic,2026-05-13,[17],17,,high,"This chunk describes a partnership between the state government, an international research institute, and local agricultural extension centers and communities to establish an early warning system for crop pests, aligning with SDG 17 on global partnerships and data-driven approaches to sustainable development.",17
d0f75904,"The state's rural development department collaborated with SEWA, a women's cooperative, to establish 500 community-managed water systems in remote Kandi belt villages. ""Our self-help groups now maintain the handpumps and ensure equitable water access,"" said Lakhwinder, a resident of Nurpur Bedi. The partners also trained youth volunteers to monitor groundwater levels and promote water conservation. This decentralized, community-driven model is a blueprint for sustainable water management in water-stressed regions.",69,en,synthetic_sdg17,synthetic,2026-05-13,[17],17,,high,"This chunk describes a partnership between the state government and a women's cooperative to establish community-managed water systems, aligning with SDG 17 on multi-stakeholder collaboration and community-based approaches to sustainable development.",17
ceadfa5c,"The state government's Directorate of Agriculture collaborated with Bayer CropScience to establish 50 Farmers' Field Schools in Ludhiana and Jalandhar. ""The hands-on trainings on integrated pest management and soil health have reduced my input costs by 30%,"" said Jagtar, a vegetable grower. The partners also linked the trained farmers to seeds, fertilizers, and extension services at subsidized rates. This public-private model of technology transfer and market linkages is boosting sustainable farming practices across the state.",75,en,synthetic_sdg17,synthetic,2026-05-13,[17],17,,high,"This chunk describes a partnership between the state government and a private agri-business firm to establish farmer training programs and link them to agricultural inputs and services, aligning with SDG 17 on public-private collaboration for sustainable agriculture.",17
aa988f9e,"To tackle the challenge of crop residue burning, the state government partnered with CII Foundation and local NGOs to establish 1,000 community-owned machinery banks across 10 districts. ""The subsidized machinery rentals let us manage paddy and wheat straw without burning,"" said Ranjit, a small farmer from Patiala. The partners also organized awareness campaigns and linked the machinery banks to government subsidy schemes. This multi-stakeholder initiative is promoting sustainable farm waste management while creating rural entrepreneurship opportunities.",76,en,synthetic_sdg17,synthetic,2026-05-13,[17],17,,high,"This chunk describes a partnership between the state government, a business association, and local NGOs to establish community-owned farm machinery banks to address crop residue burning, aligning with SDG 17 on multi-stakeholder collaboration for sustainable agriculture.",17
aa81e3b1,"The state's Directorate of Horticulture partnered with NITI Aayog and FAO to pilot a unique crop insurance scheme for 5,000 mango, litchi, and kinnow farmers in Fazilka and Pathankot. ""The affordable, weather-indexed insurance protects us from losses due to unseasonal rains and frost,"" said Harpal, a mango grower. The partners also trained farmers on sustainable orchard management practices. This innovative public-private-international collaboration is enhancing the climate resilience of Punjab's horticulture sector.",71,en,synthetic_sdg17,synthetic,2026-05-13,[17],17,,high,"This chunk describes a partnership between the state government, NITI Aayog (a national policy think-tank), and FAO to provide crop insurance and training to horticulture farmers, aligning with SDG 17 on multi-stakeholder collaboration for climate-resilient agriculture.",17
19b20ea1,"The state's Department of Agriculture collaborated with ICRISAT and the Indian Council of Agricultural Research to establish a network of 25 agricultural innovation hubs across Punjab. ""The hubs let us access the latest crop varieties, machinery, and digital farming tools,"" said Gurpreet, a progressive farmer from Fazilka. Smallholders, Krishi Vigyan Kendras, and local agri-businesses also participated in the co-creation of these farmer-centric innovation platforms. This public-private-research partnership is driving technology adoption and sustainable intensification in Punjab's rural heartland.",78,en,synthetic_sdg17,synthetic,2026-05-13,[17],17,,high,"This chunk describes a partnership between the state government, an international research institute, and the national agricultural research system to establish agricultural innovation hubs, aligning with SDG 17 on multi-stakeholder collaboration for technological innovation in sustainable agriculture.",17
71258919,"In Ropar, the district administration collaborated with WWF-India and Tata Trusts to launch a community-based model for sustainable groundwater management. They formed 100 village-level water user associations, trained members on aquifer mapping and water budgeting, and linked them to government schemes. ""Our collective efforts have improved water table levels and ensured equitable access,"" said Sukhvinder, the sarpanch of Badi Sadiq. This multi-stakeholder, decentralized approach is a scalable solution for Punjab's pressing groundwater crisis.",73,en,synthetic_sdg17,synthetic,2026-05-13,[17],17,,high,"This chunk describes a partnership between the district government, an international NGO, and a philanthropic organization to establish community-based groundwater management, aligning with SDG 17 on multi-stakeholder collaboration for sustainable resource management.",17
9aa1a7f0,"The Kisan Vikas Kendra (KVK) in Ludhiana has partnered with local farmer groups to provide training on sustainable farming practices. Through workshops and hands-on demos, KVK agronomists share new techniques for improving soil health and crop yields. Farmers report improved incomes and reduced pesticide use after implementing the KVK's recommendations. This collaboration between government research and grassroots producers is a model for bridging the knowledge gap and empowering smallholder farmers.",70,en,synthetic_sdg17,synthetic,2026-05-13,[17],17,,high,"This describes a partnership between a government body (KVK) and local farmers, which aligns with SDG 17 on global partnerships.",17
0765981b,"Under a new NABARD initiative, self-help groups (SHGs) in Bathinda district are receiving financial assistance and training to start small enterprises. The women-led SHGs have launched dairy cooperatives, food processing units, and tailoring workshops, boosting incomes in these remote villages. NABARD's partnership with local NGOs has been crucial for identifying and supporting these community-driven projects, demonstrating the power of collaboration to drive sustainable rural development.",65,en,synthetic_sdg17,synthetic,2026-05-13,[17],17,,high,"This describes a partnership between a government financial institution (NABARD) and local NGOs/SHGs, which aligns with SDG 17 on global partnerships.",17
ac330ae7,"The Punjab government's 'Smart Village' program is using digital tools to improve governance and service delivery in remote areas. Through a partnership with IT firms, the program has equipped village councils with tablets and cloud-based platforms to track development schemes, manage records, and enable e-services. Locals report faster resolution of issues like water supply and electricity thanks to this digital collaboration between government and private sector. The model aims to enhance transparency and community participation in rural development.",78,en,synthetic_sdg17,synthetic,2026-05-13,[17],17,,high,"This describes a partnership between government and private sector (IT firms) to improve digital governance in rural areas, which aligns with SDG 17 on global partnerships.",17
0bc7631b,"Farmers in Jalandhar are benefiting from a unique collaboration between the state agricultural university and an international NGO. The NGO has provided funding and technical expertise to set up a demonstration farm, where university scientists train local growers on organic farming methods. This public-private partnership has boosted crop yields, reduced input costs, and helped smallholders transition to sustainable practices. The model is now being replicated in other Punjab districts to drive climate-smart agriculture at the grassroots level.",77,en,synthetic_sdg17,synthetic,2026-05-13,[17],17,,high,"This describes a partnership between a government body (university), an international NGO, and local farmers, which aligns with SDG 17 on global partnerships.",17
35d79d89,"The Beas River basin in Punjab is the site of a major climate adaptation project funded by the Green Climate Fund. Local NGOs are working closely with government agencies to install early warning systems, upgrade irrigation infrastructure, and train farmers on water-efficient techniques. This multi-stakeholder initiative brings together international donors, national policymakers, and grassroots implementers to build climate resilience in this vulnerable river valley. The project serves as a model for collaborative, community-based approaches to sustainable development.",77,en,synthetic_sdg17,synthetic,2026-05-13,[17],17,,high,"This describes a partnership between international donors, government, and local NGOs to address climate change, which aligns with SDG 17 on global partnerships.",17
620321b1,"In Moga district, a dairy cooperative has partnered with the state animal husbandry department to provide veterinary services and training to its 5,000 member farmers. The cooperative leverages government schemes and expertise to boost milk productivity, improve animal health, and empower women in the value chain. This public-private model has increased incomes, created jobs, and strengthened food security in the region. The partnership demonstrates how collaboration can transform rural communities and livelihoods.",72,en,synthetic_sdg17,synthetic,2026-05-13,[17],17,,high,"This describes a partnership between a local cooperative and a government department to support farmers, which aligns with SDG 17 on global partnerships.",17
799db21f,"The Punjab government's flagship MGNREGA program has seen a boost in participation, thanks to a new partnership with local NGOs. These civil society groups are helping villagers access entitlements, track work completion, and resolve grievances related to the rural employment scheme. This collaboration has improved transparency, reduced leakages, and empowered marginalized communities to claim their rights. The model showcases how multi-stakeholder engagement can strengthen public service delivery and community development in rural areas.",73,en,synthetic_sdg17,synthetic,2026-05-13,[17],17,,high,"This describes a partnership between government and local NGOs to improve the implementation of a rural development program, which aligns with SDG 17 on global partnerships.",17
5a2628a9,"Farmers in Ludhiana district are reaping the benefits of a unique public-private partnership in agricultural extension. The state agriculture department has collaborated with a leading agri-tech startup to provide personalized advisory services via mobile apps and local kiosks. Leveraging the startup's digital tools and the department's field presence, this initiative is helping smallholders access timely, data-driven information on crop planning, pest management, and market linkages. Such collaborations can play a key role in accelerating digital transformation in Punjab's farm sector.",80,en,synthetic_sdg17,synthetic,2026-05-13,[17],17,,high,"This describes a partnership between a government agriculture department and a private agri-tech startup to provide digital extension services, which aligns with SDG 17 on global partnerships.",17
b31c32f3,"A landmark agreement between the Punjab government and a multinational corporation aims to boost food processing in the state. Under this public-private partnership, the company will set up a state-of-the-art mega food park in Fazilka, sourcing crops like wheat and potatoes from local farmers. The park will offer end-to-end services like storage, logistics, and value addition, helping smallholders access new markets. This collaboration promises to create jobs, increase farm incomes, and promote sustainable agribusiness models in rural Punjab.",78,en,synthetic_sdg17,synthetic,2026-05-13,[17],17,,high,"This describes a partnership between government and a multinational corporation to develop food processing infrastructure, which aligns with SDG 17 on global partnerships.",17
5fdd8f2a,"Farmers in Ferozpur district have found a new avenue to boost their incomes - community-based ecotourism. A local NGO has partnered with the state tourism department to train villagers as nature guides and homestay hosts. Tourists can now immerse themselves in rural lifestyles, sample local cuisine, and learn about traditional farming practices. This collaborative model empowers communities to become stewards of their natural and cultural heritage, while generating sustainable livelihoods. The initiative showcases how public-private cooperation can unlock new development pathways.",81,en,synthetic_sdg17,synthetic,2026-05-13,[17],17,,high,"This describes a partnership between a local NGO and a government tourism department to promote rural community-based ecotourism, which aligns with SDG 17 on global partnerships.",17
91bc3b17,"In Bathinda, a thriving women-led dairy cooperative has joined hands with NABARD to expand its operations. The financial institution has provided the cooperative with concessional loans, technical training, and market linkages. This public-private partnership has enabled the cooperative to procure milk from more villages, install modern chilling units, and sell value-added products. The initiative has boosted incomes for over 3,000 smallholder dairy farmers, demonstrating the power of collaboration to drive rural prosperity.",72,en,synthetic_sdg17,synthetic,2026-05-13,[17],17,,high,"This describes a partnership between a local women's dairy cooperative and a government financial institution (NABARD) to support rural livelihoods, which aligns with SDG 17 on global partnerships.",17
3a20b7f5,"The Punjab government's progressive 'Druv' program is leveraging digital tools and partnerships to improve governance in remote areas. Through collaboration with IT firms and community organizations, the program has equipped village panchayats with digital kiosks and training to monitor development schemes, process citizen requests, and share real-time data. This collaborative model is enhancing transparency, citizen engagement, and service delivery in marginalized regions, offering a blueprint for inclusive e-governance in rural India.",71,en,synthetic_sdg17,synthetic,2026-05-13,[17],17,,high,"This describes a partnership between government, private sector (IT firms), and community organizations to improve digital governance in rural areas, which aligns with SDG 17 on global partnerships.",17
603d29b5,"A coalition of international donors, national policymakers, and Punjab-based NGOs has launched a major initiative to improve climate resilience in the Sutlej river basin. The program is funding infrastructure upgrades, watershed management, and climate-smart agricultural practices in vulnerable communities. Leveraging pooled resources and expertise, this multi-stakeholder partnership is helping farmers adapt to erratic rainfall, rising temperatures, and other climate threats. The model demonstrates the power of collaboration to address complex sustainable development challenges.",73,en,synthetic_sdg17,synthetic,2026-05-13,[17],17,,high,"This describes a partnership between international donors, national government, and local NGOs to address climate change impacts in a vulnerable river basin, which aligns with SDG 17 on global partnerships.",17
49f63180,"The Ludhiana-based Krishi Vigyan Kendra (KVK) has teamed up with a leading Indian agri-research institute to pilot innovative farming techniques in the state. Through this collaboration, scientists are testing crop varieties, organic inputs, and precision tools on the KVK's demonstration farm. Local farmers are being trained on these climate-smart practices, which aim to boost yields, cut costs, and reduce environmental impacts. The partnership showcases how government and academic institutions can work together to develop farmer-centric solutions.",76,en,synthetic_sdg17,synthetic,2026-05-13,[17],17,,high,"This describes a partnership between a government KVK and a national agricultural research institute to develop and disseminate climate-smart farming practices, which aligns with SDG 17 on global partnerships.",17
b8b5b5d3,"Smallholder farmers in Hoshiarpur are benefiting from a unique public-private partnership in digital extension services. The Punjab agriculture department has collaborated with a leading agri-tech startup to provide real-time advisory on crop planning, pest management, and market trends via mobile apps and village-level kiosks. This innovative model combines the government's field presence and farmer trust with the startup's data analytics and digital tools, empowering growers to make informed decisions. The partnership demonstrates how collaboration can accelerate digital transformation in Punjab's farm sector.",82,en,synthetic_sdg17,synthetic,2026-05-13,[17],17,,high,"This describes a partnership between a government agriculture department and a private agri-tech startup to provide digital extension services to farmers, which aligns with SDG 17 on global partnerships.",17
7914bf41,"The state-run NABARD bank has joined hands with self-help groups (SHGs) in Gurdaspur to promote sustainable livelihoods. Under this partnership, NABARD is providing the women-led SHGs with collateral-free credit, business planning support, and market linkages to establish enterprises like food processing units, handicraft workshops, and dairy cooperatives. This collaborative model is empowering rural communities, especially marginalized groups, to start viable enterprises and boost their incomes. The initiative demonstrates how financial inclusion and multi-stakeholder cooperation can drive inclusive development.",78,en,synthetic_sdg17,synthetic,2026-05-13,[17],17,,high,"This describes a partnership between a government financial institution (NABARD) and local SHGs to promote rural enterprise development, which aligns with SDG 17 on global partnerships.",17
56eacaf2,"Farmers in Sangrur district are at the center of a pioneering public-private partnership to promote sustainable agriculture. The Punjab government has collaborated with a leading environmental NGO and a multinational agri-business to establish demonstration plots showcasing organic farming techniques, crop diversification, and precision irrigation. Local growers are being trained on these climate-smart practices, which are improving soil health, reducing input costs, and boosting incomes. The partnership model offers a roadmap for transitioning Punjab's predominant wheat-paddy system towards more sustainable and resilient cropping patterns.",83,en,synthetic_sdg17,synthetic,2026-05-13,[17],17,,high,"This describes a partnership between government, an NGO, and a private agri-business to promote sustainable agriculture practices, which aligns with SDG 17 on global partnerships.",17
b9fd11f5,"An innovative 'farm-to-fork' initiative in Patiala district is linking small and marginal farmers to institutional buyers. The state agriculture department has facilitated a partnership between local grower cooperatives and major food service companies, enabling direct procurement and fair prices. This collaborative model cuts out middlemen, reduces post-harvest losses, and secures livelihoods for thousands of smallholders. The program also promotes organic and climate-resilient farming practices, demonstrating how public-private cooperation can transform rural value chains and boost sustainable incomes.",77,en,synthetic_sdg17,synthetic,2026-05-13,[17],17,,high,"This describes a partnership between a government agriculture department, local farmer cooperatives, and private food service companies to improve market access for smallholder farmers, which aligns with SDG 17 on global partnerships.",17
384b400d,"The Punjab government's flagship 'Punjabi Kheti' program has forged new partnerships to promote integrated, climate-smart farming. Through collaboration with agricultural universities, NGOs, and progressive farmers, the initiative is demonstrating techniques like intercropping, agroforestry, and precision irrigation. Smallholders are being trained on these sustainable practices, which are improving soil fertility, enhancing biodiversity, and boosting incomes. The program's multi-stakeholder approach is helping smallholders transition from the water-guzzling wheat-paddy cycle towards more diverse and resilient farming systems.",74,en,synthetic_sdg17,synthetic,2026-05-13,[17],17,,high,"This describes a partnership between government, academic institutions, NGOs, and farmers to promote climate-smart, integrated farming practices, which aligns with SDG 17 on global partnerships.",17
fecf7649,"Farmers in Jalandhar have found a new revenue stream through a unique collaboration between the state tourism department and local self-help groups (SHGs). Under this initiative, SHG members are trained to host visitors, showcase traditional agriculture, and sell handicrafts. The partnership has enabled rural communities to leverage their cultural and natural assets, generating sustainable livelihoods from eco-tourism. This model demonstrates how public-private cooperation can unlock new development pathways and empower marginalized groups in the countryside.",75,en,synthetic_sdg17,synthetic,2026-05-13,[17],17,,high,"This describes a partnership between a government tourism department and local SHGs to promote community-based ecotourism, which aligns with SDG 17 on global partnerships.",17
2feb12ef,"The state government of Punjab has partnered with several NGOs to provide agricultural training and support to farmers in remote villages. Under this joint initiative, the NGOs leverage their grassroots presence to identify farmer needs, while the government offers technical expertise and funding through schemes like the National Agriculture Development Program. This collaborative model has boosted adoption of sustainable farming practices and connected small landholders to markets.",67,en,synthetic_sdg17,synthetic,2026-05-13,[17],17,,high,"This chunk describes a partnership between government and NGOs to support rural development, which aligns with SDG 17 on multi-stakeholder partnerships.",17
d26546b8,"NABARD, the National Bank for Agriculture and Rural Development, has been working closely with women's self-help groups (SHGs) across Punjab to facilitate access to credit and capacity building. By linking SHGs to government schemes and banking services, this partnership model has empowered rural women to start small businesses, improve household incomes, and drive community development. The collaboration has also enabled NABARD to gather valuable data on the evolving needs of the SHG ecosystem.",73,en,synthetic_sdg17,synthetic,2026-05-13,[17],17,,high,"This chunk outlines a partnership between NABARD and rural SHGs, which aligns with SDG 17 on strengthening global partnerships and data-sharing for development.",17
32ead895,"The Krishi Vigyan Kendra (KVK), an agricultural extension center run by the Indian Council of Agricultural Research, has forged close ties with farmers in Punjab's Ludhiana district. Through regular field visits, joint experiments, and farmer group discussions, the KVK team gains real-time insights into local cultivation challenges. Farmers, in turn, benefit from access to improved seeds, farm machinery, and training programs tailored to their needs. This collaborative approach has boosted agricultural productivity and incomes in the region.",77,en,synthetic_sdg17,synthetic,2026-05-13,[17],17,,high,"This chunk describes a partnership between a government research institution (KVK) and local farmers, which aligns with SDG 17 on multi-stakeholder collaboration for development.",17
f830fd6b,"In a first-of-its-kind initiative, the Government of Punjab has partnered with the International Fund for Agricultural Development (IFAD) to address the growing threat of climate change in the state's rural areas. Under this $100 million program, IFAD will provide technical and financial assistance to help smallholder farmers adopt climate-resilient agricultural practices, while the state government will coordinate implementation and leverage its existing extension networks. The collaboration aims to enhance food security, improve farmer livelihoods, and strengthen community resilience in the face of extreme weather events.",85,en,synthetic_sdg17,synthetic,2026-05-13,[17],17,,high,"This chunk outlines a partnership between the Punjab government and an international organization (IFAD) to address climate change, which aligns with SDG 17 on global partnerships and cooperation for sustainable development.",17
aa44718b,"The Gram Panchayat, the local self-government institution in Punjab's villages, has been working closely with NGOs and community-based organizations to improve digital governance and service delivery. Through this collaboration, villagers can now access a range of government schemes, pay bills, and file grievances online, reducing the need for in-person visits. The partners have also co-developed mobile apps to provide real-time information on weather, crop prices, and government programs, empowering farmers to make informed decisions.",74,en,synthetic_sdg17,synthetic,2026-05-13,[17],17,,high,"This chunk describes a partnership between local government, NGOs, and communities to enhance digital governance and service delivery, which aligns with SDG 17 on multi-stakeholder collaboration for development.",17
895a9da3,"Farmers in Punjab's Bathinda district have banded together to form a cooperative, which has partnered with the state government and leading agricultural universities to develop and test new crop varieties suited to the region's changing climate. By pooling their resources and knowledge, the farmers, scientists, and policymakers are able to rapidly iterate on climate-resilient solutions, while also ensuring that research priorities reflect ground realities. This collaborative model has boosted yields, reduced input costs, and strengthened food security in the district.",80,en,synthetic_sdg17,synthetic,2026-05-13,[17],17,,high,"This chunk outlines a partnership between farmers, government, and academia to develop climate-resilient agricultural solutions, which aligns with SDG 17 on multi-stakeholder collaboration and cooperation for sustainable development.",17
9c1d6c76,"The Government of India's Digital India initiative has spurred new partnerships between state agencies, tech companies, and rural communities in Punjab. Under this program, digital kiosks have been installed in villages across the state, allowing residents to access a range of e-governance services, from crop insurance claims to birth certificate applications. Local youth have been trained as 'village-level entrepreneurs' to manage these kiosks, generating employment while also strengthening digital literacy and citizen-state engagement in remote areas.",76,en,synthetic_sdg17,synthetic,2026-05-13,[17],17,,high,"This chunk describes a multi-stakeholder partnership involving government, private sector, and local communities to enhance digital governance and services in rural areas, which aligns with SDG 17 on global partnerships for development.",17
d78efc1d,"The Government of Punjab has partnered with the United Nations Development Programme (UNDP) to implement a comprehensive rural development program in the state's Doaba region. Through this collaboration, UNDP will provide technical expertise and funding support to help local communities enhance agricultural productivity, improve access to healthcare and education, and build climate resilience. The program will also involve regular data-sharing and joint monitoring between the state government, UNDP, and grassroots NGOs to ensure effective delivery and course-correction.",77,en,synthetic_sdg17,synthetic,2026-05-13,[17],17,,high,"This chunk outlines a partnership between the Punjab government and an international development agency (UNDP) to drive rural development, which aligns with SDG 17 on global partnerships and data-sharing for sustainable development.",17
7d33fff3,"Farmers in Punjab's Moga district have formed a cooperative to collectively market their produce, negotiate better prices, and access government schemes. The cooperative has partnered with the state's Horticulture Department to leverage subsidies and technical support for setting up modern storage and processing facilities. This collaboration has not only improved the farmers' bargaining power and incomes but also reduced post-harvest losses, benefiting consumers in nearby urban centers through a more efficient food supply chain.",74,en,synthetic_sdg17,synthetic,2026-05-13,[17],17,,high,"This chunk describes a partnership between farmers, a government department, and the private sector to enhance agricultural value chains, which aligns with SDG 17 on multi-stakeholder collaboration for development.",17
ce892f88,"The Punjab government has signed a memorandum of understanding with the Bill & Melinda Gates Foundation to jointly develop and pilot new agricultural technologies in the state. Under this partnership, the foundation will provide funding and technical expertise, while the state will contribute its extensive network of Krishi Vigyan Kendras (agricultural science centers) and extension workers. The aim is to rapidly scale innovative solutions, such as precision farming and digital extension services, to improve crop yields, resource-use efficiency, and farmer incomes across Punjab.",83,en,synthetic_sdg17,synthetic,2026-05-13,[17],17,,high,"This chunk outlines a partnership between the Punjab government and a philanthropic foundation to co-develop and scale agricultural innovations, which aligns with SDG 17 on global partnerships and collaboration for sustainable development.",17
d11b3a3b,"The Government of Punjab has collaborated with leading agricultural universities and research institutes to establish a network of Agri-Business Incubation Centers across the state. These centers provide aspiring agri-entrepreneurs with access to state-of-the-art lab facilities, business mentorship, and funding support to transform their innovative ideas into successful ventures. By fostering this vibrant startup ecosystem, the government aims to catalyze private investment, create rural jobs, and drive sustainable growth in Punjab's farm sector.",72,en,synthetic_sdg17,synthetic,2026-05-13,[17],17,,high,"This chunk describes a partnership between the Punjab government, academia, and the private sector to promote agri-entrepreneurship, which aligns with SDG 17 on multi-stakeholder collaboration for sustainable development.",17
a512c992,"Smallholder farmers in Punjab's Gurdaspur district have joined hands with a local NGO to collectively procure and share farm machinery, such as laser land levelers and combine harvesters. Through this collaborative model, farmers can access high-tech equipment at affordable rates, leading to improved productivity and resource-use efficiency. The NGO has also facilitated linkages between the farmer group and government agencies, enabling them to avail subsidies and participate in skill development programs.",71,en,synthetic_sdg17,synthetic,2026-05-13,[17],17,,high,"This chunk outlines a partnership between farmers, an NGO, and government agencies to enhance access to agricultural technologies and services, which aligns with SDG 17 on multi-stakeholder collaboration for development.",17
e6b954c4,"The Beas river basin in Punjab has been grappling with severe water scarcity and pollution challenges. In a recent development, the state government has convened a joint taskforce comprising officials from the Irrigation Department, local panchayats, environmental NGOs, and community representatives to devise a comprehensive river restoration plan. The taskforce will leverage its diverse expertise and grassroots connections to identify priority interventions, secure funding, and ensure effective implementation through continuous monitoring and community engagement.",74,en,synthetic_sdg17,synthetic,2026-05-13,[17],17,,high,"This chunk describes a multi-stakeholder partnership involving government, local communities, and civil society to address environmental challenges in the Beas river basin, which aligns with SDG 17 on collaborative approaches to sustainable development.",17
f429c964,"The Government of Punjab has partnered with the World Bank to implement a $300 million project aimed at strengthening the state's agricultural value chains and enabling smallholder farmers' access to modern technology and markets. Under this collaboration, the World Bank will provide technical and financial assistance, while the state government will leverage its extensive network of agricultural extension workers and cooperative societies to ensure effective program delivery at the grassroots level. The project also involves regular data-sharing and joint monitoring to track progress and course-correct as needed.",87,en,synthetic_sdg17,synthetic,2026-05-13,[17],17,,high,"This chunk outlines a partnership between the Punjab government and an international development agency (World Bank) to enhance agricultural value chains, which aligns with SDG 17 on global partnerships and data-sharing for sustainable development.",17
7edfe932,"The Punjab government has collaborated with the United Nations Environment Programme (UNEP) to launch a comprehensive climate adaptation program in the state's Malwa region. Through this partnership, UNEP will provide technical expertise and access to global best practices, while the state will leverage its network of Krishi Vigyan Kendras and farmer cooperatives to implement climate-resilient agricultural interventions at the community level. The program also involves joint monitoring and impact assessment to ensure sustainable outcomes and guide future scaling efforts.",79,en,synthetic_sdg17,synthetic,2026-05-13,[17],17,,high,"This chunk describes a partnership between the Punjab government and an international environmental agency (UNEP) to address climate change, which aligns with SDG 17 on global partnerships and cooperation for sustainable development.",17
32f0fd2c,"The Punjab government has signed a memorandum of understanding with the Indian Space Research Organisation (ISRO) to leverage satellite data and geospatial technologies for improved agricultural planning and decision-making. Under this collaboration, ISRO will provide technical support to the state's Agriculture Department in areas such as crop monitoring, weather forecasting, and precision farming. The partnership also involves capacity building of government extension workers and farmers to effectively use these tools for enhancing productivity and building climate resilience.",77,en,synthetic_sdg17,synthetic,2026-05-13,[17],17,,high,"This chunk outlines a partnership between the Punjab government and a national research agency (ISRO) to harness technology for sustainable agriculture, which aligns with SDG 17 on multi-stakeholder collaboration and data-sharing for development.",17
0f0991d8,"The Government of Punjab has collaborated with the United Nations Development Programme (UNDP) and the Confederation of Indian Industry (CII) to establish a State-Level Coordination Committee for the Sustainable Development Goals (SDGs). The committee, comprising senior government officials, civil society representatives, and industry leaders, aims to drive coherent and collaborative action towards achieving the SDGs in Punjab. It will facilitate data-sharing, joint monitoring, and public-private dialogue to identify priority interventions and address implementation challenges at the state level.",78,en,synthetic_sdg17,synthetic,2026-05-13,[17],17,,high,"This chunk describes a multi-stakeholder partnership involving the Punjab government, UNDP, and the private sector to coordinate SDG implementation at the state level, which aligns with SDG 17 on global partnerships and data-sharing for sustainable development.",17
1358077a,"The Punjab government has partnered with the National Bank for Agriculture and Rural Development (NABARD) to launch a innovative financial inclusion program for smallholder farmers in the state's Doaba region. Under this collaboration, NABARD will provide technical assistance and concessional credit to local cooperative societies, which will then on-lend to individual farmers at affordable rates. The program also involves digital record-keeping and regular monitoring to ensure transparency and effective targeting of the most vulnerable communities. This partnership model aims to enhance farmer access to formal banking services and reduce dependence on informal sources of credit.",95,en,synthetic_sdg17,synthetic,2026-05-13,[17],17,,high,"This chunk outlines a partnership between the Punjab government and a national financial institution (NABARD) to improve farmer access to credit and banking services, which aligns with SDG 17 on multi-stakeholder collaboration for sustainable development.",17
5147cec1,"The Government of Punjab has collaborated with the Food and Agriculture Organization (FAO) of the United Nations to establish a comprehensive agricultural data management system in the state. Through this partnership, FAO will provide technical support in areas such as data collection, storage, and analysis, while the state government will ensure seamless integration with its existing e-governance platforms. The aim is to create a robust, real-time decision-support system that can guide evidence-based policymaking and program implementation for enhancing farmer incomes and food security in Punjab.",85,en,synthetic_sdg17,synthetic,2026-05-13,[17],17,,high,"This chunk describes a partnership between the Punjab government and an international organization (FAO) to develop a data management system for sustainable agriculture, which aligns with SDG 17 on global partnerships and data-sharing for development.",17
5ba7b651,"The Punjab Farmers' Welfare Association has partnered with the state government to provide free training workshops for smallholder farmers in Sangrur district. Through this collaborative initiative, farmers learn sustainable farming practices like integrated pest management and drip irrigation to improve yields. ""This public-private partnership has been crucial for our community,"" said Jasvir Singh, a local farmer. ""We're grateful for the expert guidance and resources shared by the NGO and agriculture department.""",71,en,synthetic_sdg17,synthetic,2026-05-13,[17],17,,high,"This chunk describes a partnership between the government and an NGO to provide training and support to farmers, which aligns with SDG 17 on partnerships.",17
b3fc6905,"The National Bank for Agriculture and Rural Development (NABARD) has signed an agreement with 25 self-help groups in Ludhiana to provide low-interest loans and financial literacy training. ""This partnership is a game-changer for our village economy,"" said Gurmeet Kaur, president of the Mahila Mandal SHG. ""Access to credit and business skills will empower our women to start small enterprises and generate steady incomes."" The initiative is part of NABARD's mission to foster rural development through collaborative financing models.",78,en,synthetic_sdg17,synthetic,2026-05-13,[17],17,,high,"This chunk describes a partnership between NABARD and local SHGs to provide financial services, aligning with SDG 17 on strengthening partnerships.",17
8a445122,"The Krishi Vigyan Kendra (KVK) in Amritsar has collaborated with local farmers to trial new drought-resistant wheat varieties. ""We're grateful to the KVK scientists for sharing their expertise and working alongside us,"" said Balwinder Singh, a progressive farmer. ""Together, we're testing climate-smart cultivation methods that can boost yields even in water-scarce conditions."" The joint on-field research aims to develop sustainable agricultural practices tailored to the region's changing weather patterns.",69,en,synthetic_sdg17,synthetic,2026-05-13,[17],17,,high,"This chunk describes a partnership between the KVK and local farmers to develop climate-resilient farming practices, aligning with SDG 17 on multi-stakeholder partnerships.",17
93c3c302,"The Punjab government has launched a new digital governance initiative in Jalandhar, leveraging public-private collaboration. Under this program, citizens can access essential services like healthcare, education, and welfare schemes through a single mobile application. ""This e-governance model has transformed service delivery in our district,"" said Ranjit Kaur, a local resident. ""The partnership between the administration and tech firms ensures efficient, transparent, and citizen-centric governance.""",64,en,synthetic_sdg17,synthetic,2026-05-13,[17],17,,high,"This chunk describes a partnership between the government and private sector to deliver digital public services, aligning with SDG 17 on multi-stakeholder collaboration.",17
5f0a78b0,"The United Nations Development Programme (UNDP) has provided $5 million in funding to the Punjab government for a climate adaptation project in Hoshiarpur district. ""This international partnership will help us build resilience against extreme weather,"" said Balraj Singh, Director of the state's Environment Department. ""We'll work closely with local NGOs and communities to strengthen early warning systems, improve water management, and protect vulnerable livelihoods."" The initiative is part of UNDP's global efforts to support developing countries tackle the impacts of climate change.",82,en,synthetic_sdg17,synthetic,2026-05-13,[17],17,,high,"This chunk describes a partnership between the Punjab government, UNDP, and local NGOs to fund and implement a climate adaptation program, aligning with SDG 17 on international cooperation.",17
c3b9ffd5,"The Baba Farid University of Health Sciences has signed a memorandum of understanding with the Public Health Foundation of India to jointly research solutions for rural healthcare challenges in Punjab. ""This collaboration will allow us to leverage complementary expertise and resources,"" said Dr. Narinder Kumar, Vice Chancellor of the university. ""Together, we'll develop innovative models to improve access to quality primary care, especially for underserved communities in the Malwa region.""",70,en,synthetic_sdg17,synthetic,2026-05-13,[17],17,,high,"This chunk describes a partnership between a university and a public health foundation to address rural healthcare issues, aligning with SDG 17 on multi-stakeholder partnerships.",17
79b58d95,"The Satluj Jal Vidyut Nigam, a joint venture of the Punjab government and NTPC Limited, is investing $50 million to upgrade hydropower infrastructure along the Sutlej river. ""This public-private partnership will boost clean energy generation and improve grid stability in the region,"" said Gurpreet Singh, project manager. ""We're working closely with local authorities and communities to ensure the project's environmental and social sustainability."" The initiative aims to support Punjab's transition to renewable power while creating jobs for youth.",78,en,synthetic_sdg17,synthetic,2026-05-13,[17],17,,high,"This chunk describes a partnership between the state government and a public sector company to develop sustainable hydropower, aligning with SDG 17 on collaboration for development.",17
4cab9a54,"The Punjab Agricultural University has partnered with the International Maize and Wheat Improvement Center (CIMMYT) to pilot climate-smart wheat cultivation in Tarn Taran district. ""Our joint research has identified wheat varieties that can thrive in the region's changing weather patterns,"" said Dr. Harpreet Kaur, a PAU scientist. ""We're working closely with local farmers to test these resilient crops and provide training on sustainable farming practices."" The initiative is part of a global effort to enhance food security in the face of the climate crisis.",84,en,synthetic_sdg17,synthetic,2026-05-13,[17],17,,high,"This chunk describes a partnership between a university, an international agricultural research center, and local farmers to develop climate-resilient crops, aligning with SDG 17 on global partnerships.",17
c782c706,"The Punjab government's Rural Development Department has collaborated with local NGOs to launch a joint scheme for women's empowerment in Bathinda district. Under this initiative, self-help groups receive training, seed funding, and market linkages to start small enterprises. ""This public-private partnership has been transformative for our village,"" said Jasbir Kaur, an SHG member. ""We're now earning steady incomes and gaining financial independence."" The scheme aims to strengthen rural livelihoods and promote gender equality.",73,en,synthetic_sdg17,synthetic,2026-05-13,[17],17,,high,"This chunk describes a partnership between the government and NGOs to support women's entrepreneurship in rural areas, aligning with SDG 17 on multi-stakeholder collaboration.",17
5e11df76,"The Kheti Virasat Mission, an organic farming NGO in Mansa, has signed a memorandum of understanding with the state agriculture department to jointly train farmers on sustainable cultivation practices. ""This partnership allows us to leverage each other's expertise and resources,"" said Umendra Dutt, the NGO's founder. ""Together, we're educating farmers about natural pest management, soil health improvement, and reducing chemical inputs."" The initiative is part of Punjab's broader efforts to promote organic agriculture and protect the region's fertile lands.",79,en,synthetic_sdg17,synthetic,2026-05-13,[17],17,,high,"This chunk describes a partnership between an NGO and the state agriculture department to train farmers on organic farming, aligning with SDG 17 on multi-stakeholder collaboration.",17
4ccab604,"The Punjab government has allocated $2 million in funding for a joint scheme with the United Nations Environment Programme (UNEP) to address water scarcity in Ludhiana district. ""This international partnership will help us pilot innovative solutions for sustainable water management,"" said Mandeep Kaur, Director of the state's Environment Department. ""We'll work closely with local communities to revive traditional water conservation practices and deploy water-efficient technologies."" The initiative is part of UNEP's global mission to support countries in achieving the Sustainable Development Goals.",82,en,synthetic_sdg17,synthetic,2026-05-13,[17],17,,high,"This chunk describes a partnership between the Punjab government and UNEP to address water challenges, aligning with SDG 17 on international cooperation for development.",17
24f5673d,"The Punjab Kisan Union, a farmer advocacy group, has collaborated with the Borlaug Institute for South Asia to provide training on climate-smart agriculture to smallholder farmers in Moga district. ""This partnership allows us to equip our community with the latest tools and techniques for sustainable farming,"" said Jagjit Singh, the union's president. ""Together, we're developing farmer-friendly solutions to boost yields, conserve natural resources, and enhance climate resilience."" The joint initiative aims to support Punjab's efforts to transform its agricultural sector.",80,en,synthetic_sdg17,synthetic,2026-05-13,[17],17,,high,"This chunk describes a partnership between a farmer group and an international agricultural research institute to provide training on climate-smart farming, aligning with SDG 17 on multi-stakeholder collaboration.",17
ebd91f3e,"The Punjab government's Department of Science and Technology has signed an agreement with the Indian Institute of Technology (IIT) Ropar to establish a joint research center focused on rural development. ""This partnership will allow us to leverage cutting-edge technology and academic expertise to address local challenges,"" said Gurpreet Kaur, the department's Secretary. ""Together, we'll develop innovative solutions for issues like water management, renewable energy, and sustainable agriculture to improve the lives of people in the Malwa region.""",77,en,synthetic_sdg17,synthetic,2026-05-13,[17],17,,high,"This chunk describes a partnership between the state government and a premier technical institute to establish a research center for rural development, aligning with SDG 17 on multi-stakeholder collaboration.",17
2697e1f9,"The National Bank for Agriculture and Rural Development (NABARD) has partnered with the Self Employed Women's Association (SEWA) to provide financial services and entrepreneurship training to women in Kapurthala district. ""This collaboration has been a game-changer for our community,"" said Harjinder Kaur, a SEWA member. ""Access to credit and business skills has empowered us to start our own enterprises and secure steady incomes."" The joint initiative is part of NABARD's effort to promote rural livelihood diversification and gender equality.",79,en,synthetic_sdg17,synthetic,2026-05-13,[17],17,,high,"This chunk describes a partnership between NABARD and SEWA to provide financial inclusion and entrepreneurship support to rural women, aligning with SDG 17 on multi-stakeholder collaboration.",17
a7e1b78e,"The Punjab Forest Department has collaborated with the World Wildlife Fund (WWF) India to launch a community-based ecotourism program in the Beas river basin. ""This public-private partnership will help us conserve our rich biodiversity while generating sustainable livelihoods,"" said Sukhbir Singh, the department's Conservator of Forests. ""Local villagers are being trained as nature guides and homestay hosts to attract visitors keen on experiencing the region's natural and cultural heritage."" The initiative aims to promote environmental protection and inclusive development in the region.",82,en,synthetic_sdg17,synthetic,2026-05-13,[17],17,,high,"This chunk describes a partnership between the state forest department and WWF to develop community-based ecotourism, aligning with SDG 17 on multi-stakeholder collaboration for sustainable development.",17
1448fb57,"The Punjab government's Department of Water Resources has signed a memorandum of understanding with the International Water Management Institute (IWMI) to jointly research innovative irrigation solutions for the state's water-stressed regions. ""This partnership will allow us to leverage global expertise and cutting-edge technologies,"" said Rajinder Kumar, the department's Secretary. ""Together, we'll pilot water-efficient farming techniques and strengthen community-based groundwater management to ensure sustainable use of this precious resource."" The initiative is part of IWMI's mission to support countries in achieving water security.",82,en,synthetic_sdg17,synthetic,2026-05-13,[17],17,,high,"This chunk describes a partnership between the state water department and an international research institute to develop sustainable irrigation solutions, aligning with SDG 17 on global partnerships.",17
6165cca2,"The Punjab government has collaborated with the Food and Agriculture Organization (FAO) of the United Nations to launch a joint scheme for promoting climate-resilient agriculture in Fatehgarh Sahib district. ""This international partnership will help us equip our farmers with the knowledge and tools to adapt to changing weather patterns,"" said Surinder Pal, the state's Agriculture Secretary. ""Together, we're testing drought-resistant crop varieties, improving soil health, and promoting sustainable water management practices to ensure food security in the face of the climate crisis.""",82,en,synthetic_sdg17,synthetic,2026-05-13,[17],17,,high,"This chunk describes a partnership between the Punjab government and FAO to support climate-resilient farming, aligning with SDG 17 on global cooperation for development.",17
b4e9e14b,"The Punjab Renewable Energy Agency has signed an agreement with the International Solar Alliance to jointly develop large-scale solar power projects in the state. ""This global partnership will accelerate our transition to clean energy and create green jobs for our youth,"" said Rajesh Sharma, the agency's Director. ""Together, we'll leverage innovative financing models and cutting-edge solar technologies to establish utility-scale plants that can power rural communities and industries."" The initiative is part of Punjab's ambitious plan to achieve 100% renewable electricity by 2030.",83,en,synthetic_sdg17,synthetic,2026-05-13,[17],17,,high,"This chunk describes a partnership between the Punjab renewable energy agency and the International Solar Alliance to develop solar power, aligning with SDG 17 on international cooperation for sustainable development.",17
8b452c46,"The Punjab government's Department of Horticulture has collaborated with the Indian Council of Agricultural Research (ICAR) to establish a joint center for post-harvest management in Amritsar. ""This partnership will allow us to reduce food waste and create new market opportunities for our farmers,"" said Hardeep Singh, the department's Director. ""Together, we'll develop innovative techniques and technologies to improve storage, processing, and value-addition of fruits and vegetables grown in the region."" The initiative aims to strengthen Punjab's horticulture sector and boost rural incomes.",82,en,synthetic_sdg17,synthetic,2026-05-13,[17],17,,high,"This chunk describes a partnership between the state horticulture department and ICAR to establish a post-harvest research center, aligning with SDG 17 on multi-stakeholder collaboration for development.",17
4f1140cf,"Wheat and paddy fields dominate the landscape in Ludhiana district, but soil degradation is a growing concern. Excessive chemical fertilizers have left the land saline and depleted of nutrients. Farmers struggle to maintain yields as groundwater levels drop and waterlogging becomes more common. The Sutlej River, once a lifeline, now faces pollution from industrial effluents. Declining biodiversity in these monoculture zones threatens the delicate balance of the local ecosystem.",69,en,synthetic_sdg15,synthetic,2026-05-13,[15],15,,high,"This chunk discusses soil degradation, water issues, and biodiversity loss - all key aspects of SDG 15 on Life on Land.",15
fdb2a964,"In the villages around Amritsar, the annual stubble burning season has arrived. Farmers set fire to their paddy fields to quickly clear the leftover crop residue before the wheat sowing season. This practice releases thick clouds of smoke, reducing air quality and depleting the fertility of the soil. Despite government bans, the practice continues as farmers lack affordable alternatives. The impact on local biodiversity and forest cover is severe, with many bird and insect species disappearing from the area.",79,en,synthetic_sdg15,synthetic,2026-05-13,[15],15,,high,"This chunk focuses on stubble burning, a major issue impacting soil health, air quality, and biodiversity in Punjab - all under the scope of SDG 15.",15
3e783f9a,"Farmers in Fazilka district have noticed alarming changes in their land over the past decade. Fertile topsoil has been washed away by flash floods, leaving behind a barren, saline landscape. Groundwater levels have plummeted, forcing many to abandon their fields. The once-lush Beas River riparian forests have been cleared to make way for farmland, destroying critical habitat for many species. Desertification creeps steadily across the region as climate change disrupts traditional rainfall patterns.",73,en,synthetic_sdg15,synthetic,2026-05-13,[15],15,,high,"This chunk covers soil degradation, water scarcity, deforestation, and desertification - key aspects of SDG 15 on sustainable land management.",15
03339bf2,"According to a recent government report, Punjab's forest cover has declined by 4% over the last 5 years. Rapid urbanization and the expansion of agriculture into forested areas are the main drivers of this change. Funds allocated for afforestation under the CAMPA scheme have been underutilized, hampering efforts to restore degraded lands. Villagers in Hoshiarpur lament the loss of medicinal plants and wildlife that once thrived in the now-dwindling forest patches. Urgent action is needed to protect Punjab's remaining natural ecosystems.",81,en,synthetic_sdg15,synthetic,2026-05-13,[15],15,,high,"This chunk focuses on deforestation and loss of biodiversity, which are key components of SDG 15.",15
b33fd92b,"In Bathinda district, farmers are experimenting with innovative techniques to revive their depleted soil. They have started incorporating organic matter like compost and vermicompost to improve soil fertility and water-holding capacity. Some are also experimenting with native crop varieties that are more resilient to pests and require fewer chemical inputs. However, the transition away from intensive monoculture farming is slow, and many are hesitant to abandon the high yields they've become accustomed to from using fertilizers and pesticides.",78,en,synthetic_sdg15,synthetic,2026-05-13,[15],15,,high,"This chunk discusses efforts to improve soil health and sustainability, which aligns with the goals of SDG 15.",15
3c0c1fee,"Villagers in Mansa have noticed alarming changes in local wildlife populations. Once-common small mammals like jackals and foxes have become scarce, and many bird species have disappeared from the area. Farmers attribute this to the loss of natural habitats due to expanding cultivation and excessive use of pesticides. The native Sheesham trees that provided shade and shelter are also disappearing, replaced by cash crops like cotton. Urgent action is needed to protect Punjab's dwindling biodiversity before it's too late.",79,en,synthetic_sdg15,synthetic,2026-05-13,[15],15,,high,"This chunk focuses on biodiversity loss, which is a key aspect of SDG 15 on sustainable management of terrestrial ecosystems.",15
28ca77a0,"A new study by researchers at Punjab Agricultural University has found that nearly 80% of the state's agricultural land is affected by some form of degradation. Salinity, waterlogging, and erosion are the most common issues, exacerbated by excessive use of groundwater and chemical inputs. Farmers in Sangrur district report that their once-fertile fields now yield only a fraction of what they used to. Urgent government interventions are needed to promote sustainable farming practices and restore the health of Punjab's soils.",80,en,synthetic_sdg15,synthetic,2026-05-13,[15],15,,high,"This chunk focuses on the widespread issue of soil degradation in Punjab, a key concern under SDG 15.",15
f5d01282,"In the Tarn Taran region, farmers have noticed a disturbing trend - the Beas River, which once flowed freely, has become choked with invasive weeds and silt. This has led to more frequent flooding during the monsoon season, damaging crops and eroding valuable topsoil. Villagers suspect that industrial effluents and pesticide runoff from nearby fields are disrupting the river's delicate ecosystem. Urgent action is needed to restore the health of this vital waterway and protect the livelihoods of those who depend on it.",83,en,synthetic_sdg15,synthetic,2026-05-13,[15],15,,high,"This chunk discusses how land use changes and pollution are impacting a critical water body, which is relevant to the sustainable management of land and water resources under SDG 15.",15
ae072857,"Farmers in the Malwa region of Punjab have been experimenting with agroforestry techniques, integrating trees and shrubs into their cropping systems. This has helped improve soil fertility, increase biodiversity, and provide additional income from fruits, timber, and fodder. However, many are hesitant to adopt these practices due to the upfront investment and longer payback period. Government incentives and extension support are needed to encourage more farmers to diversify their land use and move away from monoculture cultivation.",77,en,synthetic_sdg15,synthetic,2026-05-13,[15],15,,high,This chunk discusses agroforestry as a sustainable land use practice that can help achieve the goals of SDG 15.,15
c2a764df,"In the villages surrounding Patiala, once-lush meadows and grasslands have been transformed into barren, dusty expanses. Overgrazing by livestock and the conversion of these natural habitats into cropland have decimated the region's biodiversity. Villagers report a sharp decline in small mammals, birds, and insect populations. The loss of native vegetation has also increased the risk of soil erosion and desertification. Urgent action is needed to protect and restore these vital ecosystems before they disappear entirely.",75,en,synthetic_sdg15,synthetic,2026-05-13,[15],15,,high,"This chunk focuses on the loss of natural habitats and biodiversity, which is a key concern under SDG 15 on sustainable land management.",15
000c7d5e,"According to a recent government report, the forest cover in Punjab's Hoshiarpur district has declined by 7% over the past decade. Rapid urbanization and the expansion of agricultural land into forested areas are the primary drivers of this change. Villagers lament the loss of medicinal plants and the disappearance of wildlife like the Asiatic lion and the Indian leopard. Funds allocated for afforestation and habitat restoration have been underutilized, hampering efforts to reverse this worrying trend. Urgent action is needed to protect Punjab's remaining natural ecosystems.",86,en,synthetic_sdg15,synthetic,2026-05-13,[15],15,,high,"This chunk discusses deforestation and loss of biodiversity, which are key components of SDG 15 on sustainable management of terrestrial ecosystems.",15
5744710b,"In the villages around Jalandhar, farmers are exploring alternative farming practices to address the issue of soil degradation. Some have started using organic fertilizers and implementing no-till cultivation techniques to improve soil health and reduce erosion. However, the transition away from conventional chemical-intensive agriculture is slow, as many are hesitant to risk lower yields. Government incentives and extension services are needed to support these sustainable practices and help farmers rebuild the fertility of their land.",75,en,synthetic_sdg15,synthetic,2026-05-13,[15],15,,high,"This chunk discusses efforts to adopt sustainable farming practices to address soil degradation, which is a key aspect of SDG 15.",15
312621a9,"A recent study by the Punjab Remote Sensing Centre has found that the state's forest cover has declined by nearly 3% over the past 5 years. Rapid urbanization and the conversion of forested land to agricultural use are the main drivers of this change. Villagers in Gurdaspur district report that many bird and small mammal species have disappeared from the area, and they are concerned about the impact on local biodiversity. Urgent action is needed to protect and restore Punjab's remaining natural ecosystems.",83,en,synthetic_sdg15,synthetic,2026-05-13,[15],15,,high,"This chunk focuses on deforestation and biodiversity loss, which are key issues under SDG 15.",15
50ee310f,"Farmers in Muktsar district have noticed a worrying trend - their once-fertile fields are becoming increasingly saline and waterlogged. Excessive use of groundwater for irrigation, coupled with improper drainage, has led to a rise in the water table and the accumulation of salts in the soil. Many are struggling to maintain yields, and some have been forced to abandon their land altogether. Urgent action is needed to promote sustainable irrigation practices and improve soil management to address this growing crisis.",80,en,synthetic_sdg15,synthetic,2026-05-13,[15],15,,high,"This chunk discusses the issues of soil salinization and waterlogging, which are major threats to land degradation and sustainable land management under SDG 15.",15
46a5a03b,"In the villages surrounding Ropar, the once-lush Sutlej River has become a source of concern. Villagers report that the river's water quality has deteriorated due to industrial pollution and the dumping of solid waste. This has had a devastating impact on the river's aquatic life and the surrounding ecosystems. Farmers who rely on the river for irrigation are worried about the long-term effects on their crops and soil health. Urgent action is needed to clean up the Sutlej and enforce environmental regulations to protect this vital waterway.",87,en,synthetic_sdg15,synthetic,2026-05-13,[15],15,,high,"This chunk discusses how pollution is impacting a critical water body and the surrounding terrestrial ecosystem, which is relevant to the sustainable management of land and water resources under SDG 15.",15
42ae0d99,"In the Malwa region of Punjab, farmers are experimenting with the integration of trees and shrubs into their crop fields. This agroforestry approach has been shown to improve soil fertility, increase biodiversity, and provide additional income from fruits, timber, and fodder. However, the upfront investment and longer payback period have made many farmers hesitant to adopt these practices. Government incentives and extension support are needed to encourage more farmers to diversify their land use and move away from the dominant monoculture cultivation.",82,en,synthetic_sdg15,synthetic,2026-05-13,[15],15,,high,This chunk discusses agroforestry as a sustainable land use practice that can help achieve the goals of SDG 15.,15
8da84231,"A recent government report has revealed that over 60% of Punjab's agricultural land is affected by some form of degradation, including salinity, waterlogging, and erosion. Farmers in Moga district have noticed a sharp decline in their crop yields, attributing it to the depletion of soil health due to the excessive use of chemical fertilizers and pesticides. Some are experimenting with organic farming techniques, but the transition is slow due to the perceived risk of lower yields. Urgent policy interventions are needed to promote sustainable land management practices and restore the fertility of Punjab's soils.",94,en,synthetic_sdg15,synthetic,2026-05-13,[15],15,,high,"This chunk focuses on the widespread issue of soil degradation in Punjab, a key concern under SDG 15.",15
459dcba5,"In the villages surrounding Fatehgarh Sahib, the annual stubble burning season has arrived, blanketing the area in thick smoke. Farmers set fire to their paddy fields to quickly clear the leftover crop residue before the wheat sowing season, despite government bans on the practice. The burning releases harmful pollutants into the air, reducing visibility and negatively impacting the health of villagers. It also depletes the soil of essential nutrients, contributing to further land degradation. Urgent solutions are needed to provide affordable alternatives and promote sustainable crop residue management.",88,en,synthetic_sdg15,synthetic,2026-05-13,[15],15,,high,"This chunk focuses on the issue of stubble burning, which has significant impacts on air quality, soil health, and sustainable land management - all of which are relevant to SDG 15.",15
ca6c1925,"Villagers in the Kandi region of Punjab have noticed a concerning trend - the once-abundant forest cover in their area has been steadily declining. Rapid urbanization and the conversion of forested land to agricultural use have been the main drivers of this change. Locals report a sharp decline in various wildlife species, including the Asiatic black bear and the Indian leopard. Efforts to restore these critical habitats through government afforestation programs have been hampered by poor implementation and lack of community engagement. Urgent action is needed to protect Punjab's remaining natural ecosystems.",92,en,synthetic_sdg15,synthetic,2026-05-13,[15],15,,high,"This chunk discusses deforestation and biodiversity loss, which are key issues under SDG 15 on sustainable management of terrestrial ecosystems.",15
222e608c,"In the villages around Barnala, farmers have been experimenting with innovative techniques to revive their degraded soils. Some have started using organic matter like compost and vermicompost to improve soil fertility and water-holding capacity. Others are exploring the cultivation of native crop varieties that are more resilient to pests and require fewer chemical inputs. However, the transition away from intensive monoculture farming is slow, as many are hesitant to risk lower yields. Government incentives and extension support are needed to encourage more farmers to adopt sustainable land management practices.",89,en,synthetic_sdg15,synthetic,2026-05-13,[15],15,,high,"This chunk discusses efforts to improve soil health and sustainability, which aligns with the goals of SDG 15.",15
96bc634a,"Deforestation has been a major issue in our district, with large tracts of land being cleared for agriculture and infrastructure development. As a result, we have seen a significant decline in the population of native plant and animal species. The government's afforestation schemes have had limited impact, as many saplings do not survive the harsh conditions. Sustainable land-use practices and effective conservation efforts are urgently needed to protect our fragile ecosystem.",71,en,synthetic_sdg15,synthetic,2026-05-13,[15],15,,high,"This chunk discusses deforestation and loss of biodiversity, which are key issues under SDG 15 (Life on Land).",15
bdad80dc,"The once-fertile soils of our village are now plagued by salinization and waterlogging, making it increasingly difficult for us to grow our traditional crops of wheat and paddy. The excessive use of chemical fertilizers and poor drainage have degraded the land, and we are seeing a worrying decline in soil health and productivity. Urgent action is needed to address these issues and restore the land to its former fertility.",69,en,synthetic_sdg15,synthetic,2026-05-13,[15],15,,high,"This chunk discusses soil degradation and salinization, which are major challenges for sustainable land management under SDG 15.",15
4437ead2,"The annual practice of stubble burning in our region has had a devastating impact on the local environment. The thick plumes of smoke not only pollute the air, but also deplete the soil of essential nutrients, leading to a decline in crop yields. The government has introduced incentives for alternative crop residue management, but many farmers still resort to this harmful practice due to a lack of awareness and infrastructure. We need comprehensive solutions to address this issue and promote sustainable agriculture.",82,en,synthetic_sdg15,synthetic,2026-05-13,[15],15,,high,"This chunk discusses the impacts of stubble burning on soil and air quality, which are closely linked to SDG 15 and the sustainable management of land and natural resources.",15
e8a86527,"Our district has experienced a worrying trend of land-use change, with vast tracts of farmland and pastures being converted into residential and industrial areas. This has led to a significant loss of biodiversity, as many native plant and animal species are unable to adapt to the new environments. The government's land-use planning policies have failed to adequately address these issues, and we urge policymakers to prioritize the protection of our natural habitats and promote sustainable development.",76,en,synthetic_sdg15,synthetic,2026-05-13,[15],15,,high,"This chunk discusses the impacts of land-use change on biodiversity, which is a key focus area under SDG 15 (Life on Land).",15
0a1d9ee5,"The once-lush forests of our region have been steadily shrinking due to unsustainable logging practices and encroachment for agricultural and urban expansion. This has had a devastating impact on the local wildlife, with many endangered species struggling to survive. The government's conservation efforts, such as creating protected areas, have had only limited success. We need a comprehensive approach to forest management that balances the needs of the local community with the imperative to protect our natural heritage.",77,en,synthetic_sdg15,synthetic,2026-05-13,[15],15,,high,"This chunk discusses the loss of forest cover and its impact on biodiversity, which are central concerns under SDG 15.",15
0e0d524e,"The Sutlej and Beas rivers, which have historically been the lifeblood of our region, are now facing serious threats from pollution and unsustainable water extraction. The increasing demand for irrigation, coupled with the lack of effective wastewater management, has led to the degradation of these vital water sources. This, in turn, has had a negative impact on the local ecosystem, with many aquatic species struggling to survive. We urgently need to address these issues and implement sustainable water management practices to protect our natural resources.",85,en,synthetic_sdg15,synthetic,2026-05-13,[15],15,,high,"This chunk discusses the impact of water pollution and unsustainable water use on the local ecosystem, which are closely related to SDG 15 and the sustainable management of land and natural resources.",15
0f1a568b,"The agricultural fields in our district have been transformed into a virtual desert, with the once-lush vegetation replaced by barren, dusty landscapes. This is a direct result of the overuse of chemical fertilizers and pesticides, which have degraded the soil and depleted its natural fertility. The government's soil health schemes have had limited impact, as many farmers lack the resources and knowledge to implement sustainable farming practices. We need urgent intervention to restore the health of our lands and protect our vital food production systems.",85,en,synthetic_sdg15,synthetic,2026-05-13,[15],15,,high,"This chunk discusses the issue of land degradation and desertification, which are major challenges under SDG 15 (Life on Land).",15
4218aa17,"The once-thriving biodiversity in our agricultural zones has been severely compromised by the widespread use of pesticides and the decline of natural habitats. Many native plant and insect species have disappeared, and we are seeing a worrying decline in the population of pollinators like bees and butterflies. This has had a direct impact on our crop yields, as we rely heavily on these natural ecosystems for pollination. The government must take immediate action to promote biodiversity-friendly farming practices and restore the ecological balance in our region.",86,en,synthetic_sdg15,synthetic,2026-05-13,[15],15,,high,"This chunk discusses the loss of biodiversity in agricultural areas, which is a key focus area under SDG 15 (Life on Land).",15
2dabb7ef,"The paddy fields in our village have been plagued by a persistent issue of waterlogging, with large swaths of land becoming unusable for cultivation. This is a result of poor drainage infrastructure and the overuse of irrigation, which has led to a rise in the water table and the salinization of the soil. The government's attempts to address this problem have been limited, and we urgently need comprehensive solutions to restore the productivity of our lands and ensure food security for our community.",83,en,synthetic_sdg15,synthetic,2026-05-13,[15],15,,high,"This chunk discusses the issue of waterlogging and soil salinization, which are closely linked to sustainable land management under SDG 15.",15
e44308a1,"The forests in our district have long been a source of livelihood and sustenance for the local community, but their degradation has threatened our way of life. Illegal logging and encroachment for agricultural expansion have decimated the tree cover, leading to a decline in the availability of non-timber forest products, such as medicinal plants and fodder for our livestock. The government's reforestation efforts have had limited success, and we urge policymakers to prioritize the protection and sustainable management of our natural resources.",82,en,synthetic_sdg15,synthetic,2026-05-13,[15],15,,high,"This chunk discusses the degradation of forests and its impact on the local community's livelihoods, which are key concerns under SDG 15 (Life on Land).",15
19c5ccff,"The once-fertile lands of our village have become increasingly saline and unproductive, posing a serious threat to our food security. This is a result of the overuse of groundwater for irrigation, which has led to the accumulation of salts in the soil. The government's efforts to address this issue, such as promoting alternative cropping patterns and improving drainage systems, have had limited success. We urgently need comprehensive solutions to restore the health of our lands and ensure the long-term sustainability of our agricultural practices.",84,en,synthetic_sdg15,synthetic,2026-05-13,[15],15,,high,"This chunk discusses the issue of soil salinization, which is a major challenge for sustainable land management under SDG 15.",15
78d60a6a,"The vast tracts of farmland in our district have been transformed into a mosaic of small, fragmented plots, as land is divided among successive generations. This has led to a decline in the overall productivity of the land, as smaller plots are less amenable to mechanized farming and crop rotation. The government's efforts to promote land consolidation and sustainable farming practices have had limited impact, and we urge policymakers to develop comprehensive solutions to address this issue and ensure the long-term viability of our agricultural system.",86,en,synthetic_sdg15,synthetic,2026-05-13,[15],15,,high,"This chunk discusses the challenges of land fragmentation and its impact on the sustainability of agricultural practices, which are closely linked to SDG 15 (Life on Land).",15
2fd4f7b9,"The once-lush grasslands in our district have been steadily disappearing, as they are converted into farmland or urban settlements. This has had a devastating impact on the local biodiversity, with many species of birds, insects, and small mammals struggling to survive. The government's efforts to protect these natural habitats have been limited, and we urge policymakers to prioritize the conservation of our remaining grasslands and promote sustainable land-use practices that balance the needs of the local community with the imperative to protect our natural heritage.",85,en,synthetic_sdg15,synthetic,2026-05-13,[15],15,,high,"This chunk discusses the loss of natural habitats, such as grasslands, and its impact on biodiversity, which are key concerns under SDG 15 (Life on Land).",15
696c1e9f,"The government's recent initiatives to promote alternative methods of crop residue management, such as in-situ decomposition and the use of biomass-based fuels, have had limited success in our region. Many farmers continue to resort to the age-old practice of stubble burning, which not only pollutes the air but also depletes the soil of essential nutrients. We need a comprehensive approach that combines incentives, awareness campaigns, and infrastructure development to address this issue and promote sustainable agriculture practices in our district.",80,en,synthetic_sdg15,synthetic,2026-05-13,[15],15,,high,"This chunk discusses the issue of stubble burning and its impact on soil and air quality, which are closely related to sustainable land management under SDG 15.",15
0826547c,"The Bist Doab region of Punjab, known for its fertile alluvial soils, is facing a serious threat of land degradation due to the overuse of chemical fertilizers and pesticides. The excessive application of these inputs has led to a decline in soil organic matter and a loss of beneficial microbial activity, making the land less productive and more susceptible to erosion. The government's soil health improvement schemes have had limited impact, and we urgently need a shift towards more sustainable farming practices that prioritize soil conservation and restore the natural fertility of our lands.",94,en,synthetic_sdg15,synthetic,2026-05-13,[15],15,,high,"This chunk discusses the issue of soil degradation due to unsustainable agricultural practices, which is a key focus area under SDG 15 (Life on Land).",15
1bc7b3ca,"The forests in our district have long been a source of livelihood and cultural identity for the local indigenous communities. However, the encroachment of commercial logging and the expansion of agricultural land have threatened the very existence of these vital ecosystems. The government's efforts to protect the forests, such as creating eco-tourism initiatives and promoting community-based management, have had limited success. We urgently need to prioritize the rights and traditional knowledge of indigenous communities in the management and conservation of our forest resources.",83,en,synthetic_sdg15,synthetic,2026-05-13,[15],15,,high,"This chunk discusses the impact of deforestation on indigenous communities and their traditional livelihoods, which are closely linked to the sustainable management of land and natural resources under SDG 15.",15
3c5e6493,"The once-abundant wildlife in our district's forests and grasslands has been steadily declining due to a combination of habitat loss, poaching, and the unsustainable use of natural resources. The government's efforts to establish protected areas and strengthen enforcement have had limited impact, as the local communities continue to face economic pressures that drive them to exploit these natural resources. We need a more holistic approach that integrates wildlife conservation with sustainable livelihood development to ensure the long-term protection of our biodiversity.",81,en,synthetic_sdg15,synthetic,2026-05-13,[15],15,,high,"This chunk discusses the decline of biodiversity due to habitat loss and unsustainable resource use, which are key concerns under SDG 15 (Life on Land).",15
e4f32580,"The Sutlej River, which has historically been the lifeblood of our region, is now facing a serious threat of desertification due to the overexploitation of its water resources for irrigation and industrial use. The reduced flow of the river has led to the degradation of the surrounding wetlands and the loss of valuable ecosystems, which are home to a diverse array of plant and animal species. The government's efforts to regulate water use and promote water conservation have had limited success, and we urgently need comprehensive solutions to restore the health of our vital water resources.",96,en,synthetic_sdg15,synthetic,2026-05-13,[15],15,,high,"This chunk discusses the issue of desertification due to unsustainable water use, which is a major challenge under SDG 15 (Life on Land).",15
da833c2a,"The wheat and paddy fields that once dominated the landscape of our district have been gradually replaced by commercial plantations and urban development. This shift in land-use patterns has not only reduced the diversity of crops and agricultural practices but has also led to a decline in the population of native fauna, such as birds and small mammals. The government's efforts to promote sustainable farming and urban planning have had limited impact, and we urge policymakers to prioritize the protection of our agricultural heritage and the biodiversity that it supports.",90,en,synthetic_sdg15,synthetic,2026-05-13,[15],15,,high,"This chunk discusses the impact of land-use change on agricultural diversity and biodiversity, which are key concerns under SDG 15 (Life on Land).",15
0587e6fc,"The forests in our district have long been a source of livelihood and cultural identity for the local indigenous communities. However, the encroachment of commercial logging and the expansion of agricultural land have threatened the very existence of these vital ecosystems. The government's efforts to protect the forests, such as creating eco-tourism initiatives and promoting community-based management, have had limited success. We urgently need to prioritize the rights and traditional knowledge of indigenous communities in the management and conservation of our forest resources.",83,en,synthetic_sdg15,synthetic,2026-05-13,[15],15,,high,"This chunk discusses the impact of deforestation on indigenous communities and their traditional livelihoods, which are closely linked to the sustainable management of land and natural resources under SDG 15.",15
3310d647,"In Bathinda district, farmers are struggling with salinization of farmland. Years of over-irrigation and improper drainage have caused the water table to rise, bringing mineral salts to the surface. Crop yields have plummeted, and once-fertile fields are now barren. The government's soil health cards program aims to test soil and recommend remedies, but progress is slow. Farmers need urgent support to reclaim their land and transition to sustainable cropping patterns.",70,en,synthetic_sdg15,synthetic,2026-05-13,[15],15,,high,"The text describes soil degradation, salinization, and loss of land productivity, which are key issues under SDG 15 on protecting life on land.",15
4952ce7c,"Kharkhoda forest range in Sirsa district has seen a steep decline in tree cover over the past decade. Illegal logging, encroachment for agriculture, and lack of effective conservation efforts have led to the loss of over 20% of the forest area. This has disrupted the habitat of several wildlife species, including the highly endangered vulture. Local NGOs are urging the state government to strengthen patrolling, engage the community in afforestation, and declare the region an eco-sensitive zone to protect the remaining biodiversity.",82,en,synthetic_sdg15,synthetic,2026-05-13,[15],15,,high,"The text discusses deforestation, habitat loss, and biodiversity decline, which are core issues under SDG 15 on life on land.",15
a3058c72,"Farmers in Ludhiana are worried about the long-term impact of stubble burning on soil health. The practice of burning crop residues to clear fields quickly has led to a sharp decline in organic matter and nutrient content. Soil tests show increasing salinity and falling yields, even with heavy chemical fertilizer use. The government's 'no-burn' policy and subsidies for equipment to manage crop waste have had limited success so far. Urgent action is needed to promote sustainable alternatives and restore soil fertility.",81,en,synthetic_sdg15,synthetic,2026-05-13,[15],15,,high,"The text focuses on the negative effects of stubble burning on soil quality and land degradation, which are central to SDG 15.",15
85dfcadc,"In Barnala, waterlogging has emerged as a major challenge, with large tracts of agricultural land rendered unproductive. Excessive irrigation, coupled with poor drainage infrastructure, has caused the water table to rise, leading to salinization and loss of fertile topsoil. Farmers are unable to cultivate traditional crops and have had to shift to less water-intensive alternatives like maize. The state government's plan to improve canal networks and install drainage pumps has seen slow progress, leaving many families in distress.",78,en,synthetic_sdg15,synthetic,2026-05-13,[15],15,,high,"The text discusses the issues of waterlogging, soil salinization, and the resulting loss of agricultural productivity, which are directly related to SDG 15 on protecting life on land.",15
2358f803,"In the Bist Doab region, the iconic Sutlej River has seen a drastic reduction in its flow over the years. Excessive groundwater extraction for irrigation, coupled with erratic rainfall patterns, has led to the drying up of many tributaries. This has had a cascading effect on the region's biodiversity, with the disappearance of several fish species and the decline of migratory bird populations. Urgent measures are needed to regulate water usage, promote groundwater recharge, and restore the ecological balance of this vital river system.",84,en,synthetic_sdg15,synthetic,2026-05-13,[15],15,,high,"The text describes the impact of water scarcity and unsustainable water use on the local ecosystem and biodiversity, which are key aspects of SDG 15 on life on land.",15
c446100d,"Wheat and paddy cultivation have come to dominate the agricultural landscape of Doaba, leaving little space for natural vegetation and biodiversity. The expansion of monoculture crop systems, coupled with intensive use of pesticides and fertilizers, has led to a sharp decline in the population of pollinators, birds, and other wildlife. Local NGOs are working with farmers to promote organic farming, intercropping, and the restoration of native plant species to revive the region's ecological balance.",74,en,synthetic_sdg15,synthetic,2026-05-13,[15],15,,high,"The text discusses the negative impacts of industrialized agriculture on biodiversity, which is a central focus of SDG 15 on protecting life on land.",15
12f06615,"In Malwa region, the overexploitation of groundwater for irrigation has led to a rapid depletion of aquifers. Many villages now struggle to access clean drinking water, and the falling water table has caused the land to subside in some areas, increasing the risk of desertification. The state government's efforts to promote water-efficient crops, drip irrigation, and artificial recharge of groundwater have had limited success so far. Urgent action is needed to regulate groundwater usage and ensure the long-term sustainability of agriculture in the region.",84,en,synthetic_sdg15,synthetic,2026-05-13,[15],15,,high,"The text focuses on the issues of groundwater depletion, land degradation, and desertification, which are all closely linked to SDG 15 on protecting life on land.",15
e3702702,"Farmers in Fatehgarh Sahib district are reporting a worrying trend of declining soil fertility. Years of intensive chemical-based farming, with little attention paid to replenishing organic matter, have left the soil depleted of vital nutrients. Crop yields have stagnated, and many farmers are forced to use increasingly higher doses of fertilizers to maintain production levels. The state government's 'soil health card' scheme aims to provide customized recommendations, but implementation has been slow. Urgent support is needed to help farmers transition to sustainable practices that restore soil health.",87,en,synthetic_sdg15,synthetic,2026-05-13,[15],15,,high,"The text discusses the issue of soil degradation and declining soil fertility, which are crucial aspects of SDG 15 on protecting life on land.",15
ffe101a5,"In the Kandi region of Hoshiarpur, a once-lush forested area, the landscape has become increasingly barren and prone to erosion. Deforestation, driven by the expansion of agricultural land and illegal logging, has stripped the hills of their natural vegetation cover. This has led to a sharp increase in soil erosion, landslides, and the drying up of local water sources. The state forest department's efforts to promote afforestation and conservation have faced resistance from local communities who rely on the forests for their livelihoods.",83,en,synthetic_sdg15,synthetic,2026-05-13,[15],15,,high,"The text focuses on the issues of deforestation, soil erosion, and loss of natural habitats, all of which are central to SDG 15 on protecting life on land.",15
9a5419d6,"Farmers in Sangrur district are struggling to cope with the growing menace of wild boar and nilgai that ravage their crops. As the natural habitats of these animals have shrunk due to urbanization and agricultural expansion, they have increasingly encroached upon farmlands, causing significant economic losses to farmers. The state government's compensation schemes and culling programs have provided limited relief, and more comprehensive wildlife management strategies are needed to balance the needs of agriculture and biodiversity conservation.",77,en,synthetic_sdg15,synthetic,2026-05-13,[15],15,,high,"The text discusses the conflict between agricultural expansion and the conservation of wildlife, which is a key issue under SDG 15 on protecting life on land.",15
279984bf,"In the Kandi region of Gurdaspur, the once-lush forests have given way to a patchwork of degraded land and scrubby vegetation. Illegal mining, uncontrolled grazing, and the harvesting of firewood have taken a heavy toll on the natural environment. This has led to a decline in the population of several endemic plant and animal species, including the highly endangered Himalayan brown bear. Local communities and environmental groups are advocating for stricter regulations, better enforcement, and the creation of protected wildlife corridors to restore the ecological balance of the region.",89,en,synthetic_sdg15,synthetic,2026-05-13,[15],15,,high,"The text focuses on the issues of deforestation, habitat degradation, and the decline of biodiversity, all of which are central to SDG 15 on protecting life on land.",15
4b164515,"In Moga district, the conversion of grasslands and wetlands into agricultural land has led to a significant loss of biodiversity. Several species of migratory birds, including the Siberian crane, have stopped visiting the region due to the destruction of their traditional roosting and feeding grounds. Farmers, who once coexisted with these natural ecosystems, now struggle to maintain productivity as the delicate balance of the land has been disrupted. The state government's efforts to designate wetlands as protected areas have faced resistance from local communities who rely on these resources for their livelihoods.",92,en,synthetic_sdg15,synthetic,2026-05-13,[15],15,,high,"The text discusses the impact of land-use change on biodiversity, particularly the loss of natural habitats like grasslands and wetlands, which is a key focus of SDG 15.",15
17183426,"Farmers in Nabha tehsil of Patiala district are concerned about the growing threat of desertification. Overgrazing, deforestation, and the diversion of land for non-agricultural uses have led to the depletion of vegetation cover and the degradation of the soil. This has resulted in the loss of productive farmland, increased soil erosion, and the encroachment of sand dunes. The state government's afforestation programs and efforts to promote sustainable land management practices have had limited success so far, leaving many families at risk of losing their livelihoods.",85,en,synthetic_sdg15,synthetic,2026-05-13,[15],15,,high,"The text focuses on the issue of desertification, which is a key challenge under SDG 15 on protecting life on land.",15
5efef9ac,"In the Kandi region of Hoshiarpur, farmers are increasingly facing the challenge of crop damage due to wild animal intrusions. As the natural habitats of species like wild boar and nilgai have shrunk, these animals have begun to encroach upon agricultural fields, causing significant losses to farmers. The state government's compensation schemes and culling programs have provided limited relief, and more comprehensive wildlife management strategies are needed to find a balance between agricultural production and biodiversity conservation.",77,en,synthetic_sdg15,synthetic,2026-05-13,[15],15,,high,"The text discusses the conflict between agricultural expansion and wildlife conservation, which is a key issue under SDG 15 on protecting life on land.",15
9749820d,"Farmers in the Bist Doab region of Jalandhar are facing a new challenge: the rapid spread of invasive plant species that are outcompeting traditional crops and threatening local biodiversity. Plants like Congress grass and Parthenium have proliferated, choking out native vegetation and reducing the availability of fodder for livestock. The state agriculture department's efforts to educate farmers and promote the use of indigenous seed varieties have had limited success so far. Urgent action is needed to control the spread of these invasive species and restore the ecological balance of the region.",91,en,synthetic_sdg15,synthetic,2026-05-13,[15],15,,high,"The text focuses on the issue of invasive species, which can have a significant impact on local biodiversity and ecosystems, a key aspect of SDG 15.",15
5fccced8,"In the Kandi region of Ropar, farmers are grappling with the challenge of soil erosion and landslides. Deforestation, uncontrolled grazing, and the conversion of sloping lands into agricultural fields have led to the degradation of the natural landscape. This has resulted in the loss of fertile topsoil, the siltation of local water bodies, and the increased risk of flooding and landslides during the monsoon season. The state government's efforts to promote soil and water conservation measures have faced resistance from communities who rely on the land for their livelihoods.",89,en,synthetic_sdg15,synthetic,2026-05-13,[15],15,,high,"The text discusses the issues of soil erosion, land degradation, and the impact on local ecosystems, all of which are closely linked to SDG 15 on protecting life on land.",15
12947c64,"Farmers in Muktsar district are concerned about the long-term impact of stubble burning on soil health and biodiversity. The practice of burning crop residues to clear fields quickly has led to a sharp decline in organic matter and the loss of beneficial microorganisms in the soil. This has resulted in reduced soil fertility, lower yields, and the proliferation of invasive weed species that outcompete traditional crops. The government's subsidies for equipment to manage crop waste have had limited success, and more comprehensive strategies are needed to promote sustainable alternatives and restore the ecological balance of the region.",97,en,synthetic_sdg15,synthetic,2026-05-13,[15],15,,high,"The text focuses on the negative impacts of stubble burning on soil health, biodiversity, and land productivity, which are all central to SDG 15 on protecting life on land.",15
0329e8ed,"In the Kandi region of Pathankot, the fragmentation of forest habitats due to the expansion of human settlements and infrastructure has led to the isolation and decline of several wildlife species. The iconic Himalayan brown bear, once a common sight in the region, is now rarely spotted, and other species like the barking deer and the Asiatic jackal are also facing increasing threats. Local communities and conservation groups are urging the state government to designate more protected areas, strengthen enforcement against poaching, and promote wildlife corridors to ensure the long-term survival of these species.",94,en,synthetic_sdg15,synthetic,2026-05-13,[15],15,,high,"The text discusses the issue of habitat fragmentation and its impact on biodiversity, which is a key focus of SDG 15 on protecting life on land.",15
373c3a9e,"Farmers in Kapurthala district are reporting a worrying trend of declining groundwater levels and the drying up of local water bodies. Excessive extraction of groundwater for irrigation, combined with erratic rainfall patterns, has led to the depletion of aquifers and the loss of natural wetlands and ponds. This has had a cascading effect on the region's biodiversity, with the disappearance of several species of fish, amphibians, and migratory birds. The state government's efforts to promote water-efficient irrigation practices and artificial groundwater recharge have had limited success so far, leaving many farmers and ecosystems at risk.",95,en,synthetic_sdg15,synthetic,2026-05-13,[15],15,,high,"The text focuses on the issue of water scarcity and its impact on local ecosystems and biodiversity, which are central to SDG 15 on protecting life on land.",15
88018754,"In the Kandi region of Nawanshahr, the once-lush forests have given way to a patchwork of degraded land and scrubby vegetation. Illegal logging, encroachment for agriculture, and the lack of effective conservation efforts have led to a sharp decline in the forest cover. This has disrupted the habitat of several endangered species, including the Himalayan black bear and the Indian leopard. Local communities and environmental groups are urging the state government to strengthen law enforcement, promote community-based forest management, and declare the region an eco-sensitive zone to protect the remaining biodiversity.",91,en,synthetic_sdg15,synthetic,2026-05-13,[15],15,,high,"The text discusses the issue of deforestation and its impact on biodiversity, which are key aspects of SDG 15 on protecting life on land.",15
b4611f3f,"Wheat and paddy farming in Ludhiana has taken a toll on the region's soil health. Excessive use of chemical fertilizers and pesticides has led to degradation, with many fields now affected by salinization and waterlogging. Local farmers report dwindling earthworm populations and reduced crop yields despite high inputs. 'The land doesn't have the same fertility as before. We must find ways to restore the natural balance,' says Balwinder Singh, a farmer in Raikot block.",74,en,synthetic_sdg15,synthetic,2026-05-13,[15],15,,high,"This chunk discusses soil degradation and loss of soil health in an agricultural region, which aligns with SDG 15 on protecting land resources.",15
8f8fe099,"Forests in the Shivalik hills of Hoshiarpur district are under threat from encroachment and illegal logging. Once home to diverse wildlife like the Asiatic black bear and Himalayan griffon vulture, the forest cover has shrunk by 20% in the past decade. 'Timber mafia and land grabbers are destroying our natural heritage. The government must act to protect these critical ecosystems,' says Raj Rani, a local environmental activist.",67,en,synthetic_sdg15,synthetic,2026-05-13,[15],15,,high,"This chunk discusses deforestation and loss of biodiversity in a forested region, which is directly relevant to SDG 15 on protecting land-based ecosystems.",15
50c26649,"Groundwater levels in Bathinda district have dropped alarmingly, with many wells running dry. Farmers attribute this to the intensive cultivation of water-guzzling crops like paddy. 'We have no choice but to keep drilling deeper as the water table falls each year. This is making farming unviable and causing land degradation,' says Sukhdev Chand, a small landholder. Experts warn that the region is at risk of desertification if water-sustainable practices are not adopted soon.",73,en,synthetic_sdg15,synthetic,2026-05-13,[15],15,,high,"This chunk discusses groundwater depletion, which can lead to land degradation and desertification, key issues under SDG 15 on protecting land resources.",15
87d79ce8,"In Fazilka district, large swathes of fertile farmland have been rendered unproductive due to the spread of Prosopis juliflora, an invasive shrub species. 'This weed has taken over our fields, choking out our crops. The government's efforts to clear it have been half-hearted,' laments Harpreet Kaur, a farmer. Ecologists warn that the unchecked growth of such invasive plants poses a serious threat to local biodiversity and agricultural productivity.",68,en,synthetic_sdg15,synthetic,2026-05-13,[15],15,,high,"This chunk discusses the problem of invasive species degrading agricultural land and impacting local biodiversity, which is relevant to SDG 15's focus on protecting terrestrial ecosystems.",15
6930c006,"The iconic Khasi Hills in Nawanshahr are witnessing rapid deforestation as timber smugglers and land encroachers destroy the area's once-lush woodland. 'These hills were our lifeline, providing us with food, fuel and fodder. Now, they are being stripped bare,' says Amrita Devi, a village elder. Conservationists warn that the loss of these forests will disrupt critical water cycles and habitat for endangered species like the Himalayan brown bear.",68,en,synthetic_sdg15,synthetic,2026-05-13,[15],15,,high,"This chunk discusses deforestation and the resulting loss of ecosystem services and biodiversity, which are key concerns under SDG 15 on protecting terrestrial ecosystems.",15
fa975b0e,"Farmers in Moga district are struggling to manage the massive amounts of crop residue generated after the paddy harvest. 'We have no choice but to burn the stubble as there is no viable alternative. This is polluting the air and damaging the soil,' says Jagdeep Singh, a small landholder. Experts warn that the annual crop burning ritual is accelerating soil degradation and depleting organic matter, threatening the region's long-term agricultural productivity.",71,en,synthetic_sdg15,synthetic,2026-05-13,[15],15,,high,"This chunk discusses the issue of crop residue burning, which has negative impacts on soil health and air quality, undermining sustainable land management practices as per SDG 15.",15
ee554d75,"The Beas river floodplains in Kapurthala district have seen a sharp decline in their characteristic biodiversity. 'We used to have so many different species of birds, insects and plants. Now, it's just a few common kinds,' laments Baldev Kumar, a local fisherman. Conservationists attribute this loss of biodiversity to factors like pollution, unsustainable sand mining, and conversion of wetlands into agricultural land.",62,en,synthetic_sdg15,synthetic,2026-05-13,[15],15,,high,"This chunk discusses the loss of biodiversity in a riverine ecosystem, which is directly relevant to the protection of terrestrial and inland water ecosystems under SDG 15.",15
aaa2da28,"Excessive groundwater extraction for irrigation in Sangrur district has led to the formation of large sinkholes, posing a serious threat to local communities. 'We have lost several acres of valuable farmland to these sudden collapses. The government must act to regulate groundwater use before more damage is done,' says Jaswinder Kaur, a farmer affected by the issue. Experts warn that continued unsustainable water use could trigger wider land degradation in the region.",72,en,synthetic_sdg15,synthetic,2026-05-13,[15],15,,high,"This chunk discusses the problem of land degradation due to unsustainable groundwater extraction, which is a key concern under SDG 15 on protecting land resources.",15
d65ef9a6,"Illegal mining of sand and gravel from the banks of the Satluj river in Ropar district has caused severe erosion and degradation of the riverine ecosystem. 'The river used to flow calmly, providing us with fish and water. Now, its banks are being torn apart by these unregulated mining activities,' laments Surinder Pal, a local resident. Ecologists warn that this destruction of riparian habitats will have cascading effects on the region's biodiversity.",72,en,synthetic_sdg15,synthetic,2026-05-13,[15],15,,high,"This chunk discusses the negative impacts of unsustainable sand mining on a riverine ecosystem, which is relevant to SDG 15's focus on protecting inland water resources and associated biodiversity.",15
66d11df0,"In Gurdaspur district, farmers are reporting a sharp decline in the population of beneficial insects like honeybees and ladybirds. 'We used to have so many of these insects that helped pollinate our crops and control pests. But now, they are disappearing,' says Kulwinder Singh, a small landholder. Experts attribute this biodiversity loss to the overuse of pesticides and the conversion of diverse croplands into monoculture plantations.",66,en,synthetic_sdg15,synthetic,2026-05-13,[15],15,,high,"This chunk discusses the loss of beneficial insect biodiversity in agricultural landscapes, which is a key concern under SDG 15's focus on sustainable land management and ecosystem protection.",15
8493ac21,"The Kandi region of Hoshiarpur district is facing severe soil erosion due to deforestation and unsustainable land use practices. 'Our once-fertile fields are now turning into barren gullies. The heavy rains just wash away the topsoil,' laments Gurcharan Kaur, a farmer. Local officials warn that if this degradation continues, the region risks becoming a desert, with devastating consequences for agriculture and livelihoods.",62,en,synthetic_sdg15,synthetic,2026-05-13,[15],15,,high,"This chunk discusses the issue of soil erosion and land degradation, which are key concerns under SDG 15 on protecting and restoring terrestrial ecosystems.",15
0201f34f,"Crop residue burning in Muktsar district is taking a heavy toll on the region's soil health. 'The ash and soot from the fires are leaving our fields lifeless and unproductive. We need urgent solutions to this problem,' says Jaswinder Gill, a farmer. Experts warn that the annual ritual of burning paddy and wheat stubble is depleting organic matter, disrupting soil microbiomes, and accelerating desertification in the region.",67,en,synthetic_sdg15,synthetic,2026-05-13,[15],15,,high,"This chunk discusses the negative impacts of crop residue burning on soil health, which is a key issue under SDG 15's focus on sustainable land management.",15
510c7d9c,"The Kandi region of Nawanshahr district is facing a severe water crisis, with depleted groundwater levels and drying up of local streams and springs. 'Our traditional water sources are disappearing, forcing us to dig ever-deeper wells. This is leading to land subsidence and salinization,' says Rajinder Singh, a small farmer. Experts warn that the region's land and biodiversity are under threat if sustainable water management practices are not adopted soon.",70,en,synthetic_sdg15,synthetic,2026-05-13,[15],15,,high,"This chunk discusses the impacts of groundwater depletion on land resources, including salinization and subsidence, which are relevant to SDG 15's focus on protecting and restoring land-based ecosystems.",15
29c58af7,"Farmers in Fatehgarh Sahib district are reporting a worrying increase in pest infestations, with traditional methods proving ineffective. 'We are using more and more pesticides, but the insects just keep coming back stronger. This is harming our crops and the surrounding biodiversity,' says Jaswant Singh, a paddy grower. Experts warn that the overuse of chemicals is disrupting natural pest control mechanisms and leading to a vicious cycle of dependence.",69,en,synthetic_sdg15,synthetic,2026-05-13,[15],15,,high,"This chunk discusses the negative impacts of pesticide overuse on agricultural biodiversity, which is a key concern under SDG 15 on protecting terrestrial ecosystems.",15
6b36db97,"The Kandi region of Hoshiarpur district is experiencing a alarming rate of deforestation, with the forest cover declining by over 30% in the past two decades. 'These hills used to be lush and green, providing us with firewood, fodder and numerous other forest products. Now, they are being stripped bare,' laments Kulwant Kaur, a village elder. Conservationists warn that this loss of forest cover is disrupting crucial ecosystems and wildlife habitats in the region.",74,en,synthetic_sdg15,synthetic,2026-05-13,[15],15,,high,"This chunk directly discusses the issue of deforestation and its impacts on forest ecosystems, which is a key concern under SDG 15 on protecting terrestrial ecosystems.",15
5c1c7763,"Farmers in Bathinda district are reporting a sharp decline in the populations of birds, insects and small mammals in their fields. 'We used to have so much wildlife diversity, but now it's just a few common species left,' says Jasbir Kaur, a small landholder. Experts attribute this biodiversity loss to the intensive use of pesticides, the conversion of diverse croplands into monocultures, and the shrinking of natural habitats due to urbanization and infrastructure development.",74,en,synthetic_sdg15,synthetic,2026-05-13,[15],15,,high,"This chunk discusses the loss of biodiversity in agricultural landscapes, which is a key concern under SDG 15's focus on protecting terrestrial ecosystems.",15
220aed9e,"The Kandi region of Jalandhar district is facing severe land degradation due to a combination of deforestation, unsustainable agricultural practices, and erratic rainfall patterns. 'Our once-fertile fields are now turning into barren, gullied landscapes. We are struggling to grow even basic crops,' laments Kulwinder Kaur, a small farmer. Experts warn that if urgent action is not taken, this cycle of land degradation could lead to the region becoming a desert, with devastating consequences for local livelihoods.",76,en,synthetic_sdg15,synthetic,2026-05-13,[15],15,,high,"This chunk discusses multiple drivers of land degradation, including deforestation and unsustainable agriculture, which are directly relevant to SDG 15's focus on protecting and restoring terrestrial ecosystems.",15
e0171506,"In Mansa district, farmers are reporting a worrying increase in the incidence of crop diseases and pests, leading to significant yield losses. 'We are using more and more pesticides, but the problem just keeps getting worse. I think it's because of the loss of biodiversity in our fields,' says Harbhajan Singh, a wheat and cotton grower. Experts attribute this to the disruption of natural pest control mechanisms due to the overuse of chemicals and the conversion of diverse croplands into monocultures.",81,en,synthetic_sdg15,synthetic,2026-05-13,[15],15,,high,"This chunk discusses the loss of biodiversity and disruption of ecosystem services in agricultural landscapes, which is a key concern under SDG 15 on protecting terrestrial ecosystems.",15
1fa8ff99,"The Kandi region of Gurdaspur district is facing a severe water crisis, with dwindling groundwater levels and the drying up of local streams and springs. 'Our traditional water sources are disappearing, forcing us to dig deeper wells. This is causing land subsidence and salinization of the soil,' says Kulwinder Kaur, a small farmer. Experts warn that the region's fragile agro-ecosystem is under threat if sustainable water management practices are not adopted soon.",72,en,synthetic_sdg15,synthetic,2026-05-13,[15],15,,high,"This chunk discusses the impacts of groundwater depletion on land resources, including salinization and subsidence, which are relevant to SDG 15's focus on protecting and restoring terrestrial ecosystems.",15
925219c9,"Farmers in the Malwa region of Punjab are reporting a sharp decline in the population of beneficial insects like honeybees and ladybirds in their fields. 'We used to have so many of these insects that helped pollinate our crops and control pests. But now, they are disappearing,' says Sukhdev Singh, a small landholder. Experts attribute this biodiversity loss to the overuse of pesticides and the conversion of diverse croplands into monoculture plantations, which are disrupting the region's delicate agro-ecological balance.",80,en,synthetic_sdg15,synthetic,2026-05-13,[15],15,,high,"This chunk discusses the loss of beneficial insect biodiversity in agricultural landscapes, which is a key concern under SDG 15's focus on protecting terrestrial ecosystems and the services they provide.",15
db572d8d,"The Pradhan Mantri Awas Yojana has helped transform Mohali district, where many farmers have accessed grants to build pucca homes. ""Before, my family lived in a small, leaky mud hut. Now we have a proper 2-room house with a toilet. It's made a big difference,"" says Gurpreet Singh, a wheat farmer. However, progress is uneven - many villages still lack proper roads, drains and community spaces that are crucial for liveable rural settlements.",73,en,synthetic_sdg11,synthetic,2026-05-13,[11],11,,high,"This chunk discusses rural housing under the PMAY scheme and related infrastructure challenges in villages, which aligns with SDG 11 on sustainable communities.",11
16172fef,"Swachh Bharat has helped transform sanitation in Mansa district, with nearly all villages now declared open defecation free. ""Earlier, we had to walk over a kilometer to the fields. It was very difficult, especially for women and girls. Now we have clean village toilets,"" says Surjit Kaur, a small landholding farmer. However, many panchayats struggle to maintain the infrastructure - some toilets lie unused due to lack of water supply or irregular cleaning.",73,en,synthetic_sdg11,synthetic,2026-05-13,[11],11,,high,"This chunk discusses progress and challenges in rural sanitation under the Swachh Bharat mission, which aligns with SDG 11 on sustainable communities.",11
a90fc839,"Jagraon town is seeing a rapid influx of young migrants from nearby villages. ""There's no future in farming anymore. I came to the mandi to work as a laborer, but the slum conditions are terrible - no clean water, proper housing or community spaces,"" says Harinder, a 22-year-old from Ludhiana district. The lack of liveable rural settlements is driving this urban migration, straining services in small towns that are ill-equipped to handle the growth.",74,en,synthetic_sdg11,synthetic,2026-05-13,[11],11,,high,"This chunk discusses rural-urban migration and the challenges it poses for sustainable development of small towns, which aligns with SDG 11 on sustainable communities.",11
16deac99,"Panchayat leaders in Fazilka district are working to transform their villages through careful planning. ""We've mapped out where to build more community halls, upgrade internal roads and lay proper drainage. This will make the village more livable and stem the tide of young people leaving for the cities,"" says Sarpanch Kulwinder Kaur. However, budget constraints and lack of technical expertise often hamper panchayat efforts to build sustainable rural settlements.",69,en,synthetic_sdg11,synthetic,2026-05-13,[11],11,,high,"This chunk discusses panchayat-led planning efforts to improve rural infrastructure and amenities, which aligns with SDG 11 on sustainable communities.",11
82c71233,"The Beas river floods in Hoshiarpur district have destroyed many mud and thatch homes over the years. ""Our house got washed away 3 times in the last 5 years. We had to rebuild from scratch each time,"" laments Kulwinder, a small farmer. The lack of disaster-resilient housing options leaves vulnerable communities exposed. The Pradhan Mantri Awas Yojana is helping, but progress is slow, with many villages yet to be covered by the scheme.",73,en,synthetic_sdg11,synthetic,2026-05-13,[11],11,,high,"This chunk discusses the vulnerability of rural housing to natural disasters, and the role of the PMAY scheme in building resilient communities, which aligns with SDG 11.",11
3f9a1178,"Amrik, a young farmer from Moga district, had to move his family to a slum in Ludhiana when their small landholding could no longer support them. ""The house is cramped, the water is dirty, and there are no parks or playgrounds for my kids. I wish I could go back to the village, but there are no jobs there anymore,"" he laments. The lack of economic opportunities and basic amenities in many rural areas is fueling the growth of urban slums.",81,en,synthetic_sdg11,synthetic,2026-05-13,[11],11,,high,"This chunk discusses the drivers of rural-urban migration and the resulting challenges of urban slums, which aligns with SDG 11 on sustainable communities.",11
57296d30,"Malerkotla district has seen remarkable progress in upgrading rural infrastructure under the Pradhan Mantri Gram Sadak Yojana. ""Earlier, our fields were inaccessible during the monsoons. Now we have proper concrete roads connecting our village to the main highway,"" says Balbir Singh, a wheat and paddy farmer. However, many smaller villages still lack basic road connectivity, hampering access to markets and services.",61,en,synthetic_sdg11,synthetic,2026-05-13,[11],11,,high,"This chunk discusses the importance of rural road connectivity for sustainable communities, which aligns with SDG 11.",11
e930449a,"Panchayat leaders in Bathinda district are working to transform their villages into model 'Lal Dora' settlements. ""We are using MGNREGA funds to build new community centers, upgrade internal roads and drainage, and create green public spaces. This will improve overall livability and stem the tide of outward migration,"" says Sarpanch Jaswinder Kaur. However, limited budgets and lack of technical expertise often hamper such comprehensive village development efforts.",67,en,synthetic_sdg11,synthetic,2026-05-13,[11],11,,high,"This chunk discusses panchayat-led efforts to improve rural infrastructure and amenities through programs like MGNREGA, which aligns with SDG 11 on sustainable communities.",11
c5c9b9c8,"Mohali district is seeing a surge in rural tourism, with many farmers opening their homes as homestays. ""Earlier, our mud huts were just for living. Now we've upgraded them and added amenities to welcome visitors,"" says Gurdeep Singh, a small landowner. This has created new income streams for villages, while also highlighting the need to improve basic services like sanitation and water supply to make rural areas more livable and attractive.",71,en,synthetic_sdg11,synthetic,2026-05-13,[11],11,,high,"This chunk discusses how rural tourism can drive improvements in rural infrastructure and amenities, which aligns with SDG 11 on sustainable communities.",11
71c6b0fe,"Mukerian town in Hoshiarpur district is struggling to cope with the influx of migrant workers from nearby villages. ""The slums are overflowing, there's poor sanitation and frequent outbreaks of diseases. The municipal authorities are overwhelmed,"" says social worker Seema Rani. Unplanned urbanization is straining the limited resources of small towns, highlighting the need for better coordination between rural development and urban planning.",62,en,synthetic_sdg11,synthetic,2026-05-13,[11],11,,high,"This chunk discusses the challenges of unplanned urban growth driven by rural-urban migration, which aligns with SDG 11 on sustainable communities and cities.",11
23bde42a,"Farmers in Sangrur district have banded together to build a community center in their village. ""Earlier, we had nowhere to gather as a community. Now we have a space for meetings, cultural events and even adult education classes,"" says Sukhvinder Kaur, a small landowner. Such community-driven initiatives can complement government efforts to build livable rural settlements and foster greater social cohesion.",61,en,synthetic_sdg11,synthetic,2026-05-13,[11],11,,high,"This chunk discusses community-led efforts to create public spaces in villages, which aligns with SDG 11 on sustainable communities.",11
e4bdc768,"The Pradhan Mantri Awas Yojana has helped transform housing in Amritsar district, but many challenges remain. ""My new pucca house is much better than the mud hut we had before. But the village still lacks proper drainage, waste collection and street lights,"" says Kulwinder Kaur, a small farmer. Comprehensive rural development requires addressing infrastructure gaps beyond just housing to make villages truly livable and sustainable.",65,en,synthetic_sdg11,synthetic,2026-05-13,[11],11,,high,"This chunk discusses the need for holistic rural infrastructure development beyond just housing, which aligns with SDG 11 on sustainable communities.",11
504efc4e,"Swachh Bharat has helped make Jalandhar district open defecation free, but many villages still struggle with waste management. ""We have toilets now, but no system for collecting and disposing garbage. It piles up in the streets, attracting stray animals and causing health hazards,"" says Sukhwinder, a farmer. Effective solid waste management remains a key challenge in transforming rural settlements into truly sustainable communities.",63,en,synthetic_sdg11,synthetic,2026-05-13,[11],11,,high,"This chunk discusses the challenge of solid waste management in rural areas, which is an important component of sustainable communities under SDG 11.",11
7668b884,"Farmers in Ludhiana district are using MGNREGA funds to build a network of village ponds and recharge wells. ""The groundwater table was dropping fast, but now the ponds are helping recharge our tube wells. This will ensure a sustainable water supply for our fields and homes,"" says Harjinder Singh, a paddy and wheat grower. Such community-driven natural resource management initiatives can complement government efforts to build climate-resilient rural infrastructure.",69,en,synthetic_sdg11,synthetic,2026-05-13,[11],11,,high,"This chunk discusses community efforts to manage natural resources, which is an important aspect of building sustainable rural communities under SDG 11.",11
5f0b9481,"Residents of Abohar town in Fazilka district are demanding better public transport links to nearby villages. ""Our youth have to walk miles to reach the nearest bus stop. This makes it hard for them to access jobs and education in the town,"" says Surinder Kaur, a social worker. Improving rural-urban connectivity through better roads and public transit is crucial for building livable settlements and stemming outward migration.",67,en,synthetic_sdg11,synthetic,2026-05-13,[11],11,,high,"This chunk discusses the need for improved rural-urban connectivity through public transport, which is an important aspect of sustainable communities under SDG 11.",11
646b0edc,"Panchayats in Bathinda district are utilizing MGNREGA to build multi-purpose community centers in their villages. ""These centers will host adult literacy classes, vocational training and cultural events. It will bring the community together and provide important services,"" says Sarpanch Kulwinder Kaur. However, lack of funds and technical capacity often hinder panchayats from realizing their vision of comprehensive village development.",59,en,synthetic_sdg11,synthetic,2026-05-13,[11],11,,high,"This chunk discusses panchayat-led efforts to build community infrastructure, which aligns with SDG 11 on sustainable communities.",11
0124ef0d,"The Pradhan Mantri Awas Yojana has helped transform housing in Ludhiana district, but many challenges remain. ""My new pucca house is much better, but the village still lacks proper drainage, waste collection and street lights,"" says Gurpreet Singh, a small farmer. Comprehensive rural development requires addressing infrastructure gaps beyond just housing to make villages truly livable and sustainable.",58,en,synthetic_sdg11,synthetic,2026-05-13,[11],11,,high,"This chunk discusses the need for holistic rural infrastructure development beyond just housing, which aligns with SDG 11 on sustainable communities.",11
60b95e68,"Panchayat leaders in Mansa district are working to transform their villages through careful planning. ""We've mapped out where to build more community halls, upgrade internal roads and lay proper drainage. This will make the village more livable and stem the tide of young people leaving for the cities,"" says Sarpanch Kulwinder Kaur. However, budget constraints and lack of technical expertise often hamper panchayat efforts to build sustainable rural settlements.",69,en,synthetic_sdg11,synthetic,2026-05-13,[11],11,,high,"This chunk discusses panchayat-led planning efforts to improve rural infrastructure and amenities, which aligns with SDG 11 on sustainable communities.",11
04f23d70,"The Beas river in Hoshiarpur district frequently floods, destroying many mud and thatch homes. ""Our house got washed away 3 times in the last 5 years. We had to rebuild from scratch each time,"" laments Kulwinder, a small farmer. The lack of disaster-resilient housing leaves vulnerable communities exposed. The Pradhan Mantri Awas Yojana is helping, but progress is slow, with many villages yet to be covered by the scheme.",69,en,synthetic_sdg11,synthetic,2026-05-13,[11],11,,high,"This chunk discusses the vulnerability of rural housing to natural disasters, and the role of the PMAY scheme in building resilient communities, which aligns with SDG 11.",11
d43ef728,"Jagraon town in Ludhiana district is seeing a rapid influx of young migrants from nearby villages. ""There's no future in farming anymore. I came to the mandi to work as a laborer, but the slum conditions are terrible - no clean water, proper housing or community spaces,"" says Harinder, a 22-year-old from Ludhiana. The lack of liveable rural settlements is driving this urban migration, straining services in small towns that are ill-equipped to handle the growth.",76,en,synthetic_sdg11,synthetic,2026-05-13,[11],11,,high,"This chunk discusses rural-urban migration and the challenges it poses for sustainable development of small towns, which aligns with SDG 11 on sustainable communities.",11
353ce964,"In Moga district, wheat and paddy farmers have become dependent on chemical pesticides and fertilizers, causing alarming health issues in villages. Locals report rising cancer cases linked to the overuse of toxic sprays. The state government's attempts to promote organic farming have had little impact, as entrenched practices are hard to change. Villagers seek subsidies and training to transition to sustainable agriculture that protects soil fertility and public health.",69,en,synthetic_sdg12,synthetic,2026-05-13,[12],12,,high,"This chunk discusses the overuse of pesticides and fertilizers in Punjab, which is a key issue related to SDG 12 on sustainable consumption and production.",12
9bea2396,"Stubble burning after the paddy harvest is a major contributor to air pollution in rural Punjab. Farmers often lack affordable alternatives to clear fields quickly for the next wheat crop. The smog chokes nearby towns, causing respiratory illnesses. Local officials have tried to ban the practice, but cash-strapped farmers struggle to invest in machinery for sustainable stubble management. Urgent action is needed to provide subsidies and technical support to shift toward cleaner agricultural methods.",74,en,synthetic_sdg12,synthetic,2026-05-13,[12],12,,high,"This chunk focuses on the issue of stubble burning, which is a major contributor to pollution and unsustainable agricultural practices, directly related to SDG 12.",12
def5e673,"Crop residue from the wheat-paddy cycle in Punjab is often burned, releasing harmful pollutants. This practice depletes soil nutrients and organic matter over time. Some progressive farmers have adopted techniques like in-situ residue management, using happy seeders to sow wheat directly into paddy stubble. However, the high cost of machinery is a barrier. The state government must provide subsidies and create awareness to incentivize sustainable stubble management for improved soil health and reduced air pollution.",75,en,synthetic_sdg12,synthetic,2026-05-13,[12],12,,high,"This chunk discusses the issue of crop residue management and the need for sustainable practices to address both soil health and air pollution, which are key aspects of SDG 12.",12
d31e29be,"In Fazilka district, a group of organic farmers have formed a cooperative to grow and market chemical-free produce. They use vermicompost, green manure, and natural pest control methods on their small landholdings. The cooperative's organic basmati rice and vegetables fetch premium prices in urban markets. However, the high initial investment and lack of government support make it challenging for more farmers to transition. Policymakers must prioritize incentives and extension services to scale up organic farming in the state.",78,en,synthetic_sdg12,synthetic,2026-05-13,[12],12,,high,"This chunk focuses on the promotion of organic farming as a sustainable agricultural practice, which is a key component of SDG 12.",12
71fcf0fa,"Despite being the food bowl of India, Punjab faces significant post-harvest food losses due to inadequate storage and transportation infrastructure. Farmers in Bathinda often resort to distress sales of their wheat and paddy crops, as they lack access to modern silos and cold storage facilities. This results in substantial wastage and reduced incomes. The state government must invest in upgrading rural supply chain infrastructure to minimize food losses and ensure sustainable food systems, as per the goals of SDG 12.",80,en,synthetic_sdg12,synthetic,2026-05-13,[12],12,,high,"This chunk addresses the issue of food waste and loss in the post-harvest supply chain, which is a key focus area of SDG 12 on sustainable consumption and production.",12
88debcd3,"Farmers in Ludhiana have started experimenting with natural farming techniques, moving away from the conventional wheat-paddy rotation. They use cow dung, vermicompost, and bio-pesticides instead of chemical inputs. These methods have improved soil health and reduced input costs, leading to better yields. However, the transition is challenging due to the lack of extension support and market linkages for organic produce. The state must incentivize sustainable agriculture practices to secure the long-term fertility of Punjab's farmlands.",75,en,synthetic_sdg12,synthetic,2026-05-13,[12],12,,high,"This chunk highlights the adoption of sustainable, organic farming practices by some farmers in Punjab, which is a key component of SDG 12.",12
a1f17b17,"In the Malwa region of Punjab, the overuse of chemical fertilizers has degraded soil quality, leading to declining crop yields. Farmers report that their lands no longer produce the same abundant harvests as in the past. Some are experimenting with integrated nutrient management, using a mix of organic and inorganic sources. But the lack of knowledge and affordable alternatives to urea and DAP hinders a wider shift to sustainable soil management. The state extension system must urgently address this crisis to ensure the long-term productivity of Punjab's farmlands.",88,en,synthetic_sdg12,synthetic,2026-05-13,[12],12,,high,"This chunk discusses the issue of soil degradation due to overuse of chemical fertilizers, which is a key challenge related to sustainable consumption and production under SDG 12.",12
1029d100,"In Jalandhar district, a women-led cooperative is promoting organic kitchen gardens to reduce food waste and encourage sustainable consumption. Members grow a variety of vegetables, herbs, and fruits using natural farming methods. They share tips on composting, water conservation, and pest management. The cooperative also organizes awareness campaigns in local communities to highlight the benefits of home-grown, chemical-free produce. Such initiatives can inspire more households to adopt sustainable food production and consumption practices, as envisioned under SDG 12.",78,en,synthetic_sdg12,synthetic,2026-05-13,[12],12,,high,"This chunk focuses on a community-level initiative promoting sustainable food production and consumption through organic kitchen gardens, which aligns with the objectives of SDG 12.",12
25ee2c47,"Paddy cultivation in Punjab consumes large volumes of groundwater, leading to a rapid depletion of aquifers. Farmers are increasingly adopting direct seeding techniques that reduce water use compared to traditional transplanting methods. However, the practice also leads to higher weed growth and pest infestations, prompting greater pesticide application. Policymakers must devise integrated solutions that incentivize water-efficient and chemical-free paddy cultivation to ensure the long-term sustainability of Punjab's agriculture sector, as per SDG 12 targets.",74,en,synthetic_sdg12,synthetic,2026-05-13,[12],12,,high,"This chunk addresses the issue of unsustainable water use and the associated increase in pesticide use for paddy cultivation, which are key challenges under SDG 12.",12
626e014b,"In Mansa district, a group of progressive farmers have set up a community-owned organic produce store. They sell a range of chemical-free vegetables, fruits, and grains directly to local consumers, cutting out middlemen. The store has gained popularity, as urban residents become more aware of the health and environmental benefits of organic food. However, the limited supply and higher prices compared to conventionally grown produce remain barriers to wider adoption. The government must prioritize policies to scale up organic farming and improve market access for sustainable agriculture.",87,en,synthetic_sdg12,synthetic,2026-05-13,[12],12,,high,"This chunk highlights a community-led initiative to promote the marketing and consumption of organic, sustainable produce, which is a key aspect of SDG 12.",12
338604c5,"Farmers in Ludhiana have reported a significant decline in the population of beneficial insects like bees and butterflies in their fields. They attribute this to the extensive use of broad-spectrum pesticides that kill both pests and pollinators. The loss of biodiversity threatens the long-term productivity of Punjab's agricultural system. Policymakers must urgently promote integrated pest management practices and restrict the use of highly toxic chemicals to protect the ecological balance, as envisioned under SDG 12 on responsible consumption and production.",80,en,synthetic_sdg12,synthetic,2026-05-13,[12],12,,high,"This chunk discusses the negative impact of pesticide overuse on biodiversity, which is a key consideration under the sustainable agriculture and consumption aspects of SDG 12.",12
c8427ede,"In Patiala district, a group of women from farming families have started a community-based food processing unit. They collect surplus produce from local smallholders, process it into jams, pickles, and chutneys, and sell the value-added products in urban markets. This initiative not only reduces post-harvest food waste but also provides supplementary income to the women. Such decentralized, community-driven models of sustainable food systems can inspire similar enterprises across rural Punjab, as envisioned under SDG 12.",75,en,synthetic_sdg12,synthetic,2026-05-13,[12],12,,high,"This chunk focuses on a community-based food processing initiative that reduces food waste and creates sustainable livelihoods, aligning with the objectives of SDG 12.",12
4a57eac4,"Farmers in Muktsar district have observed a worrying trend of increasing weed infestations in their paddy fields. They attribute this to the excessive use of herbicides, which have disrupted the natural balance of their ecosystems. The overreliance on chemical inputs has also led to a decline in soil fertility and beneficial microorganisms. Some progressive farmers are experimenting with integrated weed management techniques, using a combination of manual, mechanical, and biological methods. The state must promote such sustainable practices to restore the health of Punjab's farmlands.",85,en,synthetic_sdg12,synthetic,2026-05-13,[12],12,,high,"This chunk discusses the negative impacts of overusing herbicides and the need for more sustainable weed management practices, which aligns with the goals of SDG 12.",12
b3b5ec0c,"In Sangrur district, a group of organic farmers have formed a cooperative to market their produce directly to urban consumers. They grow a diverse range of fruits, vegetables, and cereals using natural farming methods. The cooperative's organic basmati rice, millets, and seasonal produce fetch premium prices, providing fair incomes to the farmers. However, the lack of processing and storage facilities limits their ability to meet the growing demand for sustainable food. The state government must invest in rural infrastructure to support the expansion of organic agriculture in Punjab.",88,en,synthetic_sdg12,synthetic,2026-05-13,[12],12,,high,"This chunk highlights a community-based initiative to market organic, sustainable produce directly to consumers, which is a key aspect of SDG 12.",12
29101b20,"Farmers in Amritsar district have reported a concerning rise in the incidence of cancer and other health issues among their communities. They believe this is linked to the extensive use of pesticides and herbicides in their wheat and paddy fields. Some have started experimenting with natural pest control methods, like using neem extracts and beneficial insects. However, the lack of technical knowledge and affordable alternatives to synthetic chemicals remains a barrier. Policymakers must urgently address this public health crisis by promoting sustainable agriculture practices that protect both the environment and human wellbeing.",92,en,synthetic_sdg12,synthetic,2026-05-13,[12],12,,high,"This chunk discusses the adverse health impacts of pesticide overuse, which is a key challenge related to sustainable consumption and production under SDG 12.",12
ab5f1676,"In Hoshiarpur district, a group of paddy farmers have started using the 'system of rice intensification' (SRI) method, which reduces water and chemical inputs while improving yields. They transplant young seedlings, maintain intermittent irrigation, and use organic fertilizers. This has led to significant savings in water and a decrease in greenhouse gas emissions compared to traditional paddy cultivation. However, the labor-intensive nature of SRI and the lack of extension support hinder wider adoption. The state must incentivize such sustainable farming techniques to ensure the long-term viability of Punjab's agriculture sector.",90,en,synthetic_sdg12,synthetic,2026-05-13,[12],12,,high,"This chunk focuses on the adoption of the system of rice intensification (SRI) method, which is a sustainable agricultural practice aligned with the goals of SDG 12.",12
15a6e5ba,"Farmers in Bathinda district have expressed concerns over the rising cost of chemical fertilizers and pesticides, which have eroded their profit margins. Some are experimenting with organic manures and bio-pesticides, but the lack of accessible information and supply chains hinders a widespread shift. The state's extension services must urgently address this issue by providing training, subsidies, and market linkages for sustainable agriculture. Reducing the dependence on costly synthetic inputs is crucial for ensuring the long-term viability and profitability of Punjab's farming communities.",82,en,synthetic_sdg12,synthetic,2026-05-13,[12],12,,high,"This chunk discusses the financial challenges faced by farmers due to the high cost of chemical inputs, and the need to promote more sustainable and affordable farming practices, which aligns with the objectives of SDG 12.",12
acb22b41,"In Gurdaspur district, a group of progressive farmers have started using laser land leveling technology to optimize water and input use in their paddy and wheat fields. This precision farming technique ensures uniform distribution of irrigation water and fertilizers, leading to higher yields with fewer resources. However, the high upfront cost of the laser leveler equipment is a barrier for small and marginal farmers. The state government must provide subsidies and easy financing options to encourage the widespread adoption of such sustainable agricultural practices in Punjab.",86,en,synthetic_sdg12,synthetic,2026-05-13,[12],12,,high,"This chunk focuses on the use of precision farming technology to optimize resource use in agriculture, which is a key aspect of sustainable consumption and production under SDG 12.",12
13601149,"Farmers in Malerkotla district have reported a concerning decline in the availability of water for irrigation, as the groundwater table continues to deplete rapidly. This has forced them to invest in deeper tube wells and use more energy-intensive pumps, leading to higher cultivation costs. Some progressive farmers have started adopting water-efficient techniques like drip irrigation and direct seeding of rice, but the lack of government support and high initial investments limit widespread adoption. Policymakers must prioritize policies to promote sustainable water management in Punjab's agriculture sector, as envisioned under SDG 12.",91,en,synthetic_sdg12,synthetic,2026-05-13,[12],12,,high,"This chunk discusses the issue of unsustainable water use in agriculture and the need for water-efficient farming practices, which is a key focus area of SDG 12.",12
b06f0226,"In Fatehgarh Sahib district, a group of women have started a community-based food processing enterprise, leveraging surplus produce from local smallholder farms. They collect fruits, vegetables, and grains, and process them into value-added products like jams, pickles, and flour. This not only reduces post-harvest food waste but also provides supplementary income to the women. The cooperative also organizes awareness campaigns on sustainable consumption and production practices. Such decentralized, community-driven initiatives can inspire similar models across rural Punjab to achieve the goals of SDG 12.",84,en,synthetic_sdg12,synthetic,2026-05-13,[12],12,,high,"This chunk focuses on a community-based food processing enterprise that reduces food waste and promotes sustainable livelihoods, which aligns with the objectives of SDG 12.",12
